npm warn Unknown env config "http-proxy". This will stop working in the next major version of npm.

> test
> node scripts/test-runner.mjs

✔ persistent Android identity, SDK, lockfile and approved artwork agree (7.306149ms)
✔ native audit rejects package drift, insecure content and exposed WebView debugging (2.519606ms)
✔ Android version parser accepts future releases and rejects invalid Play codes (1.701554ms)
✔ Android workflow is artifact-only and does not regenerate the project or migrate (0.578322ms)
✔ Settings does not advertise an Android artifact that has not been published (0.324579ms)
✔ non-canvas app with no custom card gets a soft BRAND NOTE (utility exception) (2.662573ms)
✔ non-canvas app with a compliant card is silent (1.574582ms)
✔ card file without site.json card=custom warns (0.760305ms)
✔ card file with missing site.json warns for card=custom (0.732013ms)
✔ card file with invalid site.json warns for card=custom (0.82283ms)
✔ oversized card warns for non-canvas apps too (1.790257ms)
✔ canvas app with no card warns 'missing' and missing og:type (0.627836ms)
✔ canvas card without type still warns for og:type (0.648737ms)
✔ oversized card warns on the scraper budget (jpg and legacy png) (2.369781ms)
✔ compliant game (custom card + site.json type + x-banner) is silent (0.99497ms)
✔ __root.tsx og:type no longer satisfies the canvas gate (1.326269ms)
✔ oversized x-banner warns on the same scraper budget as og.jpg (1.031995ms)
✔ legacy png + site.json type still needs the X feed card (0.691152ms)
✔ siteDeclaresOgTypeGame reads the site contract (0.169235ms)
✔ a fresh og-pending marker silences the whole gate view (0.515347ms)
✔ a stale og-pending marker is ignored and the warnings return (0.446193ms)
✔ the marker goes stale on the clock, not on the file (0.5836ms)
✔ no marker means nothing is in flight (0.331429ms)
✔ parseBrandCheckArgs takes --game, --placeholder-ok and --root, and rejects the rest (0.360063ms)
✔ cli: a game missing its card reports JSON and exits 1 (84.537718ms)
✔ cli: a compliant game passes (72.594771ms)
✔ cli: the task's own marker is reported, not honoured (69.258704ms)
✔ cli: a bad argument fails with JSON on stderr (53.177011ms)
✔ cli: a non-game with no card fails too — the pass exists to produce one (98.185979ms)
✔ cli: --placeholder-ok is how a plain-utility pass reports no card as expected (260.117567ms)
✔ cli: a non-game with a compliant card passes (106.353351ms)
﹣ SKILL.md and AGENTS.md name the marker path and bound this script uses (0.106721ms) # External workspace OG documentation package is not installed in this checkout
﹣ the sections that own the brand-task prohibition never affirm a wait (0.089084ms) # External workspace OG documentation package is not installed in this checkout
﹣ SKILL.md tells the pass to self-check with the flag this CLI accepts (0.041362ms) # External workspace OG documentation package is not installed in this checkout
✔ browser acceptance rejects source/output drift and auth-disabled previews (12.130109ms)
✔ unfinished builds and sources changed during compilation cannot be blessed (11.995787ms)
✔ normalizes whitespace before hashing (3.038799ms)
✔ nullish and blank body text normalize to the empty string (0.237438ms)
✔ body text prefix is normalized and capped (0.168934ms)
✔ identical runs do not diverge (1.340159ms)
✔ status change diverges (0.57727ms)
✔ title change diverges (0.198799ms)
✔ title comparison is skipped when either side lacks one (0.189696ms)
✔ canvas disappearing diverges; canvas appearing does not (0.385962ms)
✔ horizontal overflow appearing diverges; clearing does not (2.264582ms)
✔ new console errors diverge (0.409457ms)
✔ errors already present in the baseline do not re-diverge (0.2189ms)
✔ body text collapse diverges (0.367915ms)
✔ body text dropping to zero reports collapse (0.392261ms)
✔ zero-length baseline reports growth via the hash branch, not collapse (0.1459ms)
✔ hash mismatch with a trivial length delta and same page start is tolerated (0.120071ms)
✔ hash mismatch with a trivial length delta but changed page start diverges (0.116706ms)
✔ prefix check is skipped when either side lacks a prefix (0.231038ms)
✔ length-delta tolerance boundary: 50 tolerated, 51 diverges (500-char baseline) (0.161343ms)
✔ length-delta floor dominates small baselines: 20 tolerated, 21 diverges (100-char baseline) (0.121834ms)
✔ collapse boundary: exactly half is 'changed', one below is 'collapsed' (0.154262ms)
✔ missing baseline viewport diverges (0.09981ms)
✔ empty or null baseline diverges for every viewport (0.190677ms)
✔ degenerate current verdict fails closed (0.215455ms)
✔ multiple signals across viewports all accumulate (0.098769ms)
✔ baselineComparison round-trips a valid baseline (0.263297ms)
✔ baselineComparison fails closed on malformed or wrong-shape baselines (0.251248ms)
✔ parseSmokeArgs defaults (0.43137ms)
✔ parseSmokeArgs consumes --baseline without shifting positionals (0.131268ms)
✔ parseSmokeArgs rejects a trailing --baseline flag (0.076175ms)
✔ parseSmokeArgs supports the --baseline= form (0.068323ms)
✔ parseSmokeArgs rejects unknown flags instead of treating them as positionals (0.067843ms)
✔ parseSmokeArgs env fallback and flag precedence (0.11298ms)
✔ derivedPaths handles .png, .PNG, and extensionless inputs (0.297158ms)
✔ exitCodeFor: clean run exits 0 (0.148143ms)
✔ exitCodeFor: errors in any single viewport exit 2 (0.140652ms)
✔ exitCodeFor: navigation failure in any viewport exits 1, beating errors (0.123236ms)
✔ exitCodeFor: 4xx boundary and missing status (0.195294ms)
✔ exitCodeFor: no viewport data is a failure (0.101563ms)
✔ browser-smoke wires the guard and verdict helpers (0.506814ms)
✔ browser-smoke file I/O only touches guarded paths (0.626514ms)
✔ casino evidence JSON is parseable; truncated ledgers cannot masquerade as complete (22.528358ms)
✔ keyed manifests preserve state names and integration override precedence (2.128628ms)
✔ missing or malformed jurisdiction objects fail closed (0.512973ms)
✔ nearby same-name rows reconcile once with latest ID and metadata (0.797321ms)
✔ same ID at distinct locations remains a hard failure (0.168334ms)
✔ small successive moves cannot conceal a distant same-ID conflict (0.291359ms)
✔ distant same-name destinations with distinct IDs are retained (0.256286ms)
✔ complete jurisdiction counts reject both missing and excess destinations (0.279371ms)
✔ legacy IDs use exported jurisdiction metadata rather than ID prefixes (0.289866ms)
✔ invalid coordinates, jurisdictions and complete-count values fail closed (0.304488ms)
✔ pending decision universes are not treated as runtime quotas (0.2916ms)
✔ nearby same-ID records with a renamed property use latest metadata (0.198819ms)
✔ missing identities cannot silently disappear from the audit (0.189556ms)
✔ every active jurisdiction needs an explicit manifest status (0.280192ms)
✔ unknown totals are allowed only for explicitly pending jurisdictions (0.301925ms)
✔ a supplied pending count must still be a positive integer (0.203016ms)
✔ authoritative sources and allowed status values remain required (0.15921ms)
✔ Beau Rivage keeps its original stable ID and one latest-property destination (126.956868ms)
✔ MGM Grand Las Vegas keeps its original stable ID and one latest-property destination (41.690743ms)
✔ audit follows runtime registration, including renamed imports (22.744433ms)
✔ unregistered imports and unknown runtime arrays fail closed (3.001263ms)
✔ duplicate, skipped and out-of-order passes cannot change audit precedence (0.928219ms)
✔ empty or missing runtime registration cannot pass validation (0.511541ms)
✔ real exported factory IDs and metadata survive loading (56.081789ms)
✔ missing or empty module exports fail instead of undercounting (14.611657ms)
✔ resumed additions preserve explicit point evidence, casino schema and active canonical identity (5.288439ms)
✔ local operator aliases merge without losing canonical points or merging distant same-brand casinos (9.358452ms)
✔ neighboring Otoe-Missouria casino floors and related travel components retain separate identity (0.672603ms)
✔ Casino Oklahoma uses its named casino point and routing street, separately from Sugar Creek (1.583717ms)
✔ Golden Eagle casinos in Oklahoma and Kansas survive identical names across states (0.336617ms)
✔ Prairie Sun closure cannot be revived by stale live tags or suppress current Prairie Moon (1.792991ms)
✔ new operator aliases cannot merge nearby independently operated casino floors (2.719027ms)
✔ reconciled travel-center destinations use the right city and current postal identity (0.507585ms)
[discovery] provider-chain {
  mode: 'nightlife',
  source: 'live',
  durationMs: 3,
  budgetExhausted: false,
  attempts: [ { mirror: 1, durationMs: 2, outcome: 'empty' } ]
}
[discovery] provider-chain {
  mode: 'nightlife',
  source: 'fallback',
  durationMs: 0,
  budgetExhausted: false,
  attempts: [
    { mirror: 1, durationMs: 0, outcome: 'network-error' },
    { mirror: 2, durationMs: 0, outcome: 'network-error' },
    { mirror: 3, durationMs: 0, outcome: 'network-error' },
    { mirror: 4, durationMs: 0, outcome: 'network-error' }
  ]
}
✔ invalid query coordinates and nonfinite radii cannot reach providers (1.637708ms)
✔ malformed provider records are discarded individually (1.350094ms)
✔ casino words in an unrelated bar name do not satisfy the casino filter (0.350108ms)
✔ closed property holds are geographically scoped and cannot suppress successors (0.267553ms)
✔ lifecycle tags exclude inactive venues but preserve a current repurposed bar (0.154703ms)
✔ same-brand neighboring casino floors do not borrow each other's live metadata (0.602468ms)
✔ canonical casino location and identity survive live merging (0.231348ms)
✔ valid empty responses remain empty results; invalid JSON shape falls back (5.322551ms)
✔ provider outages preserve the complete local canonical casino pool (6.128084ms)
✔ malformed optional fields cannot poison a provider response or create unsafe actions (1.149232ms)
✔ generic casino names cannot collapse distinct nearby properties into an empty identity (0.348044ms)
✔ reviewed predecessor names merge only into the same nearby current property (1.84521ms)
✔ closed Oklahoma predecessors stay excluded without suppressing operating successors (0.277808ms)
✔ Golden Pony closure cannot be revived by stale live tags or suppress unrelated places (0.183597ms)
✔ final casino aliases preserve canonical routing and do not absorb distant same-name properties (3.896081ms)
✔ nearby final-pass casinos remain distinct even inside the alias distance threshold (1.218696ms)
✔ same-brand town names and Pawnee satellite aliases cannot redirect live details to another casino (1.22821ms)
✔ Gold Town closure rejects stale casino tags while nearby Pahrump properties survive (1.906913ms)
✔ conflicting casino map metadata cannot replace the reviewed property or component point (0.373643ms)
✔ freeze accounting preserves resolved holds, unresolved candidates and historical rows honestly (11.84579ms)
✔ captured live casino responses exclude closed aliases and reconcile the reviewed regional pools (4.726142ms)
✔ Pass 50 has exactly four distinct evidence-backed physical destinations (2.498104ms)
✔ runtime points use source destination fields, never map viewport centres (1.419529ms)
✔ Cadence Crossing remains tied to corrected named-property evidence (13.715407ms)
[discovery] provider-chain {
  mode: 'nightlife',
  source: 'fallback',
  durationMs: 2,
  budgetExhausted: false,
  attempts: [
    { mirror: 1, durationMs: 1, outcome: 'malformed' },
    { mirror: 2, durationMs: 0, outcome: 'malformed' },
    { mirror: 3, durationMs: 1, outcome: 'malformed' },
    { mirror: 4, durationMs: 1, outcome: 'malformed' }
  ]
}
[discovery] provider-chain {
  mode: 'nightlife',
  source: 'error',
  durationMs: 1,
  budgetExhausted: false,
  attempts: [
    { mirror: 1, durationMs: 1, outcome: 'malformed' },
    { mirror: 2, durationMs: 0, outcome: 'malformed' },
    { mirror: 3, durationMs: 0, outcome: 'malformed' },
    { mirror: 4, durationMs: 0, outcome: 'malformed' }
  ]
}
[discovery] provider-chain {
  mode: 'nightlife',
  source: 'live',
  durationMs: 0,
  budgetExhausted: false,
  attempts: [ { mirror: 1, durationMs: 0, outcome: 'empty' } ]
}
✔ global manual origins retain final-pass casino identities and routing through actual discovery handlers (13.235965ms)
✔ switching a casino origin internationally keeps bounded closures local and preserves exact GPS coordinates (5.827532ms)
✔ incomplete provider replies retain honest casino fallback and international errors while valid empty replies stay empty (8.243662ms)
✔ current RC points match observed destination or named source fields (2.317642ms)
✔ rejected map centres cannot silently replace verified casino points (0.945254ms)
✔ current casinos survive while all reviewed closure aliases remain out of the curated catalog (9.570251ms)
✔ newly registered destinations preserve numerical property evidence and scope decisions (1.817689ms)
✔ additions enter once while pin corrections retain IDs and historical evidence (2.27653ms)
✔ nearby branded buildings and separately operated Oneida venues survive canonicalization (0.646254ms)
✔ final adversarial additions and correction preserve observed property destinations (2.760921ms)
✔ Slot Palace routing uses its operator directions address and preserves the separate resort (0.667206ms)
✔ final frontier destinations retain property evidence and survive all closure scopes (2.694781ms)
✔ casino floors remain distinct from nearby casino properties, off-site lodges and closed predecessors (0.693485ms)
✔ recent legacy exports retain their latest source identity and property point (3.683771ms)
✔ every serialized runtime casino satisfies the application data schema (8.544735ms)
✔ missing required fields, duplicate type tags, wrong categories and malformed nulls fail (0.434194ms)
✔ coordinate range, state leakage and jurisdiction disagreement are rejected (0.264909ms)
✔ new passes cannot activate without identity and coordinate evidence (0.281154ms)
✔ unsafe website schemes cannot enter destination actions (0.213933ms)
✔ strict open-now requires known open hours; default exposes saved destinations honestly (1.769777ms)
✔ casino type, radius and known/unknown price filters compose (0.202335ms)
✔ favorites, permanent exclusions and expiring exclusions protect selection (0.362746ms)
✔ empty and singleton pools terminate with correct option counts (0.276506ms)
✔ options never return duplicate identifiers or mutate the input (0.158309ms)
✔ energy and repeat penalties influence weighted picks without excluding all shown places (0.189295ms)
✔ large catalog sampling retains Unicode names and distinct options (22.394426ms)
✔ the flag predicate matches src/lib/auth (2.09015ms)
✔ reads the value a live dev server resolved (0.329767ms)
✔ a server started without the flag reads as sign-in on (0.195043ms)
✔ agreement passes (0.354434ms)
✔ divergence fails in either direction (0.332522ms)
✔ an unobservable dev server is indeterminate, not agreement (0.148945ms)
✔ a dev server that cannot be reached probes as null (0.247493ms)
✔ a server without the endpoint probes as null, not as agreement (0.339462ms)
✔ only a divergence warns the smoke verdict (1.132938ms)
✔ the build side resolves the template's shipped app-env (0.6705ms)
✔ the CLI reports rather than silently passing when run via a symlink (86.401476ms)
✔ Anything coverage satisfies every later category and subset without acquiring again (3.653475ms)
✔ coverage is category-specific within a group; only missing types are requested (9.139262ms)
✔ valid-empty coverage is reusable and preserves its origin; failed/cancelled categories stay missing (0.452893ms)
✔ complete fallback and legacy missing metadata never establish reusable live coverage (0.260332ms)
✔ cached successes plus fresh failure preserve partial live data and disjoint category outcomes (0.85647ms)
✔ cached live success survives missing-category transport failure without asserting coverage (0.339202ms)
✔ radius narrowing reuses larger coverage but widening cannot use a narrower entry (0.403879ms)
✔ latitude separates incompatible cache coverage (0.217548ms)
✔ longitude separates incompatible cache coverage (0.242665ms)
✔ Halloween activation separates incompatible cache coverage (0.432993ms)
✔ semantic version separates incompatible cache coverage (0.207212ms)
✔ TTL expires exactly at bound; reads and fresh missing-category combinations never rejuvenate old coverage (0.825865ms)
✔ new valid-empty category coverage cannot resurrect old venues through a reused superset (0.873386ms)
✔ equal-timestamp freshness uses admission order even after an older superset becomes most recently used (0.459212ms)
✔ V-DR-02: maxEntries eviction cannot resurrect superseded Corn (increasing timestamps) (4.28679ms)
✔ V-DR-02: maxEntries eviction cannot resurrect superseded Corn (equal timestamps) (0.343057ms)
✔ V-DR-02: maxVenues eviction cannot resurrect superseded Corn (increasing timestamps) (0.823871ms)
✔ V-DR-02: maxVenues eviction cannot resurrect superseded Corn (equal timestamps) (0.297258ms)
✔ V-DR-02: radius 50→15 supersession is durable and never claims wider coverage (0.413313ms)
✔ V-DR-02: radius 15→50 supersession is durable and never claims wider coverage (0.217468ms)
✔ V-DR-02: supersession lasts through the old TTL and never rejuvenates unaffected Movies (0.294995ms)
✔ V-DR-02: successful coverage for another latitude cannot supersede this signature (0.193531ms)
✔ V-DR-02: successful coverage for another longitude cannot supersede this signature (0.150687ms)
✔ V-DR-02: successful coverage for another Halloween activation cannot supersede this signature (0.116425ms)
✔ V-DR-02: successful coverage for another semantic version cannot supersede this signature (0.120591ms)
✔ V-DR-02: valid-empty supersession retains full classification and evidence for an identity still reused through Movies (0.291429ms)
✔ V-DR-02: rejected fallback response cannot supersede successful older coverage (0.237739ms)
✔ V-DR-02: rejected failed response cannot supersede successful older coverage (0.10651ms)
✔ V-DR-02: rejected cancelled response cannot supersede successful older coverage (0.089745ms)
✔ V-DR-02: rejected cache-hit response cannot supersede successful older coverage (0.084707ms)
✔ V-DR-02: rejected legacy response cannot supersede successful older coverage (0.092429ms)
✔ V-DR-02: rejected oversize response cannot supersede successful older coverage (0.128824ms)
✔ V-DR-02: partial success supersedes only its successful categories (0.193262ms)
✔ V-DR-02: an entry with all coverage superseded retains terminal identity evidence until TTL (0.421956ms)
✔ LRU entry and aggregate raw-venue caps evict whole entries without truncated coverage (0.738422ms)
✔ cache assembly preserves catalog aliases, full evidence, hours precedence and lifecycle in either insertion order (0.606313ms)
✔ fresh cross-category lifecycle evidence suppresses an older cached active identity without adding coverage (0.436969ms)
✔ actual DateNightHome: Anything→subsets and every local-only filter reuse data without network (448.197078ms)
✔ actual DateNightHome: stale persisted unknown categories recover to Anything without weakening RPC validation (6.560486ms)
✔ actual DateNightHome: subset then mixed selection fetches only missing categories (4.434051ms)
✔ actual DateNightHome: bounded missing-category timeout preserves cached live contribution and partial warning (8.995074ms)
✔ actual DateNightHome: TTL refreshes on next category acquisition, not local-only toggles or elapsed time (5.583164ms)
✔ actual DateNightHome: radius widening schedules an outer patch; narrowing reuses core without RPC (16.83638ms)
✔ actual DateNightHome: late replacement response cannot seed reusable cache (6.983874ms)
✔ actual DateNightHome: late timeout response cannot seed reusable cache (8.130502ms)
✔ actual DateNightHome: component cache lifetime does not survive unmount or contaminate another session (6.398602ms)
✔ Date Night hedge mirror 2 wins at 1500ms and cancels losing attempts (20.3136ms)
✔ Date Night hedge mirror 3 wins at 3000ms and cancels losing attempts (2.421979ms)
✔ Date Night hedge mirror 4 wins at 4500ms and cancels losing attempts (1.53978ms)
✔ Date Night all fetch stalls settle by 12.5s even when abort is honored (2.647935ms)
✔ Date Night all fetch stalls settle by 12.5s even when abort is ignored (5.323111ms)
✔ Date Night all body stalls settle by 12.5s even when abort is honored (1.611458ms)
✔ Date Night all body stalls settle by 12.5s even when abort is ignored (1.044234ms)
✔ Date Night groups share the unchanged absolute 20s deadline, including abort-ignoring work (1.145146ms)
✔ Date Night immediate 429 advances immediately and preserves normalized failure (1.646802ms)
✔ Date Night immediate 500 advances immediately and preserves normalized failure (0.753085ms)
✔ Date Night immediate 504 advances immediately and preserves normalized failure (0.764142ms)
✔ Date Night immediate malformed advances immediately and preserves normalized failure (0.55068ms)
✔ Date Night immediate invalid-json advances immediately and preserves normalized failure (1.008911ms)
✔ Date Night immediate abort advances immediately and preserves normalized failure (0.666124ms)
✔ Date Night immediate network-error advances immediately and preserves normalized failure (0.558752ms)
✔ Date Night valid empty wins and differs from failure (0.428045ms)
✔ Date Night late loser success/rejection cannot replace winner or mutate recorded outcome (3.241965ms)
✔ Date Night cancellation aborts active attempts, stops scheduled hedges and records cancelled group (1.236563ms)
✔ Date Night four groups never exceed sixteen fixed-mirror attempts and reject duplicate/untrusted group IDs (3.13252ms)
✔ canonical lifecycle interpretation preserves the full frozen key/value semantics and precedence (13.768898ms)
✔ generated POSIX value matcher has exact truth semantics, including false prefixes/extensions and case (1.270424ms)
✔ canonical normalization preserves fill-only, input ordering, active tags and supported suffix boundaries (4.956469ms)
✔ registry parity demolished: simple flags and every recognized namespace across every supported category (564.891889ms)
✔ registry parity removed: simple flags and every recognized namespace across every supported category (453.868189ms)
✔ registry parity razed: simple flags and every recognized namespace across every supported category (553.199834ms)
✔ registry parity destroyed: simple flags and every recognized namespace across every supported category (368.683862ms)
✔ registry parity disused: simple flags and every recognized namespace across every supported category (183.816372ms)
✔ registry parity abandoned: simple flags and every recognized namespace across every supported category (189.448878ms)
✔ registry parity was: simple flags and every recognized namespace across every supported category (187.340581ms)
[discovery] provider-chain {
  mode: 'date-night',
  strategy: 'hedged',
  source: 'live',
  durationMs: 4,
  budgetExhausted: false,
  requestedGroups: 1,
  successfulGroups: 1,
  failedGroups: 0,
  partial: false,
  groups: [
    {
      group: 'seasonal',
      outcome: 'success',
      durationMs: 4,
      winnerMirror: 2
    }
  ],
  attempts: [
    {
      group: 'seasonal',
      mirror: 1,
      hedgeOffsetMs: 0,
      durationMs: 3,
      outcome: 'http-error',
      status: 503
    },
    {
      group: 'seasonal',
      mirror: 2,
      hedgeOffsetMs: 3,
      durationMs: 1,
      outcome: 'success'
    }
  ]
}
[discovery] provider-chain {
  mode: 'date-night',
  strategy: 'hedged',
  source: 'live',
  durationMs: 1,
  budgetExhausted: false,
  requestedGroups: 1,
  successfulGroups: 1,
  failedGroups: 0,
  partial: false,
  groups: [
    {
      group: 'seasonal',
      outcome: 'success',
      durationMs: 1,
      winnerMirror: 2
    }
  ],
  attempts: [
    {
      group: 'seasonal',
      mirror: 1,
      hedgeOffsetMs: 0,
      durationMs: 0,
      outcome: 'http-error',
      status: 503
    },
    {
      group: 'seasonal',
      mirror: 2,
      hedgeOffsetMs: 0,
      durationMs: 1,
      outcome: 'success'
    }
  ]
}
[discovery] provider-chain {
  mode: 'date-night',
  strategy: 'hedged',
  source: 'live',
  durationMs: 3,
  budgetExhausted: false,
  requestedGroups: 4,
  successfulGroups: 4,
  failedGroups: 0,
  partial: false,
  groups: [
    {
      group: 'seasonal',
      outcome: 'success',
      durationMs: 2,
      winnerMirror: 2
    },
    {
      group: 'entertainment',
      outcome: 'success',
      durationMs: 2,
      winnerMirror: 2
    },
    {
      group: 'culture',
      outcome: 'success',
      durationMs: 1,
      winnerMirror: 2
    },
    {
      group: 'outdoor',
      outcome: 'success',
      durationMs: 3,
      winnerMirror: 2
    }
  ],
  attempts: [
    {
      group: 'culture',
      mirror: 1,
      hedgeOffsetMs: 0,
      durationMs: 1,
      outcome: 'http-error',
      status: 503
    },
    {
      group: 'culture',
      mirror: 2,
      hedgeOffsetMs: 1,
      durationMs: 1,
      outcome: 'success'
    },
    {
      group: 'entertainment',
      mirror: 1,
      hedgeOffsetMs: 0,
      durationMs: 1,
      outcome: 'http-error',
      status: 503
    },
    {
      group: 'entertainment',
      mirror: 2,
      hedgeOffsetMs: 1,
      durationMs: 2,
      outcome: 'success'
    },
    {
      group: 'outdoor',
      mirror: 1,
      hedgeOffsetMs: 0,
      durationMs: 1,
      outcome: 'http-error',
      status: 503
    },
    {
      group: 'outdoor',
      mirror: 2,
      hedgeOffsetMs: 1,
      durationMs: 2,
      outcome: 'success'
    },
    {
      group: 'seasonal',
      mirror: 1,
      hedgeOffsetMs: 0,
      durationMs: 1,
      outcome: 'http-error',
      status: 503
    },
    {
      group: 'seasonal',
      mirror: 2,
      hedgeOffsetMs: 1,
      durationMs: 1,
      outcome: 'success'
    }
  ]
}
[discovery] provider-chain {
  mode: 'date-night',
  strategy: 'hedged',
  source: 'live',
  durationMs: 1,
  budgetExhausted: false,
  requestedGroups: 1,
  successfulGroups: 1,
  failedGroups: 0,
  partial: false,
  groups: [
    {
      group: 'seasonal',
      outcome: 'success',
      durationMs: 1,
      winnerMirror: 2
    }
  ],
  attempts: [
    {
      group: 'seasonal',
      mirror: 1,
      hedgeOffsetMs: 0,
      durationMs: 0,
      outcome: 'http-error',
      status: 503
    },
    {
      group: 'seasonal',
      mirror: 2,
      hedgeOffsetMs: 0,
      durationMs: 0,
      outcome: 'success'
    }
  ]
}
[discovery] provider-chain {
  mode: 'date-night',
  strategy: 'hedged',
  source: 'live',
  durationMs: 1,
  budgetExhausted: false,
  requestedGroups: 1,
  successfulGroups: 1,
  failedGroups: 0,
  partial: false,
  groups: [
    {
      group: 'seasonal',
      outcome: 'success',
      durationMs: 1,
      winnerMirror: 2
    }
  ],
  attempts: [
    {
      group: 'seasonal',
      mirror: 1,
      hedgeOffsetMs: 0,
      durationMs: 0,
      outcome: 'http-error',
      status: 503
    },
    {
      group: 'seasonal',
      mirror: 2,
      hedgeOffsetMs: 0,
      durationMs: 0,
      outcome: 'success'
    }
  ]
}
[discovery] provider-chain {
  mode: 'date-night',
  strategy: 'hedged',
  source: 'live',
  durationMs: 3,
  budgetExhausted: false,
  requestedGroups: 4,
  successfulGroups: 4,
  failedGroups: 0,
  partial: false,
  groups: [
    {
      group: 'seasonal',
      outcome: 'success',
      durationMs: 2,
      winnerMirror: 2
    },
    {
      group: 'entertainment',
      outcome: 'success',
      durationMs: 2,
      winnerMirror: 2
    },
    {
      group: 'culture',
      outcome: 'success',
      durationMs: 1,
      winnerMirror: 2
    },
    {
      group: 'outdoor',
      outcome: 'success',
      durationMs: 3,
      winnerMirror: 2
    }
  ],
  attempts: [
    {
      group: 'culture',
      mirror: 1,
      hedgeOffsetMs: 0,
      durationMs: 1,
      outcome: 'http-error',
      status: 503
    },
    {
      group: 'culture',
      mirror: 2,
      hedgeOffsetMs: 1,
      durationMs: 1,
      outcome: 'success'
    },
    {
      group: 'entertainment',
      mirror: 1,
      hedgeOffsetMs: 0,
      durationMs: 1,
      outcome: 'http-error',
      status: 503
    },
    {
      group: 'entertainment',
      mirror: 2,
      hedgeOffsetMs: 1,
      durationMs: 1,
      outcome: 'success'
    },
    {
      group: 'outdoor',
      mirror: 1,
      hedgeOffsetMs: 0,
      durationMs: 1,
      outcome: 'http-error',
      status: 503
    },
    {
      group: 'outdoor',
      mirror: 2,
      hedgeOffsetMs: 1,
      durationMs: 2,
      outcome: 'success'
    },
    {
      group: 'seasonal',
      mirror: 1,
      hedgeOffsetMs: 0,
      durationMs: 1,
      outcome: 'http-error',
      status: 503
    },
    {
      group: 'seasonal',
      mirror: 2,
      hedgeOffsetMs: 1,
      durationMs: 1,
      outcome: 'success'
    }
  ]
}
[discovery] provider-chain {
  mode: 'date-night',
  strategy: 'hedged',
  source: 'live',
  durationMs: 1,
  budgetExhausted: false,
  requestedGroups: 1,
  successfulGroups: 1,
  failedGroups: 0,
  partial: false,
  groups: [
    {
      group: 'culture',
      outcome: 'success',
      durationMs: 1,
      winnerMirror: 2
    }
  ],
  attempts: [
    {
      group: 'culture',
      mirror: 1,
      hedgeOffsetMs: 0,
      durationMs: 0,
      outcome: 'http-error',
      status: 503
    },
    {
      group: 'culture',
      mirror: 2,
      hedgeOffsetMs: 0,
      durationMs: 1,
      outcome: 'success'
    }
  ]
}
[discovery] provider-chain {
  mode: 'date-night',
  strategy: 'hedged',
  source: 'live',
  durationMs: 1,
  budgetExhausted: false,
  requestedGroups: 1,
  successfulGroups: 1,
  failedGroups: 0,
  partial: false,
  groups: [
    {
      group: 'culture',
      outcome: 'success',
      durationMs: 1,
      winnerMirror: 2
    }
  ],
  attempts: [
    {
      group: 'culture',
      mirror: 1,
      hedgeOffsetMs: 0,
      durationMs: 0,
      outcome: 'http-error',
      status: 503
    },
    {
      group: 'culture',
      mirror: 2,
      hedgeOffsetMs: 0,
      durationMs: 0,
      outcome: 'success'
    }
  ]
}
[discovery] provider-chain {
  mode: 'date-night',
  strategy: 'hedged',
  source: 'live',
  durationMs: 11,
  budgetExhausted: false,
  requestedGroups: 4,
  successfulGroups: 4,
  failedGroups: 0,
  partial: false,
  groups: [
    {
      group: 'seasonal',
      outcome: 'success',
      durationMs: 10,
      winnerMirror: 2
    },
    {
      group: 'entertainment',
      outcome: 'success',
      durationMs: 10,
      winnerMirror: 2
    },
    {
      group: 'culture',
      outcome: 'success',
      durationMs: 8,
      winnerMirror: 2
    },
    {
      group: 'outdoor',
      outcome: 'success',
      durationMs: 11,
      winnerMirror: 2
    }
  ],
  attempts: [
    {
      group: 'culture',
      mirror: 1,
      hedgeOffsetMs: 0,
      durationMs: 7,
      outcome: 'http-error',
      status: 503
    },
    {
      group: 'culture',
      mirror: 2,
      hedgeOffsetMs: 7,
      durationMs: 1,
      outcome: 'success'
    },
    {
      group: 'entertainment',
      mirror: 1,
      hedgeOffsetMs: 0,
      durationMs: 7,
      outcome: 'http-error',
      status: 503
    },
    {
      group: 'entertainment',
      mirror: 2,
      hedgeOffsetMs: 7,
      durationMs: 3,
      outcome: 'success'
    },
    {
      group: 'outdoor',
      mirror: 1,
      hedgeOffsetMs: 0,
      durationMs: 7,
      outcome: 'http-error',
      status: 503
    },
    {
      group: 'outdoor',
      mirror: 2,
      hedgeOffsetMs: 7,
      durationMs: 4,
      outcome: 'success'
    },
    {
      group: 'seasonal',
      mirror: 1,
      hedgeOffsetMs: 0,
      durationMs: 7,
      outcome: 'http-error',
      status: 503
    },
    {
      group: 'seasonal',
      mirror: 2,
      hedgeOffsetMs: 7,
      durationMs: 3,
      outcome: 'success'
    }
  ]
}
[discovery] provider-chain {
  mode: 'date-night',
  strategy: 'hedged',
  source: 'live',
  durationMs: 1,
  budgetExhausted: false,
  requestedGroups: 1,
  successfulGroups: 1,
  failedGroups: 0,
  partial: false,
  groups: [
    {
      group: 'culture',
      outcome: 'success',
      durationMs: 1,
      winnerMirror: 2
    }
  ],
  attempts: [
    {
      group: 'culture',
      mirror: 1,
      hedgeOffsetMs: 0,
      durationMs: 0,
      outcome: 'http-error',
      status: 503
    },
    {
      group: 'culture',
      mirror: 2,
      hedgeOffsetMs: 0,
      durationMs: 1,
      outcome: 'success'
    }
  ]
}
[discovery] provider-chain {
  mode: 'date-night',
  strategy: 'hedged',
  source: 'live',
  durationMs: 1,
  budgetExhausted: false,
  requestedGroups: 1,
  successfulGroups: 1,
  failedGroups: 0,
  partial: false,
  groups: [
    {
      group: 'culture',
      outcome: 'success',
      durationMs: 1,
      winnerMirror: 2
    }
  ],
  attempts: [
    {
      group: 'culture',
      mirror: 1,
      hedgeOffsetMs: 0,
      durationMs: 0,
      outcome: 'http-error',
      status: 503
    },
    {
      group: 'culture',
      mirror: 2,
      hedgeOffsetMs: 0,
      durationMs: 0,
      outcome: 'success'
    }
  ]
}
[discovery] provider-chain {
  mode: 'date-night',
  strategy: 'hedged',
  source: 'live',
  durationMs: 2,
  budgetExhausted: false,
  requestedGroups: 4,
  successfulGroups: 4,
  failedGroups: 0,
  partial: false,
  groups: [
    {
      group: 'seasonal',
      outcome: 'success',
      durationMs: 2,
      winnerMirror: 2
    },
    {
      group: 'entertainment',
      outcome: 'success',
      durationMs: 2,
      winnerMirror: 2
    },
    {
      group: 'culture',
      outcome: 'success',
      durationMs: 1,
      winnerMirror: 2
    },
    {
      group: 'outdoor',
      outcome: 'success',
      durationMs: 2,
      winnerMirror: 2
    }
  ],
  attempts: [
    {
      group: 'culture',
      mirror: 1,
      hedgeOffsetMs: 0,
      durationMs: 0,
      outcome: 'http-error',
      status: 503
    },
    {
      group: 'culture',
      mirror: 2,
      hedgeOffsetMs: 0,
      durationMs: 1,
      outcome: 'success'
    },
    {
      group: 'entertainment',
      mirror: 1,
      hedgeOffsetMs: 0,
      durationMs: 0,
      outcome: 'http-error',
      status: 503
    },
    {
      group: 'entertainment',
      mirror: 2,
      hedgeOffsetMs: 0,
      durationMs: 1,
      outcome: 'success'
    },
    {
      group: 'outdoor',
      mirror: 1,
      hedgeOffsetMs: 0,
      durationMs: 0,
      outcome: 'http-error',
      status: 503
    },
    {
      group: 'outdoor',
      mirror: 2,
      hedgeOffsetMs: 0,
      durationMs: 2,
      outcome: 'success'
    },
    {
      group: 'seasonal',
      mirror: 1,
      hedgeOffsetMs: 0,
      durationMs: 0,
      outcome: 'http-error',
      status: 503
    },
    {
      group: 'seasonal',
      mirror: 2,
      hedgeOffsetMs: 0,
      durationMs: 1,
      outcome: 'success'
    }
  ]
}
[discovery] provider-chain {
  mode: 'date-night',
  strategy: 'hedged',
  source: 'live',
  durationMs: 1,
  budgetExhausted: false,
  requestedGroups: 1,
  successfulGroups: 1,
  failedGroups: 0,
  partial: false,
  groups: [
    {
      group: 'culture',
      outcome: 'success',
      durationMs: 1,
      winnerMirror: 2
    }
  ],
  attempts: [
    {
      group: 'culture',
      mirror: 1,
      hedgeOffsetMs: 0,
      durationMs: 0,
      outcome: 'http-error',
      status: 503
    },
    {
      group: 'culture',
      mirror: 2,
      hedgeOffsetMs: 0,
      durationMs: 0,
      outcome: 'success'
    }
  ]
}
[discovery] provider-chain {
  mode: 'date-night',
  strategy: 'hedged',
  source: 'live',
  durationMs: 1,
  budgetExhausted: false,
  requestedGroups: 2,
  successfulGroups: 2,
  failedGroups: 0,
  partial: false,
  groups: [
    {
      group: 'entertainment',
      outcome: 'success',
      durationMs: 1,
      winnerMirror: 2
    },
    {
      group: 'culture',
      outcome: 'success',
      durationMs: 1,
      winnerMirror: 2
    }
  ],
  attempts: [
    {
      group: 'culture',
      mirror: 1,
      hedgeOffsetMs: 0,
      durationMs: 0,
      outcome: 'http-error',
      status: 503
    },
    {
      group: 'culture',
      mirror: 2,
      hedgeOffsetMs: 0,
      durationMs: 0,
      outcome: 'success'
    },
    {
      group: 'entertainment',
      mirror: 1,
      hedgeOffsetMs: 0,
      durationMs: 0,
      outcome: 'http-error',
      status: 503
    },
    {
      group: 'entertainment',
      mirror: 2,
      hedgeOffsetMs: 0,
      durationMs: 1,
      outcome: 'success'
    }
  ]
}
[discovery] provider-chain {
  mode: 'date-night',
  strategy: 'hedged',
  source: 'live',
  durationMs: 3,
  budgetExhausted: false,
  requestedGroups: 4,
  successfulGroups: 4,
  failedGroups: 0,
  partial: false,
  groups: [
    {
      group: 'seasonal',
      outcome: 'success',
      durationMs: 3,
      winnerMirror: 2
    },
    {
      group: 'entertainment',
      outcome: 'success',
      durationMs: 3,
      winnerMirror: 2
    },
    {
      group: 'culture',
      outcome: 'success',
      durationMs: 1,
      winnerMirror: 2
    },
    {
      group: 'outdoor',
      outcome: 'success',
      durationMs: 3,
      winnerMirror: 2
    }
  ],
  attempts: [
    {
      group: 'culture',
      mirror: 1,
      hedgeOffsetMs: 0,
      durationMs: 1,
      outcome: 'http-error',
      status: 503
    },
    {
      group: 'culture',
      mirror: 2,
      hedgeOffsetMs: 1,
      durationMs: 1,
      outcome: 'success'
    },
    {
      group: 'entertainment',
      mirror: 1,
      hedgeOffsetMs: 0,
      durationMs: 1,
      outcome: 'http-error',
      status: 503
    },
    {
      group: 'entertainment',
      mirror: 2,
      hedgeOffsetMs: 1,
      durationMs: 2,
      outcome: 'success'
    },
    {
      group: 'outdoor',
      mirror: 1,
      hedgeOffsetMs: 0,
      durationMs: 0,
      outcome: 'http-error',
      status: 503
    },
    {
      group: 'outdoor',
      mirror: 2,
      hedgeOffsetMs: 1,
      durationMs: 3,
      outcome: 'success'
    },
    {
      group: 'seasonal',
      mirror: 1,
      hedgeOffsetMs: 0,
      durationMs: 1,
      outcome: 'http-error',
      status: 503
    },
    {
      group: 'seasonal',
      mirror: 2,
      hedgeOffsetMs: 1,
      durationMs: 2,
      outcome: 'success'
    }
  ]
}
✔ real handler demolished: forward/reverse seasonal and ordinary flags, result order, later mirror (85.729793ms)
✔ real handler demolished: reconstructed contextual seasonal evidence and ordinary namespace parity (38.223597ms)
[discovery] provider-chain {
  mode: 'date-night',
  strategy: 'hedged',
  source: 'live',
  durationMs: 1,
  budgetExhausted: false,
  requestedGroups: 1,
  successfulGroups: 1,
  failedGroups: 0,
  partial: false,
  groups: [
    {
      group: 'seasonal',
      outcome: 'success',
      durationMs: 1,
      winnerMirror: 2
    }
  ],
  attempts: [
    {
      group: 'seasonal',
      mirror: 1,
      hedgeOffsetMs: 0,
      durationMs: 0,
      outcome: 'http-error',
      status: 503
    },
    {
      group: 'seasonal',
      mirror: 2,
      hedgeOffsetMs: 0,
      durationMs: 1,
      outcome: 'success'
    }
  ]
}
[discovery] provider-chain {
  mode: 'date-night',
  strategy: 'hedged',
  source: 'live',
  durationMs: 1,
  budgetExhausted: false,
  requestedGroups: 1,
  successfulGroups: 1,
  failedGroups: 0,
  partial: false,
  groups: [
    {
      group: 'seasonal',
      outcome: 'success',
      durationMs: 1,
      winnerMirror: 2
    }
  ],
  attempts: [
    {
      group: 'seasonal',
      mirror: 1,
      hedgeOffsetMs: 0,
      durationMs: 0,
      outcome: 'http-error',
      status: 503
    },
    {
      group: 'seasonal',
      mirror: 2,
      hedgeOffsetMs: 0,
      durationMs: 1,
      outcome: 'success'
    }
  ]
}
[discovery] provider-chain {
  mode: 'date-night',
  strategy: 'hedged',
  source: 'live',
  durationMs: 2,
  budgetExhausted: false,
  requestedGroups: 4,
  successfulGroups: 4,
  failedGroups: 0,
  partial: false,
  groups: [
    {
      group: 'seasonal',
      outcome: 'success',
      durationMs: 2,
      winnerMirror: 2
    },
    {
      group: 'entertainment',
      outcome: 'success',
      durationMs: 2,
      winnerMirror: 2
    },
    {
      group: 'culture',
      outcome: 'success',
      durationMs: 1,
      winnerMirror: 2
    },
    {
      group: 'outdoor',
      outcome: 'success',
      durationMs: 2,
      winnerMirror: 2
    }
  ],
  attempts: [
    {
      group: 'culture',
      mirror: 1,
      hedgeOffsetMs: 0,
      durationMs: 0,
      outcome: 'http-error',
      status: 503
    },
    {
      group: 'culture',
      mirror: 2,
      hedgeOffsetMs: 0,
      durationMs: 1,
      outcome: 'success'
    },
    {
      group: 'entertainment',
      mirror: 1,
      hedgeOffsetMs: 0,
      durationMs: 0,
      outcome: 'http-error',
      status: 503
    },
    {
      group: 'entertainment',
      mirror: 2,
      hedgeOffsetMs: 0,
      durationMs: 1,
      outcome: 'success'
    },
    {
      group: 'outdoor',
      mirror: 1,
      hedgeOffsetMs: 0,
      durationMs: 0,
      outcome: 'http-error',
      status: 503
    },
    {
      group: 'outdoor',
      mirror: 2,
      hedgeOffsetMs: 0,
      durationMs: 2,
      outcome: 'success'
    },
    {
      group: 'seasonal',
      mirror: 1,
      hedgeOffsetMs: 0,
      durationMs: 0,
      outcome: 'http-error',
      status: 503
    },
    {
      group: 'seasonal',
      mirror: 2,
      hedgeOffsetMs: 1,
      durationMs: 1,
      outcome: 'success'
    }
  ]
}
[discovery] provider-chain {
  mode: 'date-night',
  strategy: 'hedged',
  source: 'live',
  durationMs: 1,
  budgetExhausted: false,
  requestedGroups: 1,
  successfulGroups: 1,
  failedGroups: 0,
  partial: false,
  groups: [
    {
      group: 'seasonal',
      outcome: 'success',
      durationMs: 1,
      winnerMirror: 2
    }
  ],
  attempts: [
    {
      group: 'seasonal',
      mirror: 1,
      hedgeOffsetMs: 0,
      durationMs: 0,
      outcome: 'http-error',
      status: 503
    },
    {
      group: 'seasonal',
      mirror: 2,
      hedgeOffsetMs: 0,
      durationMs: 1,
      outcome: 'success'
    }
  ]
}
[discovery] provider-chain {
  mode: 'date-night',
  strategy: 'hedged',
  source: 'live',
  durationMs: 1,
  budgetExhausted: false,
  requestedGroups: 1,
  successfulGroups: 1,
  failedGroups: 0,
  partial: false,
  groups: [
    {
      group: 'seasonal',
      outcome: 'success',
      durationMs: 1,
      winnerMirror: 2
    }
  ],
  attempts: [
    {
      group: 'seasonal',
      mirror: 1,
      hedgeOffsetMs: 0,
      durationMs: 0,
      outcome: 'http-error',
      status: 503
    },
    {
      group: 'seasonal',
      mirror: 2,
      hedgeOffsetMs: 0,
      durationMs: 0,
      outcome: 'success'
    }
  ]
}
[discovery] provider-chain {
  mode: 'date-night',
  strategy: 'hedged',
  source: 'live',
  durationMs: 3,
  budgetExhausted: false,
  requestedGroups: 4,
  successfulGroups: 4,
  failedGroups: 0,
  partial: false,
  groups: [
    {
      group: 'seasonal',
      outcome: 'success',
      durationMs: 2,
      winnerMirror: 2
    },
    {
      group: 'entertainment',
      outcome: 'success',
      durationMs: 2,
      winnerMirror: 2
    },
    {
      group: 'culture',
      outcome: 'success',
      durationMs: 1,
      winnerMirror: 2
    },
    {
      group: 'outdoor',
      outcome: 'success',
      durationMs: 3,
      winnerMirror: 2
    }
  ],
  attempts: [
    {
      group: 'culture',
      mirror: 1,
      hedgeOffsetMs: 0,
      durationMs: 0,
      outcome: 'http-error',
      status: 503
    },
    {
      group: 'culture',
      mirror: 2,
      hedgeOffsetMs: 0,
      durationMs: 1,
      outcome: 'success'
    },
    {
      group: 'entertainment',
      mirror: 1,
      hedgeOffsetMs: 0,
      durationMs: 0,
      outcome: 'http-error',
      status: 503
    },
    {
      group: 'entertainment',
      mirror: 2,
      hedgeOffsetMs: 0,
      durationMs: 2,
      outcome: 'success'
    },
    {
      group: 'outdoor',
      mirror: 1,
      hedgeOffsetMs: 0,
      durationMs: 0,
      outcome: 'http-error',
      status: 503
    },
    {
      group: 'outdoor',
      mirror: 2,
      hedgeOffsetMs: 0,
      durationMs: 2,
      outcome: 'success'
    },
    {
      group: 'seasonal',
      mirror: 1,
      hedgeOffsetMs: 0,
      durationMs: 0,
      outcome: 'http-error',
      status: 503
    },
    {
      group: 'seasonal',
      mirror: 2,
      hedgeOffsetMs: 0,
      durationMs: 2,
      outcome: 'success'
    }
  ]
}
[discovery] provider-chain {
  mode: 'date-night',
  strategy: 'hedged',
  source: 'live',
  durationMs: 1,
  budgetExhausted: false,
  requestedGroups: 1,
  successfulGroups: 1,
  failedGroups: 0,
  partial: false,
  groups: [
    {
      group: 'culture',
      outcome: 'success',
      durationMs: 1,
      winnerMirror: 2
    }
  ],
  attempts: [
    {
      group: 'culture',
      mirror: 1,
      hedgeOffsetMs: 0,
      durationMs: 0,
      outcome: 'http-error',
      status: 503
    },
    {
      group: 'culture',
      mirror: 2,
      hedgeOffsetMs: 0,
      durationMs: 1,
      outcome: 'success'
    }
  ]
}
[discovery] provider-chain {
  mode: 'date-night',
  strategy: 'hedged',
  source: 'live',
  durationMs: 1,
  budgetExhausted: false,
  requestedGroups: 1,
  successfulGroups: 1,
  failedGroups: 0,
  partial: false,
  groups: [
    {
      group: 'culture',
      outcome: 'success',
      durationMs: 1,
      winnerMirror: 2
    }
  ],
  attempts: [
    {
      group: 'culture',
      mirror: 1,
      hedgeOffsetMs: 0,
      durationMs: 0,
      outcome: 'http-error',
      status: 503
    },
    {
      group: 'culture',
      mirror: 2,
      hedgeOffsetMs: 0,
      durationMs: 1,
      outcome: 'success'
    }
  ]
}
[discovery] provider-chain {
  mode: 'date-night',
  strategy: 'hedged',
  source: 'live',
  durationMs: 4,
  budgetExhausted: false,
  requestedGroups: 4,
  successfulGroups: 4,
  failedGroups: 0,
  partial: false,
  groups: [
    {
      group: 'seasonal',
      outcome: 'success',
      durationMs: 3,
      winnerMirror: 2
    },
    {
      group: 'entertainment',
      outcome: 'success',
      durationMs: 3,
      winnerMirror: 2
    },
    {
      group: 'culture',
      outcome: 'success',
      durationMs: 2,
      winnerMirror: 2
    },
    {
      group: 'outdoor',
      outcome: 'success',
      durationMs: 4,
      winnerMirror: 2
    }
  ],
  attempts: [
    {
      group: 'culture',
      mirror: 1,
      hedgeOffsetMs: 0,
      durationMs: 1,
      outcome: 'http-error',
      status: 503
    },
    {
      group: 'culture',
      mirror: 2,
      hedgeOffsetMs: 1,
      durationMs: 1,
      outcome: 'success'
    },
    {
      group: 'entertainment',
      mirror: 1,
      hedgeOffsetMs: 0,
      durationMs: 1,
      outcome: 'http-error',
      status: 503
    },
    {
      group: 'entertainment',
      mirror: 2,
      hedgeOffsetMs: 1,
      durationMs: 2,
      outcome: 'success'
    },
    {
      group: 'outdoor',
      mirror: 1,
      hedgeOffsetMs: 0,
      durationMs: 1,
      outcome: 'http-error',
      status: 503
    },
    {
      group: 'outdoor',
      mirror: 2,
      hedgeOffsetMs: 1,
      durationMs: 3,
      outcome: 'success'
    },
    {
      group: 'seasonal',
      mirror: 1,
      hedgeOffsetMs: 0,
      durationMs: 1,
      outcome: 'http-error',
      status: 503
    },
    {
      group: 'seasonal',
      mirror: 2,
      hedgeOffsetMs: 1,
      durationMs: 2,
      outcome: 'success'
    }
  ]
}
[discovery] provider-chain {
  mode: 'date-night',
  strategy: 'hedged',
  source: 'live',
  durationMs: 1,
  budgetExhausted: false,
  requestedGroups: 1,
  successfulGroups: 1,
  failedGroups: 0,
  partial: false,
  groups: [
    {
      group: 'culture',
      outcome: 'success',
      durationMs: 1,
      winnerMirror: 2
    }
  ],
  attempts: [
    {
      group: 'culture',
      mirror: 1,
      hedgeOffsetMs: 0,
      durationMs: 0,
      outcome: 'http-error',
      status: 503
    },
    {
      group: 'culture',
      mirror: 2,
      hedgeOffsetMs: 0,
      durationMs: 1,
      outcome: 'success'
    }
  ]
}
[discovery] provider-chain {
  mode: 'date-night',
  strategy: 'hedged',
  source: 'live',
  durationMs: 1,
  budgetExhausted: false,
  requestedGroups: 1,
  successfulGroups: 1,
  failedGroups: 0,
  partial: false,
  groups: [
    {
      group: 'culture',
      outcome: 'success',
      durationMs: 1,
      winnerMirror: 2
    }
  ],
  attempts: [
    {
      group: 'culture',
      mirror: 1,
      hedgeOffsetMs: 0,
      durationMs: 0,
      outcome: 'http-error',
      status: 503
    },
    {
      group: 'culture',
      mirror: 2,
      hedgeOffsetMs: 0,
      durationMs: 1,
      outcome: 'success'
    }
  ]
}
[discovery] provider-chain {
  mode: 'date-night',
  strategy: 'hedged',
  source: 'live',
  durationMs: 5,
  budgetExhausted: false,
  requestedGroups: 4,
  successfulGroups: 4,
  failedGroups: 0,
  partial: false,
  groups: [
    {
      group: 'seasonal',
      outcome: 'success',
      durationMs: 4,
      winnerMirror: 2
    },
    {
      group: 'entertainment',
      outcome: 'success',
      durationMs: 4,
      winnerMirror: 2
    },
    {
      group: 'culture',
      outcome: 'success',
      durationMs: 3,
      winnerMirror: 2
    },
    {
      group: 'outdoor',
      outcome: 'success',
      durationMs: 5,
      winnerMirror: 2
    }
  ],
  attempts: [
    {
      group: 'culture',
      mirror: 1,
      hedgeOffsetMs: 0,
      durationMs: 1,
      outcome: 'http-error',
      status: 503
    },
    {
      group: 'culture',
      mirror: 2,
      hedgeOffsetMs: 1,
      durationMs: 2,
      outcome: 'success'
    },
    {
      group: 'entertainment',
      mirror: 1,
      hedgeOffsetMs: 0,
      durationMs: 1,
      outcome: 'http-error',
      status: 503
    },
    {
      group: 'entertainment',
      mirror: 2,
      hedgeOffsetMs: 1,
      durationMs: 3,
      outcome: 'success'
    },
    {
      group: 'outdoor',
      mirror: 1,
      hedgeOffsetMs: 0,
      durationMs: 1,
      outcome: 'http-error',
      status: 503
    },
    {
      group: 'outdoor',
      mirror: 2,
      hedgeOffsetMs: 1,
      durationMs: 4,
      outcome: 'success'
    },
    {
      group: 'seasonal',
      mirror: 1,
      hedgeOffsetMs: 0,
      durationMs: 1,
      outcome: 'http-error',
      status: 503
    },
    {
      group: 'seasonal',
      mirror: 2,
      hedgeOffsetMs: 1,
      durationMs: 3,
      outcome: 'success'
    }
  ]
}
[discovery] provider-chain {
  mode: 'date-night',
  strategy: 'hedged',
  source: 'live',
  durationMs: 1,
  budgetExhausted: false,
  requestedGroups: 1,
  successfulGroups: 1,
  failedGroups: 0,
  partial: false,
  groups: [
    {
      group: 'culture',
      outcome: 'success',
      durationMs: 1,
      winnerMirror: 2
    }
  ],
  attempts: [
    {
      group: 'culture',
      mirror: 1,
      hedgeOffsetMs: 0,
      durationMs: 0,
      outcome: 'http-error',
      status: 503
    },
    {
      group: 'culture',
      mirror: 2,
      hedgeOffsetMs: 0,
      durationMs: 1,
      outcome: 'success'
    }
  ]
}
[discovery] provider-chain {
  mode: 'date-night',
  strategy: 'hedged',
  source: 'live',
  durationMs: 2,
  budgetExhausted: false,
  requestedGroups: 2,
  successfulGroups: 2,
  failedGroups: 0,
  partial: false,
  groups: [
    {
      group: 'entertainment',
      outcome: 'success',
      durationMs: 2,
      winnerMirror: 2
    },
    {
      group: 'culture',
      outcome: 'success',
      durationMs: 1,
      winnerMirror: 2
    }
  ],
  attempts: [
    {
      group: 'culture',
      mirror: 1,
      hedgeOffsetMs: 0,
      durationMs: 0,
      outcome: 'http-error',
      status: 503
    },
    {
      group: 'culture',
      mirror: 2,
      hedgeOffsetMs: 0,
      durationMs: 1,
      outcome: 'success'
    },
    {
      group: 'entertainment',
      mirror: 1,
      hedgeOffsetMs: 0,
      durationMs: 0,
      outcome: 'http-error',
      status: 503
    },
    {
      group: 'entertainment',
      mirror: 2,
      hedgeOffsetMs: 0,
      durationMs: 2,
      outcome: 'success'
    }
  ]
}
[discovery] provider-chain {
  mode: 'date-night',
  strategy: 'hedged',
  source: 'live',
  durationMs: 9,
  budgetExhausted: false,
  requestedGroups: 4,
  successfulGroups: 4,
  failedGroups: 0,
  partial: false,
  groups: [
    {
      group: 'seasonal',
      outcome: 'success',
      durationMs: 8,
      winnerMirror: 2
    },
    {
      group: 'entertainment',
      outcome: 'success',
      durationMs: 8,
      winnerMirror: 2
    },
    {
      group: 'culture',
      outcome: 'success',
      durationMs: 5,
      winnerMirror: 2
    },
    {
      group: 'outdoor',
      outcome: 'success',
      durationMs: 8,
      winnerMirror: 2
    }
  ],
  attempts: [
    {
      group: 'culture',
      mirror: 1,
      hedgeOffsetMs: 0,
      durationMs: 2,
      outcome: 'http-error',
      status: 503
    },
    {
      group: 'culture',
      mirror: 2,
      hedgeOffsetMs: 2,
      durationMs: 2,
      outcome: 'success'
    },
    {
      group: 'entertainment',
      mirror: 1,
      hedgeOffsetMs: 0,
      durationMs: 3,
      outcome: 'http-error',
      status: 503
    },
    {
      group: 'entertainment',
      mirror: 2,
      hedgeOffsetMs: 3,
      durationMs: 5,
      outcome: 'success'
    },
    {
      group: 'outdoor',
      mirror: 1,
      hedgeOffsetMs: 0,
      durationMs: 2,
      outcome: 'http-error',
      status: 503
    },
    {
      group: 'outdoor',
      mirror: 2,
      hedgeOffsetMs: 2,
      durationMs: 6,
      outcome: 'success'
    },
    {
      group: 'seasonal',
      mirror: 1,
      hedgeOffsetMs: 0,
      durationMs: 3,
      outcome: 'http-error',
      status: 503
    },
    {
      group: 'seasonal',
      mirror: 2,
      hedgeOffsetMs: 3,
      durationMs: 5,
      outcome: 'success'
    }
  ]
}
✔ real handler removed: forward/reverse seasonal and ordinary flags, result order, later mirror (66.477788ms)
✔ real handler removed: reconstructed contextual seasonal evidence and ordinary namespace parity (7.622438ms)
[discovery] provider-chain {
  mode: 'date-night',
  strategy: 'hedged',
  source: 'live',
  durationMs: 1,
  budgetExhausted: false,
  requestedGroups: 1,
  successfulGroups: 1,
  failedGroups: 0,
  partial: false,
  groups: [
    {
      group: 'seasonal',
      outcome: 'success',
      durationMs: 1,
      winnerMirror: 2
    }
  ],
  attempts: [
    {
      group: 'seasonal',
      mirror: 1,
      hedgeOffsetMs: 0,
      durationMs: 0,
      outcome: 'http-error',
      status: 503
    },
    {
      group: 'seasonal',
      mirror: 2,
      hedgeOffsetMs: 0,
      durationMs: 1,
      outcome: 'success'
    }
  ]
}
[discovery] provider-chain {
  mode: 'date-night',
  strategy: 'hedged',
  source: 'live',
  durationMs: 1,
  budgetExhausted: false,
  requestedGroups: 1,
  successfulGroups: 1,
  failedGroups: 0,
  partial: false,
  groups: [
    {
      group: 'seasonal',
      outcome: 'success',
      durationMs: 1,
      winnerMirror: 2
    }
  ],
  attempts: [
    {
      group: 'seasonal',
      mirror: 1,
      hedgeOffsetMs: 0,
      durationMs: 0,
      outcome: 'http-error',
      status: 503
    },
    {
      group: 'seasonal',
      mirror: 2,
      hedgeOffsetMs: 0,
      durationMs: 0,
      outcome: 'success'
    }
  ]
}
[discovery] provider-chain {
  mode: 'date-night',
  strategy: 'hedged',
  source: 'live',
  durationMs: 2,
  budgetExhausted: false,
  requestedGroups: 4,
  successfulGroups: 4,
  failedGroups: 0,
  partial: false,
  groups: [
    {
      group: 'seasonal',
      outcome: 'success',
      durationMs: 2,
      winnerMirror: 2
    },
    {
      group: 'entertainment',
      outcome: 'success',
      durationMs: 2,
      winnerMirror: 2
    },
    {
      group: 'culture',
      outcome: 'success',
      durationMs: 1,
      winnerMirror: 2
    },
    {
      group: 'outdoor',
      outcome: 'success',
      durationMs: 2,
      winnerMirror: 2
    }
  ],
  attempts: [
    {
      group: 'culture',
      mirror: 1,
      hedgeOffsetMs: 0,
      durationMs: 0,
      outcome: 'http-error',
      status: 503
    },
    {
      group: 'culture',
      mirror: 2,
      hedgeOffsetMs: 0,
      durationMs: 1,
      outcome: 'success'
    },
    {
      group: 'entertainment',
      mirror: 1,
      hedgeOffsetMs: 0,
      durationMs: 0,
      outcome: 'http-error',
      status: 503
    },
    {
      group: 'entertainment',
      mirror: 2,
      hedgeOffsetMs: 0,
      durationMs: 1,
      outcome: 'success'
    },
    {
      group: 'outdoor',
      mirror: 1,
      hedgeOffsetMs: 0,
      durationMs: 0,
      outcome: 'http-error',
      status: 503
    },
    {
      group: 'outdoor',
      mirror: 2,
      hedgeOffsetMs: 0,
      durationMs: 2,
      outcome: 'success'
    },
    {
      group: 'seasonal',
      mirror: 1,
      hedgeOffsetMs: 0,
      durationMs: 0,
      outcome: 'http-error',
      status: 503
    },
    {
      group: 'seasonal',
      mirror: 2,
      hedgeOffsetMs: 0,
      durationMs: 1,
      outcome: 'success'
    }
  ]
}
[discovery] provider-chain {
  mode: 'date-night',
  strategy: 'hedged',
  source: 'live',
  durationMs: 1,
  budgetExhausted: false,
  requestedGroups: 1,
  successfulGroups: 1,
  failedGroups: 0,
  partial: false,
  groups: [
    {
      group: 'seasonal',
      outcome: 'success',
      durationMs: 1,
      winnerMirror: 2
    }
  ],
  attempts: [
    {
      group: 'seasonal',
      mirror: 1,
      hedgeOffsetMs: 0,
      durationMs: 0,
      outcome: 'http-error',
      status: 503
    },
    {
      group: 'seasonal',
      mirror: 2,
      hedgeOffsetMs: 0,
      durationMs: 0,
      outcome: 'success'
    }
  ]
}
[discovery] provider-chain {
  mode: 'date-night',
  strategy: 'hedged',
  source: 'live',
  durationMs: 1,
  budgetExhausted: false,
  requestedGroups: 1,
  successfulGroups: 1,
  failedGroups: 0,
  partial: false,
  groups: [
    {
      group: 'seasonal',
      outcome: 'success',
      durationMs: 1,
      winnerMirror: 2
    }
  ],
  attempts: [
    {
      group: 'seasonal',
      mirror: 1,
      hedgeOffsetMs: 0,
      durationMs: 0,
      outcome: 'http-error',
      status: 503
    },
    {
      group: 'seasonal',
      mirror: 2,
      hedgeOffsetMs: 0,
      durationMs: 0,
      outcome: 'success'
    }
  ]
}
[discovery] provider-chain {
  mode: 'date-night',
  strategy: 'hedged',
  source: 'live',
  durationMs: 3,
  budgetExhausted: false,
  requestedGroups: 4,
  successfulGroups: 4,
  failedGroups: 0,
  partial: false,
  groups: [
    {
      group: 'seasonal',
      outcome: 'success',
      durationMs: 2,
      winnerMirror: 2
    },
    {
      group: 'entertainment',
      outcome: 'success',
      durationMs: 2,
      winnerMirror: 2
    },
    {
      group: 'culture',
      outcome: 'success',
      durationMs: 1,
      winnerMirror: 2
    },
    {
      group: 'outdoor',
      outcome: 'success',
      durationMs: 3,
      winnerMirror: 2
    }
  ],
  attempts: [
    {
      group: 'culture',
      mirror: 1,
      hedgeOffsetMs: 0,
      durationMs: 0,
      outcome: 'http-error',
      status: 503
    },
    {
      group: 'culture',
      mirror: 2,
      hedgeOffsetMs: 0,
      durationMs: 1,
      outcome: 'success'
    },
    {
      group: 'entertainment',
      mirror: 1,
      hedgeOffsetMs: 0,
      durationMs: 0,
      outcome: 'http-error',
      status: 503
    },
    {
      group: 'entertainment',
      mirror: 2,
      hedgeOffsetMs: 0,
      durationMs: 2,
      outcome: 'success'
    },
    {
      group: 'outdoor',
      mirror: 1,
      hedgeOffsetMs: 0,
      durationMs: 0,
      outcome: 'http-error',
      status: 503
    },
    {
      group: 'outdoor',
      mirror: 2,
      hedgeOffsetMs: 0,
      durationMs: 2,
      outcome: 'success'
    },
    {
      group: 'seasonal',
      mirror: 1,
      hedgeOffsetMs: 0,
      durationMs: 0,
      outcome: 'http-error',
      status: 503
    },
    {
      group: 'seasonal',
      mirror: 2,
      hedgeOffsetMs: 0,
      durationMs: 1,
      outcome: 'success'
    }
  ]
}
[discovery] provider-chain {
  mode: 'date-night',
  strategy: 'hedged',
  source: 'live',
  durationMs: 1,
  budgetExhausted: false,
  requestedGroups: 1,
  successfulGroups: 1,
  failedGroups: 0,
  partial: false,
  groups: [
    {
      group: 'culture',
      outcome: 'success',
      durationMs: 1,
      winnerMirror: 2
    }
  ],
  attempts: [
    {
      group: 'culture',
      mirror: 1,
      hedgeOffsetMs: 0,
      durationMs: 0,
      outcome: 'http-error',
      status: 503
    },
    {
      group: 'culture',
      mirror: 2,
      hedgeOffsetMs: 0,
      durationMs: 1,
      outcome: 'success'
    }
  ]
}
[discovery] provider-chain {
  mode: 'date-night',
  strategy: 'hedged',
  source: 'live',
  durationMs: 1,
  budgetExhausted: false,
  requestedGroups: 1,
  successfulGroups: 1,
  failedGroups: 0,
  partial: false,
  groups: [
    {
      group: 'culture',
      outcome: 'success',
      durationMs: 1,
      winnerMirror: 2
    }
  ],
  attempts: [
    {
      group: 'culture',
      mirror: 1,
      hedgeOffsetMs: 0,
      durationMs: 0,
      outcome: 'http-error',
      status: 503
    },
    {
      group: 'culture',
      mirror: 2,
      hedgeOffsetMs: 0,
      durationMs: 1,
      outcome: 'success'
    }
  ]
}
[discovery] provider-chain {
  mode: 'date-night',
  strategy: 'hedged',
  source: 'live',
  durationMs: 3,
  budgetExhausted: false,
  requestedGroups: 4,
  successfulGroups: 4,
  failedGroups: 0,
  partial: false,
  groups: [
    {
      group: 'seasonal',
      outcome: 'success',
      durationMs: 2,
      winnerMirror: 2
    },
    {
      group: 'entertainment',
      outcome: 'success',
      durationMs: 3,
      winnerMirror: 2
    },
    {
      group: 'culture',
      outcome: 'success',
      durationMs: 1,
      winnerMirror: 2
    },
    {
      group: 'outdoor',
      outcome: 'success',
      durationMs: 3,
      winnerMirror: 2
    }
  ],
  attempts: [
    {
      group: 'culture',
      mirror: 1,
      hedgeOffsetMs: 0,
      durationMs: 1,
      outcome: 'http-error',
      status: 503
    },
    {
      group: 'culture',
      mirror: 2,
      hedgeOffsetMs: 1,
      durationMs: 1,
      outcome: 'success'
    },
    {
      group: 'entertainment',
      mirror: 1,
      hedgeOffsetMs: 0,
      durationMs: 1,
      outcome: 'http-error',
      status: 503
    },
    {
      group: 'entertainment',
      mirror: 2,
      hedgeOffsetMs: 1,
      durationMs: 2,
      outcome: 'success'
    },
    {
      group: 'outdoor',
      mirror: 1,
      hedgeOffsetMs: 0,
      durationMs: 1,
      outcome: 'http-error',
      status: 503
    },
    {
      group: 'outdoor',
      mirror: 2,
      hedgeOffsetMs: 1,
      durationMs: 2,
      outcome: 'success'
    },
    {
      group: 'seasonal',
      mirror: 1,
      hedgeOffsetMs: 0,
      durationMs: 1,
      outcome: 'http-error',
      status: 503
    },
    {
      group: 'seasonal',
      mirror: 2,
      hedgeOffsetMs: 1,
      durationMs: 1,
      outcome: 'success'
    }
  ]
}
[discovery] provider-chain {
  mode: 'date-night',
  strategy: 'hedged',
  source: 'live',
  durationMs: 1,
  budgetExhausted: false,
  requestedGroups: 1,
  successfulGroups: 1,
  failedGroups: 0,
  partial: false,
  groups: [
    {
      group: 'culture',
      outcome: 'success',
      durationMs: 1,
      winnerMirror: 2
    }
  ],
  attempts: [
    {
      group: 'culture',
      mirror: 1,
      hedgeOffsetMs: 0,
      durationMs: 0,
      outcome: 'http-error',
      status: 503
    },
    {
      group: 'culture',
      mirror: 2,
      hedgeOffsetMs: 0,
      durationMs: 1,
      outcome: 'success'
    }
  ]
}
[discovery] provider-chain {
  mode: 'date-night',
  strategy: 'hedged',
  source: 'live',
  durationMs: 1,
  budgetExhausted: false,
  requestedGroups: 1,
  successfulGroups: 1,
  failedGroups: 0,
  partial: false,
  groups: [
    {
      group: 'culture',
      outcome: 'success',
      durationMs: 1,
      winnerMirror: 2
    }
  ],
  attempts: [
    {
      group: 'culture',
      mirror: 1,
      hedgeOffsetMs: 0,
      durationMs: 0,
      outcome: 'http-error',
      status: 503
    },
    {
      group: 'culture',
      mirror: 2,
      hedgeOffsetMs: 0,
      durationMs: 0,
      outcome: 'success'
    }
  ]
}
[discovery] provider-chain {
  mode: 'date-night',
  strategy: 'hedged',
  source: 'live',
  durationMs: 5,
  budgetExhausted: false,
  requestedGroups: 4,
  successfulGroups: 4,
  failedGroups: 0,
  partial: false,
  groups: [
    {
      group: 'seasonal',
      outcome: 'success',
      durationMs: 4,
      winnerMirror: 2
    },
    {
      group: 'entertainment',
      outcome: 'success',
      durationMs: 4,
      winnerMirror: 2
    },
    {
      group: 'culture',
      outcome: 'success',
      durationMs: 1,
      winnerMirror: 2
    },
    {
      group: 'outdoor',
      outcome: 'success',
      durationMs: 4,
      winnerMirror: 2
    }
  ],
  attempts: [
    {
      group: 'culture',
      mirror: 1,
      hedgeOffsetMs: 0,
      durationMs: 0,
      outcome: 'http-error',
      status: 503
    },
    {
      group: 'culture',
      mirror: 2,
      hedgeOffsetMs: 0,
      durationMs: 1,
      outcome: 'success'
    },
    {
      group: 'entertainment',
      mirror: 1,
      hedgeOffsetMs: 0,
      durationMs: 0,
      outcome: 'http-error',
      status: 503
    },
    {
      group: 'entertainment',
      mirror: 2,
      hedgeOffsetMs: 0,
      durationMs: 3,
      outcome: 'success'
    },
    {
      group: 'outdoor',
      mirror: 1,
      hedgeOffsetMs: 0,
      durationMs: 0,
      outcome: 'http-error',
      status: 503
    },
    {
      group: 'outdoor',
      mirror: 2,
      hedgeOffsetMs: 0,
      durationMs: 4,
      outcome: 'success'
    },
    {
      group: 'seasonal',
      mirror: 1,
      hedgeOffsetMs: 0,
      durationMs: 1,
      outcome: 'http-error',
      status: 503
    },
    {
      group: 'seasonal',
      mirror: 2,
      hedgeOffsetMs: 1,
      durationMs: 3,
      outcome: 'success'
    }
  ]
}
[discovery] provider-chain {
  mode: 'date-night',
  strategy: 'hedged',
  source: 'live',
  durationMs: 1,
  budgetExhausted: false,
  requestedGroups: 1,
  successfulGroups: 1,
  failedGroups: 0,
  partial: false,
  groups: [
    {
      group: 'culture',
      outcome: 'success',
      durationMs: 1,
      winnerMirror: 2
    }
  ],
  attempts: [
    {
      group: 'culture',
      mirror: 1,
      hedgeOffsetMs: 0,
      durationMs: 0,
      outcome: 'http-error',
      status: 503
    },
    {
      group: 'culture',
      mirror: 2,
      hedgeOffsetMs: 0,
      durationMs: 0,
      outcome: 'success'
    }
  ]
}
[discovery] provider-chain {
  mode: 'date-night',
  strategy: 'hedged',
  source: 'live',
  durationMs: 1,
  budgetExhausted: false,
  requestedGroups: 2,
  successfulGroups: 2,
  failedGroups: 0,
  partial: false,
  groups: [
    {
      group: 'entertainment',
      outcome: 'success',
      durationMs: 1,
      winnerMirror: 2
    },
    {
      group: 'culture',
      outcome: 'success',
      durationMs: 1,
      winnerMirror: 2
    }
  ],
  attempts: [
    {
      group: 'culture',
      mirror: 1,
      hedgeOffsetMs: 0,
      durationMs: 0,
      outcome: 'http-error',
      status: 503
    },
    {
      group: 'culture',
      mirror: 2,
      hedgeOffsetMs: 0,
      durationMs: 0,
      outcome: 'success'
    },
    {
      group: 'entertainment',
      mirror: 1,
      hedgeOffsetMs: 0,
      durationMs: 0,
      outcome: 'http-error',
      status: 503
    },
    {
      group: 'entertainment',
      mirror: 2,
      hedgeOffsetMs: 0,
      durationMs: 1,
      outcome: 'success'
    }
  ]
}
[discovery] provider-chain {
  mode: 'date-night',
  strategy: 'hedged',
  source: 'live',
  durationMs: 2,
  budgetExhausted: false,
  requestedGroups: 4,
  successfulGroups: 4,
  failedGroups: 0,
  partial: false,
  groups: [
    {
      group: 'seasonal',
      outcome: 'success',
      durationMs: 1,
      winnerMirror: 2
    },
    {
      group: 'entertainment',
      outcome: 'success',
      durationMs: 2,
      winnerMirror: 2
    },
    {
      group: 'culture',
      outcome: 'success',
      durationMs: 1,
      winnerMirror: 2
    },
    {
      group: 'outdoor',
      outcome: 'success',
      durationMs: 2,
      winnerMirror: 2
    }
  ],
  attempts: [
    {
      group: 'culture',
      mirror: 1,
      hedgeOffsetMs: 0,
      durationMs: 0,
      outcome: 'http-error',
      status: 503
    },
    {
      group: 'culture',
      mirror: 2,
      hedgeOffsetMs: 0,
      durationMs: 1,
      outcome: 'success'
    },
    {
      group: 'entertainment',
      mirror: 1,
      hedgeOffsetMs: 0,
      durationMs: 0,
      outcome: 'http-error',
      status: 503
    },
    {
      group: 'entertainment',
      mirror: 2,
      hedgeOffsetMs: 0,
      durationMs: 1,
      outcome: 'success'
    },
    {
      group: 'outdoor',
      mirror: 1,
      hedgeOffsetMs: 0,
      durationMs: 0,
      outcome: 'http-error',
      status: 503
    },
    {
      group: 'outdoor',
      mirror: 2,
      hedgeOffsetMs: 0,
      durationMs: 2,
      outcome: 'success'
    },
    {
      group: 'seasonal',
      mirror: 1,
      hedgeOffsetMs: 0,
      durationMs: 0,
      outcome: 'http-error',
      status: 503
    },
    {
      group: 'seasonal',
      mirror: 2,
      hedgeOffsetMs: 0,
      durationMs: 1,
      outcome: 'success'
    }
  ]
}
✔ real handler razed: forward/reverse seasonal and ordinary flags, result order, later mirror (46.779256ms)
✔ real handler razed: reconstructed contextual seasonal evidence and ordinary namespace parity (7.648123ms)
[discovery] provider-chain {
  mode: 'date-night',
  strategy: 'hedged',
  source: 'live',
  durationMs: 1,
  budgetExhausted: false,
  requestedGroups: 1,
  successfulGroups: 1,
  failedGroups: 0,
  partial: false,
  groups: [
    {
      group: 'seasonal',
      outcome: 'success',
      durationMs: 1,
      winnerMirror: 2
    }
  ],
  attempts: [
    {
      group: 'seasonal',
      mirror: 1,
      hedgeOffsetMs: 0,
      durationMs: 0,
      outcome: 'http-error',
      status: 503
    },
    {
      group: 'seasonal',
      mirror: 2,
      hedgeOffsetMs: 0,
      durationMs: 0,
      outcome: 'success'
    }
  ]
}
[discovery] provider-chain {
  mode: 'date-night',
  strategy: 'hedged',
  source: 'live',
  durationMs: 1,
  budgetExhausted: false,
  requestedGroups: 1,
  successfulGroups: 1,
  failedGroups: 0,
  partial: false,
  groups: [
    {
      group: 'seasonal',
      outcome: 'success',
      durationMs: 1,
      winnerMirror: 2
    }
  ],
  attempts: [
    {
      group: 'seasonal',
      mirror: 1,
      hedgeOffsetMs: 0,
      durationMs: 0,
      outcome: 'http-error',
      status: 503
    },
    {
      group: 'seasonal',
      mirror: 2,
      hedgeOffsetMs: 0,
      durationMs: 0,
      outcome: 'success'
    }
  ]
}
[discovery] provider-chain {
  mode: 'date-night',
  strategy: 'hedged',
  source: 'live',
  durationMs: 2,
  budgetExhausted: false,
  requestedGroups: 4,
  successfulGroups: 4,
  failedGroups: 0,
  partial: false,
  groups: [
    {
      group: 'seasonal',
      outcome: 'success',
      durationMs: 1,
      winnerMirror: 2
    },
    {
      group: 'entertainment',
      outcome: 'success',
      durationMs: 2,
      winnerMirror: 2
    },
    {
      group: 'culture',
      outcome: 'success',
      durationMs: 1,
      winnerMirror: 2
    },
    {
      group: 'outdoor',
      outcome: 'success',
      durationMs: 2,
      winnerMirror: 2
    }
  ],
  attempts: [
    {
      group: 'culture',
      mirror: 1,
      hedgeOffsetMs: 0,
      durationMs: 0,
      outcome: 'http-error',
      status: 503
    },
    {
      group: 'culture',
      mirror: 2,
      hedgeOffsetMs: 0,
      durationMs: 1,
      outcome: 'success'
    },
    {
      group: 'entertainment',
      mirror: 1,
      hedgeOffsetMs: 0,
      durationMs: 0,
      outcome: 'http-error',
      status: 503
    },
    {
      group: 'entertainment',
      mirror: 2,
      hedgeOffsetMs: 0,
      durationMs: 1,
      outcome: 'success'
    },
    {
      group: 'outdoor',
      mirror: 1,
      hedgeOffsetMs: 0,
      durationMs: 0,
      outcome: 'http-error',
      status: 503
    },
    {
      group: 'outdoor',
      mirror: 2,
      hedgeOffsetMs: 0,
      durationMs: 2,
      outcome: 'success'
    },
    {
      group: 'seasonal',
      mirror: 1,
      hedgeOffsetMs: 0,
      durationMs: 0,
      outcome: 'http-error',
      status: 503
    },
    {
      group: 'seasonal',
      mirror: 2,
      hedgeOffsetMs: 0,
      durationMs: 1,
      outcome: 'success'
    }
  ]
}
[discovery] provider-chain {
  mode: 'date-night',
  strategy: 'hedged',
  source: 'live',
  durationMs: 1,
  budgetExhausted: false,
  requestedGroups: 1,
  successfulGroups: 1,
  failedGroups: 0,
  partial: false,
  groups: [
    {
      group: 'seasonal',
      outcome: 'success',
      durationMs: 1,
      winnerMirror: 2
    }
  ],
  attempts: [
    {
      group: 'seasonal',
      mirror: 1,
      hedgeOffsetMs: 0,
      durationMs: 0,
      outcome: 'http-error',
      status: 503
    },
    {
      group: 'seasonal',
      mirror: 2,
      hedgeOffsetMs: 0,
      durationMs: 0,
      outcome: 'success'
    }
  ]
}
[discovery] provider-chain {
  mode: 'date-night',
  strategy: 'hedged',
  source: 'live',
  durationMs: 1,
  budgetExhausted: false,
  requestedGroups: 1,
  successfulGroups: 1,
  failedGroups: 0,
  partial: false,
  groups: [
    {
      group: 'seasonal',
      outcome: 'success',
      durationMs: 1,
      winnerMirror: 2
    }
  ],
  attempts: [
    {
      group: 'seasonal',
      mirror: 1,
      hedgeOffsetMs: 0,
      durationMs: 0,
      outcome: 'http-error',
      status: 503
    },
    {
      group: 'seasonal',
      mirror: 2,
      hedgeOffsetMs: 0,
      durationMs: 0,
      outcome: 'success'
    }
  ]
}
[discovery] provider-chain {
  mode: 'date-night',
  strategy: 'hedged',
  source: 'live',
  durationMs: 2,
  budgetExhausted: false,
  requestedGroups: 4,
  successfulGroups: 4,
  failedGroups: 0,
  partial: false,
  groups: [
    {
      group: 'seasonal',
      outcome: 'success',
      durationMs: 1,
      winnerMirror: 2
    },
    {
      group: 'entertainment',
      outcome: 'success',
      durationMs: 2,
      winnerMirror: 2
    },
    {
      group: 'culture',
      outcome: 'success',
      durationMs: 1,
      winnerMirror: 2
    },
    {
      group: 'outdoor',
      outcome: 'success',
      durationMs: 2,
      winnerMirror: 2
    }
  ],
  attempts: [
    {
      group: 'culture',
      mirror: 1,
      hedgeOffsetMs: 0,
      durationMs: 0,
      outcome: 'http-error',
      status: 503
    },
    {
      group: 'culture',
      mirror: 2,
      hedgeOffsetMs: 0,
      durationMs: 1,
      outcome: 'success'
    },
    {
      group: 'entertainment',
      mirror: 1,
      hedgeOffsetMs: 0,
      durationMs: 0,
      outcome: 'http-error',
      status: 503
    },
    {
      group: 'entertainment',
      mirror: 2,
      hedgeOffsetMs: 0,
      durationMs: 1,
      outcome: 'success'
    },
    {
      group: 'outdoor',
      mirror: 1,
      hedgeOffsetMs: 0,
      durationMs: 0,
      outcome: 'http-error',
      status: 503
    },
    {
      group: 'outdoor',
      mirror: 2,
      hedgeOffsetMs: 0,
      durationMs: 2,
      outcome: 'success'
    },
    {
      group: 'seasonal',
      mirror: 1,
      hedgeOffsetMs: 0,
      durationMs: 0,
      outcome: 'http-error',
      status: 503
    },
    {
      group: 'seasonal',
      mirror: 2,
      hedgeOffsetMs: 0,
      durationMs: 1,
      outcome: 'success'
    }
  ]
}
[discovery] provider-chain {
  mode: 'date-night',
  strategy: 'hedged',
  source: 'live',
  durationMs: 1,
  budgetExhausted: false,
  requestedGroups: 1,
  successfulGroups: 1,
  failedGroups: 0,
  partial: false,
  groups: [
    {
      group: 'culture',
      outcome: 'success',
      durationMs: 1,
      winnerMirror: 2
    }
  ],
  attempts: [
    {
      group: 'culture',
      mirror: 1,
      hedgeOffsetMs: 0,
      durationMs: 0,
      outcome: 'http-error',
      status: 503
    },
    {
      group: 'culture',
      mirror: 2,
      hedgeOffsetMs: 0,
      durationMs: 0,
      outcome: 'success'
    }
  ]
}
[discovery] provider-chain {
  mode: 'date-night',
  strategy: 'hedged',
  source: 'live',
  durationMs: 1,
  budgetExhausted: false,
  requestedGroups: 1,
  successfulGroups: 1,
  failedGroups: 0,
  partial: false,
  groups: [
    {
      group: 'culture',
      outcome: 'success',
      durationMs: 1,
      winnerMirror: 2
    }
  ],
  attempts: [
    {
      group: 'culture',
      mirror: 1,
      hedgeOffsetMs: 0,
      durationMs: 0,
      outcome: 'http-error',
      status: 503
    },
    {
      group: 'culture',
      mirror: 2,
      hedgeOffsetMs: 0,
      durationMs: 0,
      outcome: 'success'
    }
  ]
}
[discovery] provider-chain {
  mode: 'date-night',
  strategy: 'hedged',
  source: 'live',
  durationMs: 5,
  budgetExhausted: false,
  requestedGroups: 4,
  successfulGroups: 4,
  failedGroups: 0,
  partial: false,
  groups: [
    {
      group: 'seasonal',
      outcome: 'success',
      durationMs: 4,
      winnerMirror: 2
    },
    {
      group: 'entertainment',
      outcome: 'success',
      durationMs: 5,
      winnerMirror: 2
    },
    {
      group: 'culture',
      outcome: 'success',
      durationMs: 1,
      winnerMirror: 2
    },
    {
      group: 'outdoor',
      outcome: 'success',
      durationMs: 5,
      winnerMirror: 2
    }
  ],
  attempts: [
    {
      group: 'culture',
      mirror: 1,
      hedgeOffsetMs: 0,
      durationMs: 0,
      outcome: 'http-error',
      status: 503
    },
    {
      group: 'culture',
      mirror: 2,
      hedgeOffsetMs: 0,
      durationMs: 1,
      outcome: 'success'
    },
    {
      group: 'entertainment',
      mirror: 1,
      hedgeOffsetMs: 0,
      durationMs: 0,
      outcome: 'http-error',
      status: 503
    },
    {
      group: 'entertainment',
      mirror: 2,
      hedgeOffsetMs: 0,
      durationMs: 4,
      outcome: 'success'
    },
    {
      group: 'outdoor',
      mirror: 1,
      hedgeOffsetMs: 0,
      durationMs: 0,
      outcome: 'http-error',
      status: 503
    },
    {
      group: 'outdoor',
      mirror: 2,
      hedgeOffsetMs: 0,
      durationMs: 4,
      outcome: 'success'
    },
    {
      group: 'seasonal',
      mirror: 1,
      hedgeOffsetMs: 0,
      durationMs: 1,
      outcome: 'http-error',
      status: 503
    },
    {
      group: 'seasonal',
      mirror: 2,
      hedgeOffsetMs: 1,
      durationMs: 3,
      outcome: 'success'
    }
  ]
}
[discovery] provider-chain {
  mode: 'date-night',
  strategy: 'hedged',
  source: 'live',
  durationMs: 1,
  budgetExhausted: false,
  requestedGroups: 1,
  successfulGroups: 1,
  failedGroups: 0,
  partial: false,
  groups: [
    {
      group: 'culture',
      outcome: 'success',
      durationMs: 1,
      winnerMirror: 2
    }
  ],
  attempts: [
    {
      group: 'culture',
      mirror: 1,
      hedgeOffsetMs: 0,
      durationMs: 0,
      outcome: 'http-error',
      status: 503
    },
    {
      group: 'culture',
      mirror: 2,
      hedgeOffsetMs: 0,
      durationMs: 0,
      outcome: 'success'
    }
  ]
}
[discovery] provider-chain {
  mode: 'date-night',
  strategy: 'hedged',
  source: 'live',
  durationMs: 1,
  budgetExhausted: false,
  requestedGroups: 1,
  successfulGroups: 1,
  failedGroups: 0,
  partial: false,
  groups: [
    {
      group: 'culture',
      outcome: 'success',
      durationMs: 1,
      winnerMirror: 2
    }
  ],
  attempts: [
    {
      group: 'culture',
      mirror: 1,
      hedgeOffsetMs: 0,
      durationMs: 0,
      outcome: 'http-error',
      status: 503
    },
    {
      group: 'culture',
      mirror: 2,
      hedgeOffsetMs: 0,
      durationMs: 0,
      outcome: 'success'
    }
  ]
}
[discovery] provider-chain {
  mode: 'date-night',
  strategy: 'hedged',
  source: 'live',
  durationMs: 2,
  budgetExhausted: false,
  requestedGroups: 4,
  successfulGroups: 4,
  failedGroups: 0,
  partial: false,
  groups: [
    {
      group: 'seasonal',
      outcome: 'success',
      durationMs: 2,
      winnerMirror: 2
    },
    {
      group: 'entertainment',
      outcome: 'success',
      durationMs: 2,
      winnerMirror: 2
    },
    {
      group: 'culture',
      outcome: 'success',
      durationMs: 1,
      winnerMirror: 2
    },
    {
      group: 'outdoor',
      outcome: 'success',
      durationMs: 2,
      winnerMirror: 2
    }
  ],
  attempts: [
    {
      group: 'culture',
      mirror: 1,
      hedgeOffsetMs: 0,
      durationMs: 0,
      outcome: 'http-error',
      status: 503
    },
    {
      group: 'culture',
      mirror: 2,
      hedgeOffsetMs: 0,
      durationMs: 1,
      outcome: 'success'
    },
    {
      group: 'entertainment',
      mirror: 1,
      hedgeOffsetMs: 0,
      durationMs: 0,
      outcome: 'http-error',
      status: 503
    },
    {
      group: 'entertainment',
      mirror: 2,
      hedgeOffsetMs: 0,
      durationMs: 1,
      outcome: 'success'
    },
    {
      group: 'outdoor',
      mirror: 1,
      hedgeOffsetMs: 0,
      durationMs: 0,
      outcome: 'http-error',
      status: 503
    },
    {
      group: 'outdoor',
      mirror: 2,
      hedgeOffsetMs: 0,
      durationMs: 2,
      outcome: 'success'
    },
    {
      group: 'seasonal',
      mirror: 1,
      hedgeOffsetMs: 0,
      durationMs: 0,
      outcome: 'http-error',
      status: 503
    },
    {
      group: 'seasonal',
      mirror: 2,
      hedgeOffsetMs: 0,
      durationMs: 1,
      outcome: 'success'
    }
  ]
}
[discovery] provider-chain {
  mode: 'date-night',
  strategy: 'hedged',
  source: 'live',
  durationMs: 1,
  budgetExhausted: false,
  requestedGroups: 1,
  successfulGroups: 1,
  failedGroups: 0,
  partial: false,
  groups: [
    {
      group: 'culture',
      outcome: 'success',
      durationMs: 1,
      winnerMirror: 2
    }
  ],
  attempts: [
    {
      group: 'culture',
      mirror: 1,
      hedgeOffsetMs: 0,
      durationMs: 0,
      outcome: 'http-error',
      status: 503
    },
    {
      group: 'culture',
      mirror: 2,
      hedgeOffsetMs: 0,
      durationMs: 0,
      outcome: 'success'
    }
  ]
}
[discovery] provider-chain {
  mode: 'date-night',
  strategy: 'hedged',
  source: 'live',
  durationMs: 1,
  budgetExhausted: false,
  requestedGroups: 2,
  successfulGroups: 2,
  failedGroups: 0,
  partial: false,
  groups: [
    {
      group: 'entertainment',
      outcome: 'success',
      durationMs: 1,
      winnerMirror: 2
    },
    {
      group: 'culture',
      outcome: 'success',
      durationMs: 1,
      winnerMirror: 2
    }
  ],
  attempts: [
    {
      group: 'culture',
      mirror: 1,
      hedgeOffsetMs: 0,
      durationMs: 0,
      outcome: 'http-error',
      status: 503
    },
    {
      group: 'culture',
      mirror: 2,
      hedgeOffsetMs: 0,
      durationMs: 1,
      outcome: 'success'
    },
    {
      group: 'entertainment',
      mirror: 1,
      hedgeOffsetMs: 0,
      durationMs: 0,
      outcome: 'http-error',
      status: 503
    },
    {
      group: 'entertainment',
      mirror: 2,
      hedgeOffsetMs: 0,
      durationMs: 1,
      outcome: 'success'
    }
  ]
}
[discovery] provider-chain {
  mode: 'date-night',
  strategy: 'hedged',
  source: 'live',
  durationMs: 2,
  budgetExhausted: false,
  requestedGroups: 4,
  successfulGroups: 4,
  failedGroups: 0,
  partial: false,
  groups: [
    {
      group: 'seasonal',
      outcome: 'success',
      durationMs: 1,
      winnerMirror: 2
    },
    {
      group: 'entertainment',
      outcome: 'success',
      durationMs: 2,
      winnerMirror: 2
    },
    {
      group: 'culture',
      outcome: 'success',
      durationMs: 1,
      winnerMirror: 2
    },
    {
      group: 'outdoor',
      outcome: 'success',
      durationMs: 2,
      winnerMirror: 2
    }
  ],
  attempts: [
    {
      group: 'culture',
      mirror: 1,
      hedgeOffsetMs: 0,
      durationMs: 0,
      outcome: 'http-error',
      status: 503
    },
    {
      group: 'culture',
      mirror: 2,
      hedgeOffsetMs: 0,
      durationMs: 1,
      outcome: 'success'
    },
    {
      group: 'entertainment',
      mirror: 1,
      hedgeOffsetMs: 0,
      durationMs: 0,
      outcome: 'http-error',
      status: 503
    },
    {
      group: 'entertainment',
      mirror: 2,
      hedgeOffsetMs: 0,
      durationMs: 1,
      outcome: 'success'
    },
    {
      group: 'outdoor',
      mirror: 1,
      hedgeOffsetMs: 0,
      durationMs: 0,
      outcome: 'http-error',
      status: 503
    },
    {
      group: 'outdoor',
      mirror: 2,
      hedgeOffsetMs: 0,
      durationMs: 2,
      outcome: 'success'
    },
    {
      group: 'seasonal',
      mirror: 1,
      hedgeOffsetMs: 0,
      durationMs: 0,
      outcome: 'http-error',
      status: 503
    },
    {
      group: 'seasonal',
      mirror: 2,
      hedgeOffsetMs: 0,
      durationMs: 1,
      outcome: 'success'
    }
  ]
}
✔ real handler destroyed: forward/reverse seasonal and ordinary flags, result order, later mirror (41.337407ms)
✔ real handler destroyed: reconstructed contextual seasonal evidence and ordinary namespace parity (5.129628ms)
[discovery] provider-chain {
  mode: 'date-night',
  strategy: 'hedged',
  source: 'live',
  durationMs: 1,
  budgetExhausted: false,
  requestedGroups: 1,
  successfulGroups: 1,
  failedGroups: 0,
  partial: false,
  groups: [
    {
      group: 'seasonal',
      outcome: 'success',
      durationMs: 1,
      winnerMirror: 2
    }
  ],
  attempts: [
    {
      group: 'seasonal',
      mirror: 1,
      hedgeOffsetMs: 0,
      durationMs: 0,
      outcome: 'http-error',
      status: 503
    },
    {
      group: 'seasonal',
      mirror: 2,
      hedgeOffsetMs: 0,
      durationMs: 0,
      outcome: 'success'
    }
  ]
}
[discovery] provider-chain {
  mode: 'date-night',
  strategy: 'hedged',
  source: 'live',
  durationMs: 1,
  budgetExhausted: false,
  requestedGroups: 1,
  successfulGroups: 1,
  failedGroups: 0,
  partial: false,
  groups: [
    {
      group: 'seasonal',
      outcome: 'success',
      durationMs: 1,
      winnerMirror: 2
    }
  ],
  attempts: [
    {
      group: 'seasonal',
      mirror: 1,
      hedgeOffsetMs: 0,
      durationMs: 0,
      outcome: 'http-error',
      status: 503
    },
    {
      group: 'seasonal',
      mirror: 2,
      hedgeOffsetMs: 0,
      durationMs: 1,
      outcome: 'success'
    }
  ]
}
[discovery] provider-chain {
  mode: 'date-night',
  strategy: 'hedged',
  source: 'live',
  durationMs: 3,
  budgetExhausted: false,
  requestedGroups: 4,
  successfulGroups: 4,
  failedGroups: 0,
  partial: false,
  groups: [
    {
      group: 'seasonal',
      outcome: 'success',
      durationMs: 2,
      winnerMirror: 2
    },
    {
      group: 'entertainment',
      outcome: 'success',
      durationMs: 2,
      winnerMirror: 2
    },
    {
      group: 'culture',
      outcome: 'success',
      durationMs: 1,
      winnerMirror: 2
    },
    {
      group: 'outdoor',
      outcome: 'success',
      durationMs: 2,
      winnerMirror: 2
    }
  ],
  attempts: [
    {
      group: 'culture',
      mirror: 1,
      hedgeOffsetMs: 0,
      durationMs: 0,
      outcome: 'http-error',
      status: 503
    },
    {
      group: 'culture',
      mirror: 2,
      hedgeOffsetMs: 0,
      durationMs: 1,
      outcome: 'success'
    },
    {
      group: 'entertainment',
      mirror: 1,
      hedgeOffsetMs: 0,
      durationMs: 0,
      outcome: 'http-error',
      status: 503
    },
    {
      group: 'entertainment',
      mirror: 2,
      hedgeOffsetMs: 0,
      durationMs: 2,
      outcome: 'success'
    },
    {
      group: 'outdoor',
      mirror: 1,
      hedgeOffsetMs: 0,
      durationMs: 0,
      outcome: 'http-error',
      status: 503
    },
    {
      group: 'outdoor',
      mirror: 2,
      hedgeOffsetMs: 0,
      durationMs: 2,
      outcome: 'success'
    },
    {
      group: 'seasonal',
      mirror: 1,
      hedgeOffsetMs: 0,
      durationMs: 0,
      outcome: 'http-error',
      status: 503
    },
    {
      group: 'seasonal',
      mirror: 2,
      hedgeOffsetMs: 0,
      durationMs: 1,
      outcome: 'success'
    }
  ]
}
[discovery] provider-chain {
  mode: 'date-night',
  strategy: 'hedged',
  source: 'live',
  durationMs: 1,
  budgetExhausted: false,
  requestedGroups: 1,
  successfulGroups: 1,
  failedGroups: 0,
  partial: false,
  groups: [
    {
      group: 'seasonal',
      outcome: 'success',
      durationMs: 1,
      winnerMirror: 2
    }
  ],
  attempts: [
    {
      group: 'seasonal',
      mirror: 1,
      hedgeOffsetMs: 0,
      durationMs: 0,
      outcome: 'http-error',
      status: 503
    },
    {
      group: 'seasonal',
      mirror: 2,
      hedgeOffsetMs: 0,
      durationMs: 1,
      outcome: 'success'
    }
  ]
}
[discovery] provider-chain {
  mode: 'date-night',
  strategy: 'hedged',
  source: 'live',
  durationMs: 1,
  budgetExhausted: false,
  requestedGroups: 1,
  successfulGroups: 1,
  failedGroups: 0,
  partial: false,
  groups: [
    {
      group: 'seasonal',
      outcome: 'success',
      durationMs: 1,
      winnerMirror: 2
    }
  ],
  attempts: [
    {
      group: 'seasonal',
      mirror: 1,
      hedgeOffsetMs: 0,
      durationMs: 0,
      outcome: 'http-error',
      status: 503
    },
    {
      group: 'seasonal',
      mirror: 2,
      hedgeOffsetMs: 0,
      durationMs: 0,
      outcome: 'success'
    }
  ]
}
[discovery] provider-chain {
  mode: 'date-night',
  strategy: 'hedged',
  source: 'live',
  durationMs: 4,
  budgetExhausted: false,
  requestedGroups: 4,
  successfulGroups: 4,
  failedGroups: 0,
  partial: false,
  groups: [
    {
      group: 'seasonal',
      outcome: 'success',
      durationMs: 3,
      winnerMirror: 2
    },
    {
      group: 'entertainment',
      outcome: 'success',
      durationMs: 4,
      winnerMirror: 2
    },
    {
      group: 'culture',
      outcome: 'success',
      durationMs: 1,
      winnerMirror: 2
    },
    {
      group: 'outdoor',
      outcome: 'success',
      durationMs: 4,
      winnerMirror: 2
    }
  ],
  attempts: [
    {
      group: 'culture',
      mirror: 1,
      hedgeOffsetMs: 0,
      durationMs: 0,
      outcome: 'http-error',
      status: 503
    },
    {
      group: 'culture',
      mirror: 2,
      hedgeOffsetMs: 0,
      durationMs: 1,
      outcome: 'success'
    },
    {
      group: 'entertainment',
      mirror: 1,
      hedgeOffsetMs: 0,
      durationMs: 0,
      outcome: 'http-error',
      status: 503
    },
    {
      group: 'entertainment',
      mirror: 2,
      hedgeOffsetMs: 0,
      durationMs: 3,
      outcome: 'success'
    },
    {
      group: 'outdoor',
      mirror: 1,
      hedgeOffsetMs: 0,
      durationMs: 0,
      outcome: 'http-error',
      status: 503
    },
    {
      group: 'outdoor',
      mirror: 2,
      hedgeOffsetMs: 0,
      durationMs: 4,
      outcome: 'success'
    },
    {
      group: 'seasonal',
      mirror: 1,
      hedgeOffsetMs: 0,
      durationMs: 0,
      outcome: 'http-error',
      status: 503
    },
    {
      group: 'seasonal',
      mirror: 2,
      hedgeOffsetMs: 0,
      durationMs: 3,
      outcome: 'success'
    }
  ]
}
[discovery] provider-chain {
  mode: 'date-night',
  strategy: 'hedged',
  source: 'live',
  durationMs: 1,
  budgetExhausted: false,
  requestedGroups: 1,
  successfulGroups: 1,
  failedGroups: 0,
  partial: false,
  groups: [
    {
      group: 'culture',
      outcome: 'success',
      durationMs: 1,
      winnerMirror: 2
    }
  ],
  attempts: [
    {
      group: 'culture',
      mirror: 1,
      hedgeOffsetMs: 0,
      durationMs: 0,
      outcome: 'http-error',
      status: 503
    },
    {
      group: 'culture',
      mirror: 2,
      hedgeOffsetMs: 0,
      durationMs: 0,
      outcome: 'success'
    }
  ]
}
[discovery] provider-chain {
  mode: 'date-night',
  strategy: 'hedged',
  source: 'live',
  durationMs: 1,
  budgetExhausted: false,
  requestedGroups: 1,
  successfulGroups: 1,
  failedGroups: 0,
  partial: false,
  groups: [
    {
      group: 'culture',
      outcome: 'success',
      durationMs: 1,
      winnerMirror: 2
    }
  ],
  attempts: [
    {
      group: 'culture',
      mirror: 1,
      hedgeOffsetMs: 0,
      durationMs: 0,
      outcome: 'http-error',
      status: 503
    },
    {
      group: 'culture',
      mirror: 2,
      hedgeOffsetMs: 0,
      durationMs: 0,
      outcome: 'success'
    }
  ]
}
[discovery] provider-chain {
  mode: 'date-night',
  strategy: 'hedged',
  source: 'live',
  durationMs: 7,
  budgetExhausted: false,
  requestedGroups: 4,
  successfulGroups: 4,
  failedGroups: 0,
  partial: false,
  groups: [
    {
      group: 'seasonal',
      outcome: 'success',
      durationMs: 6,
      winnerMirror: 2
    },
    {
      group: 'entertainment',
      outcome: 'success',
      durationMs: 6,
      winnerMirror: 2
    },
    {
      group: 'culture',
      outcome: 'success',
      durationMs: 1,
      winnerMirror: 2
    },
    {
      group: 'outdoor',
      outcome: 'success',
      durationMs: 7,
      winnerMirror: 2
    }
  ],
  attempts: [
    {
      group: 'culture',
      mirror: 1,
      hedgeOffsetMs: 0,
      durationMs: 0,
      outcome: 'http-error',
      status: 503
    },
    {
      group: 'culture',
      mirror: 2,
      hedgeOffsetMs: 0,
      durationMs: 1,
      outcome: 'success'
    },
    {
      group: 'entertainment',
      mirror: 1,
      hedgeOffsetMs: 0,
      durationMs: 0,
      outcome: 'http-error',
      status: 503
    },
    {
      group: 'entertainment',
      mirror: 2,
      hedgeOffsetMs: 0,
      durationMs: 6,
      outcome: 'success'
    },
    {
      group: 'outdoor',
      mirror: 1,
      hedgeOffsetMs: 0,
      durationMs: 0,
      outcome: 'http-error',
      status: 503
    },
    {
      group: 'outdoor',
      mirror: 2,
      hedgeOffsetMs: 0,
      durationMs: 6,
      outcome: 'success'
    },
    {
      group: 'seasonal',
      mirror: 1,
      hedgeOffsetMs: 0,
      durationMs: 0,
      outcome: 'http-error',
      status: 503
    },
    {
      group: 'seasonal',
      mirror: 2,
      hedgeOffsetMs: 0,
      durationMs: 1,
      outcome: 'success'
    }
  ]
}
[discovery] provider-chain {
  mode: 'date-night',
  strategy: 'hedged',
  source: 'live',
  durationMs: 1,
  budgetExhausted: false,
  requestedGroups: 1,
  successfulGroups: 1,
  failedGroups: 0,
  partial: false,
  groups: [
    {
      group: 'culture',
      outcome: 'success',
      durationMs: 1,
      winnerMirror: 2
    }
  ],
  attempts: [
    {
      group: 'culture',
      mirror: 1,
      hedgeOffsetMs: 0,
      durationMs: 0,
      outcome: 'http-error',
      status: 503
    },
    {
      group: 'culture',
      mirror: 2,
      hedgeOffsetMs: 0,
      durationMs: 1,
      outcome: 'success'
    }
  ]
}
[discovery] provider-chain {
  mode: 'date-night',
  strategy: 'hedged',
  source: 'live',
  durationMs: 1,
  budgetExhausted: false,
  requestedGroups: 1,
  successfulGroups: 1,
  failedGroups: 0,
  partial: false,
  groups: [
    {
      group: 'culture',
      outcome: 'success',
      durationMs: 1,
      winnerMirror: 2
    }
  ],
  attempts: [
    {
      group: 'culture',
      mirror: 1,
      hedgeOffsetMs: 0,
      durationMs: 0,
      outcome: 'http-error',
      status: 503
    },
    {
      group: 'culture',
      mirror: 2,
      hedgeOffsetMs: 0,
      durationMs: 0,
      outcome: 'success'
    }
  ]
}
[discovery] provider-chain {
  mode: 'date-night',
  strategy: 'hedged',
  source: 'live',
  durationMs: 5,
  budgetExhausted: false,
  requestedGroups: 4,
  successfulGroups: 4,
  failedGroups: 0,
  partial: false,
  groups: [
    {
      group: 'seasonal',
      outcome: 'success',
      durationMs: 5,
      winnerMirror: 2
    },
    {
      group: 'entertainment',
      outcome: 'success',
      durationMs: 2,
      winnerMirror: 2
    },
    {
      group: 'culture',
      outcome: 'success',
      durationMs: 1,
      winnerMirror: 2
    },
    {
      group: 'outdoor',
      outcome: 'success',
      durationMs: 2,
      winnerMirror: 2
    }
  ],
  attempts: [
    {
      group: 'culture',
      mirror: 1,
      hedgeOffsetMs: 0,
      durationMs: 0,
      outcome: 'http-error',
      status: 503
    },
    {
      group: 'culture',
      mirror: 2,
      hedgeOffsetMs: 0,
      durationMs: 1,
      outcome: 'success'
    },
    {
      group: 'entertainment',
      mirror: 1,
      hedgeOffsetMs: 0,
      durationMs: 0,
      outcome: 'http-error',
      status: 503
    },
    {
      group: 'entertainment',
      mirror: 2,
      hedgeOffsetMs: 0,
      durationMs: 1,
      outcome: 'success'
    },
    {
      group: 'outdoor',
      mirror: 1,
      hedgeOffsetMs: 0,
      durationMs: 0,
      outcome: 'http-error',
      status: 503
    },
    {
      group: 'outdoor',
      mirror: 2,
      hedgeOffsetMs: 0,
      durationMs: 2,
      outcome: 'success'
    },
    {
      group: 'seasonal',
      mirror: 1,
      hedgeOffsetMs: 0,
      durationMs: 4,
      outcome: 'http-error',
      status: 503
    },
    {
      group: 'seasonal',
      mirror: 2,
      hedgeOffsetMs: 4,
      durationMs: 1,
      outcome: 'success'
    }
  ]
}
[discovery] provider-chain {
  mode: 'date-night',
  strategy: 'hedged',
  source: 'live',
  durationMs: 1,
  budgetExhausted: false,
  requestedGroups: 1,
  successfulGroups: 1,
  failedGroups: 0,
  partial: false,
  groups: [
    {
      group: 'culture',
      outcome: 'success',
      durationMs: 1,
      winnerMirror: 2
    }
  ],
  attempts: [
    {
      group: 'culture',
      mirror: 1,
      hedgeOffsetMs: 0,
      durationMs: 0,
      outcome: 'http-error',
      status: 503
    },
    {
      group: 'culture',
      mirror: 2,
      hedgeOffsetMs: 0,
      durationMs: 1,
      outcome: 'success'
    }
  ]
}
[discovery] provider-chain {
  mode: 'date-night',
  strategy: 'hedged',
  source: 'live',
  durationMs: 1,
  budgetExhausted: false,
  requestedGroups: 2,
  successfulGroups: 2,
  failedGroups: 0,
  partial: false,
  groups: [
    {
      group: 'entertainment',
      outcome: 'success',
      durationMs: 1,
      winnerMirror: 2
    },
    {
      group: 'culture',
      outcome: 'success',
      durationMs: 1,
      winnerMirror: 2
    }
  ],
  attempts: [
    {
      group: 'culture',
      mirror: 1,
      hedgeOffsetMs: 0,
      durationMs: 0,
      outcome: 'http-error',
      status: 503
    },
    {
      group: 'culture',
      mirror: 2,
      hedgeOffsetMs: 0,
      durationMs: 0,
      outcome: 'success'
    },
    {
      group: 'entertainment',
      mirror: 1,
      hedgeOffsetMs: 0,
      durationMs: 0,
      outcome: 'http-error',
      status: 503
    },
    {
      group: 'entertainment',
      mirror: 2,
      hedgeOffsetMs: 0,
      durationMs: 1,
      outcome: 'success'
    }
  ]
}
[discovery] provider-chain {
  mode: 'date-night',
  strategy: 'hedged',
  source: 'live',
  durationMs: 2,
  budgetExhausted: false,
  requestedGroups: 4,
  successfulGroups: 4,
  failedGroups: 0,
  partial: false,
  groups: [
    {
      group: 'seasonal',
      outcome: 'success',
      durationMs: 2,
      winnerMirror: 2
    },
    {
      group: 'entertainment',
      outcome: 'success',
      durationMs: 2,
      winnerMirror: 2
    },
    {
      group: 'culture',
      outcome: 'success',
      durationMs: 1,
      winnerMirror: 2
    },
    {
      group: 'outdoor',
      outcome: 'success',
      durationMs: 2,
      winnerMirror: 2
    }
  ],
  attempts: [
    {
      group: 'culture',
      mirror: 1,
      hedgeOffsetMs: 0,
      durationMs: 0,
      outcome: 'http-error',
      status: 503
    },
    {
      group: 'culture',
      mirror: 2,
      hedgeOffsetMs: 0,
      durationMs: 1,
      outcome: 'success'
    },
    {
      group: 'entertainment',
      mirror: 1,
      hedgeOffsetMs: 0,
      durationMs: 0,
      outcome: 'http-error',
      status: 503
    },
    {
      group: 'entertainment',
      mirror: 2,
      hedgeOffsetMs: 0,
      durationMs: 2,
      outcome: 'success'
    },
    {
      group: 'outdoor',
      mirror: 1,
      hedgeOffsetMs: 0,
      durationMs: 0,
      outcome: 'http-error',
      status: 503
    },
    {
      group: 'outdoor',
      mirror: 2,
      hedgeOffsetMs: 1,
      durationMs: 2,
      outcome: 'success'
    },
    {
      group: 'seasonal',
      mirror: 1,
      hedgeOffsetMs: 0,
      durationMs: 0,
      outcome: 'http-error',
      status: 503
    },
    {
      group: 'seasonal',
      mirror: 2,
      hedgeOffsetMs: 0,
      durationMs: 1,
      outcome: 'success'
    }
  ]
}
✔ real handler disused: forward/reverse seasonal and ordinary flags, result order, later mirror (61.838835ms)
✔ real handler disused: reconstructed contextual seasonal evidence and ordinary namespace parity (12.140911ms)
[discovery] provider-chain {
  mode: 'date-night',
  strategy: 'hedged',
  source: 'live',
  durationMs: 1,
  budgetExhausted: false,
  requestedGroups: 1,
  successfulGroups: 1,
  failedGroups: 0,
  partial: false,
  groups: [
    {
      group: 'seasonal',
      outcome: 'success',
      durationMs: 1,
      winnerMirror: 2
    }
  ],
  attempts: [
    {
      group: 'seasonal',
      mirror: 1,
      hedgeOffsetMs: 0,
      durationMs: 0,
      outcome: 'http-error',
      status: 503
    },
    {
      group: 'seasonal',
      mirror: 2,
      hedgeOffsetMs: 0,
      durationMs: 1,
      outcome: 'success'
    }
  ]
}
[discovery] provider-chain {
  mode: 'date-night',
  strategy: 'hedged',
  source: 'live',
  durationMs: 1,
  budgetExhausted: false,
  requestedGroups: 1,
  successfulGroups: 1,
  failedGroups: 0,
  partial: false,
  groups: [
    {
      group: 'seasonal',
      outcome: 'success',
      durationMs: 1,
      winnerMirror: 2
    }
  ],
  attempts: [
    {
      group: 'seasonal',
      mirror: 1,
      hedgeOffsetMs: 0,
      durationMs: 0,
      outcome: 'http-error',
      status: 503
    },
    {
      group: 'seasonal',
      mirror: 2,
      hedgeOffsetMs: 0,
      durationMs: 1,
      outcome: 'success'
    }
  ]
}
[discovery] provider-chain {
  mode: 'date-night',
  strategy: 'hedged',
  source: 'live',
  durationMs: 2,
  budgetExhausted: false,
  requestedGroups: 4,
  successfulGroups: 4,
  failedGroups: 0,
  partial: false,
  groups: [
    {
      group: 'seasonal',
      outcome: 'success',
      durationMs: 2,
      winnerMirror: 2
    },
    {
      group: 'entertainment',
      outcome: 'success',
      durationMs: 2,
      winnerMirror: 2
    },
    {
      group: 'culture',
      outcome: 'success',
      durationMs: 1,
      winnerMirror: 2
    },
    {
      group: 'outdoor',
      outcome: 'success',
      durationMs: 2,
      winnerMirror: 2
    }
  ],
  attempts: [
    {
      group: 'culture',
      mirror: 1,
      hedgeOffsetMs: 0,
      durationMs: 0,
      outcome: 'http-error',
      status: 503
    },
    {
      group: 'culture',
      mirror: 2,
      hedgeOffsetMs: 0,
      durationMs: 1,
      outcome: 'success'
    },
    {
      group: 'entertainment',
      mirror: 1,
      hedgeOffsetMs: 0,
      durationMs: 0,
      outcome: 'http-error',
      status: 503
    },
    {
      group: 'entertainment',
      mirror: 2,
      hedgeOffsetMs: 0,
      durationMs: 1,
      outcome: 'success'
    },
    {
      group: 'outdoor',
      mirror: 1,
      hedgeOffsetMs: 0,
      durationMs: 0,
      outcome: 'http-error',
      status: 503
    },
    {
      group: 'outdoor',
      mirror: 2,
      hedgeOffsetMs: 0,
      durationMs: 2,
      outcome: 'success'
    },
    {
      group: 'seasonal',
      mirror: 1,
      hedgeOffsetMs: 0,
      durationMs: 0,
      outcome: 'http-error',
      status: 503
    },
    {
      group: 'seasonal',
      mirror: 2,
      hedgeOffsetMs: 0,
      durationMs: 1,
      outcome: 'success'
    }
  ]
}
[discovery] provider-chain {
  mode: 'date-night',
  strategy: 'hedged',
  source: 'live',
  durationMs: 1,
  budgetExhausted: false,
  requestedGroups: 1,
  successfulGroups: 1,
  failedGroups: 0,
  partial: false,
  groups: [
    {
      group: 'seasonal',
      outcome: 'success',
      durationMs: 1,
      winnerMirror: 2
    }
  ],
  attempts: [
    {
      group: 'seasonal',
      mirror: 1,
      hedgeOffsetMs: 0,
      durationMs: 0,
      outcome: 'http-error',
      status: 503
    },
    {
      group: 'seasonal',
      mirror: 2,
      hedgeOffsetMs: 0,
      durationMs: 0,
      outcome: 'success'
    }
  ]
}
[discovery] provider-chain {
  mode: 'date-night',
  strategy: 'hedged',
  source: 'live',
  durationMs: 1,
  budgetExhausted: false,
  requestedGroups: 1,
  successfulGroups: 1,
  failedGroups: 0,
  partial: false,
  groups: [
    {
      group: 'seasonal',
      outcome: 'success',
      durationMs: 1,
      winnerMirror: 2
    }
  ],
  attempts: [
    {
      group: 'seasonal',
      mirror: 1,
      hedgeOffsetMs: 0,
      durationMs: 0,
      outcome: 'http-error',
      status: 503
    },
    {
      group: 'seasonal',
      mirror: 2,
      hedgeOffsetMs: 0,
      durationMs: 0,
      outcome: 'success'
    }
  ]
}
[discovery] provider-chain {
  mode: 'date-night',
  strategy: 'hedged',
  source: 'live',
  durationMs: 6,
  budgetExhausted: false,
  requestedGroups: 4,
  successfulGroups: 4,
  failedGroups: 0,
  partial: false,
  groups: [
    {
      group: 'seasonal',
      outcome: 'success',
      durationMs: 5,
      winnerMirror: 2
    },
    {
      group: 'entertainment',
      outcome: 'success',
      durationMs: 5,
      winnerMirror: 2
    },
    {
      group: 'culture',
      outcome: 'success',
      durationMs: 1,
      winnerMirror: 2
    },
    {
      group: 'outdoor',
      outcome: 'success',
      durationMs: 6,
      winnerMirror: 2
    }
  ],
  attempts: [
    {
      group: 'culture',
      mirror: 1,
      hedgeOffsetMs: 0,
      durationMs: 0,
      outcome: 'http-error',
      status: 503
    },
    {
      group: 'culture',
      mirror: 2,
      hedgeOffsetMs: 0,
      durationMs: 1,
      outcome: 'success'
    },
    {
      group: 'entertainment',
      mirror: 1,
      hedgeOffsetMs: 0,
      durationMs: 0,
      outcome: 'http-error',
      status: 503
    },
    {
      group: 'entertainment',
      mirror: 2,
      hedgeOffsetMs: 0,
      durationMs: 5,
      outcome: 'success'
    },
    {
      group: 'outdoor',
      mirror: 1,
      hedgeOffsetMs: 0,
      durationMs: 0,
      outcome: 'http-error',
      status: 503
    },
    {
      group: 'outdoor',
      mirror: 2,
      hedgeOffsetMs: 0,
      durationMs: 5,
      outcome: 'success'
    },
    {
      group: 'seasonal',
      mirror: 1,
      hedgeOffsetMs: 0,
      durationMs: 0,
      outcome: 'http-error',
      status: 503
    },
    {
      group: 'seasonal',
      mirror: 2,
      hedgeOffsetMs: 0,
      durationMs: 5,
      outcome: 'success'
    }
  ]
}
[discovery] provider-chain {
  mode: 'date-night',
  strategy: 'hedged',
  source: 'live',
  durationMs: 1,
  budgetExhausted: false,
  requestedGroups: 1,
  successfulGroups: 1,
  failedGroups: 0,
  partial: false,
  groups: [
    {
      group: 'culture',
      outcome: 'success',
      durationMs: 1,
      winnerMirror: 2
    }
  ],
  attempts: [
    {
      group: 'culture',
      mirror: 1,
      hedgeOffsetMs: 0,
      durationMs: 0,
      outcome: 'http-error',
      status: 503
    },
    {
      group: 'culture',
      mirror: 2,
      hedgeOffsetMs: 0,
      durationMs: 0,
      outcome: 'success'
    }
  ]
}
[discovery] provider-chain {
  mode: 'date-night',
  strategy: 'hedged',
  source: 'live',
  durationMs: 1,
  budgetExhausted: false,
  requestedGroups: 1,
  successfulGroups: 1,
  failedGroups: 0,
  partial: false,
  groups: [
    {
      group: 'culture',
      outcome: 'success',
      durationMs: 1,
      winnerMirror: 2
    }
  ],
  attempts: [
    {
      group: 'culture',
      mirror: 1,
      hedgeOffsetMs: 0,
      durationMs: 0,
      outcome: 'http-error',
      status: 503
    },
    {
      group: 'culture',
      mirror: 2,
      hedgeOffsetMs: 0,
      durationMs: 0,
      outcome: 'success'
    }
  ]
}
[discovery] provider-chain {
  mode: 'date-night',
  strategy: 'hedged',
  source: 'live',
  durationMs: 3,
  budgetExhausted: false,
  requestedGroups: 4,
  successfulGroups: 4,
  failedGroups: 0,
  partial: false,
  groups: [
    {
      group: 'seasonal',
      outcome: 'success',
      durationMs: 3,
      winnerMirror: 2
    },
    {
      group: 'entertainment',
      outcome: 'success',
      durationMs: 3,
      winnerMirror: 2
    },
    {
      group: 'culture',
      outcome: 'success',
      durationMs: 2,
      winnerMirror: 2
    },
    {
      group: 'outdoor',
      outcome: 'success',
      durationMs: 3,
      winnerMirror: 2
    }
  ],
  attempts: [
    {
      group: 'culture',
      mirror: 1,
      hedgeOffsetMs: 0,
      durationMs: 0,
      outcome: 'http-error',
      status: 503
    },
    {
      group: 'culture',
      mirror: 2,
      hedgeOffsetMs: 0,
      durationMs: 2,
      outcome: 'success'
    },
    {
      group: 'entertainment',
      mirror: 1,
      hedgeOffsetMs: 0,
      durationMs: 0,
      outcome: 'http-error',
      status: 503
    },
    {
      group: 'entertainment',
      mirror: 2,
      hedgeOffsetMs: 0,
      durationMs: 2,
      outcome: 'success'
    },
    {
      group: 'outdoor',
      mirror: 1,
      hedgeOffsetMs: 0,
      durationMs: 0,
      outcome: 'http-error',
      status: 503
    },
    {
      group: 'outdoor',
      mirror: 2,
      hedgeOffsetMs: 0,
      durationMs: 3,
      outcome: 'success'
    },
    {
      group: 'seasonal',
      mirror: 1,
      hedgeOffsetMs: 0,
      durationMs: 0,
      outcome: 'http-error',
      status: 503
    },
    {
      group: 'seasonal',
      mirror: 2,
      hedgeOffsetMs: 0,
      durationMs: 2,
      outcome: 'success'
    }
  ]
}
[discovery] provider-chain {
  mode: 'date-night',
  strategy: 'hedged',
  source: 'live',
  durationMs: 1,
  budgetExhausted: false,
  requestedGroups: 1,
  successfulGroups: 1,
  failedGroups: 0,
  partial: false,
  groups: [
    {
      group: 'culture',
      outcome: 'success',
      durationMs: 1,
      winnerMirror: 2
    }
  ],
  attempts: [
    {
      group: 'culture',
      mirror: 1,
      hedgeOffsetMs: 0,
      durationMs: 0,
      outcome: 'http-error',
      status: 503
    },
    {
      group: 'culture',
      mirror: 2,
      hedgeOffsetMs: 0,
      durationMs: 0,
      outcome: 'success'
    }
  ]
}
[discovery] provider-chain {
  mode: 'date-night',
  strategy: 'hedged',
  source: 'live',
  durationMs: 1,
  budgetExhausted: false,
  requestedGroups: 1,
  successfulGroups: 1,
  failedGroups: 0,
  partial: false,
  groups: [
    {
      group: 'culture',
      outcome: 'success',
      durationMs: 1,
      winnerMirror: 2
    }
  ],
  attempts: [
    {
      group: 'culture',
      mirror: 1,
      hedgeOffsetMs: 0,
      durationMs: 0,
      outcome: 'http-error',
      status: 503
    },
    {
      group: 'culture',
      mirror: 2,
      hedgeOffsetMs: 0,
      durationMs: 0,
      outcome: 'success'
    }
  ]
}
[discovery] provider-chain {
  mode: 'date-night',
  strategy: 'hedged',
  source: 'live',
  durationMs: 3,
  budgetExhausted: false,
  requestedGroups: 4,
  successfulGroups: 4,
  failedGroups: 0,
  partial: false,
  groups: [
    {
      group: 'seasonal',
      outcome: 'success',
      durationMs: 2,
      winnerMirror: 2
    },
    {
      group: 'entertainment',
      outcome: 'success',
      durationMs: 2,
      winnerMirror: 2
    },
    {
      group: 'culture',
      outcome: 'success',
      durationMs: 1,
      winnerMirror: 2
    },
    {
      group: 'outdoor',
      outcome: 'success',
      durationMs: 2,
      winnerMirror: 2
    }
  ],
  attempts: [
    {
      group: 'culture',
      mirror: 1,
      hedgeOffsetMs: 0,
      durationMs: 1,
      outcome: 'http-error',
      status: 503
    },
    {
      group: 'culture',
      mirror: 2,
      hedgeOffsetMs: 1,
      durationMs: 1,
      outcome: 'success'
    },
    {
      group: 'entertainment',
      mirror: 1,
      hedgeOffsetMs: 0,
      durationMs: 1,
      outcome: 'http-error',
      status: 503
    },
    {
      group: 'entertainment',
      mirror: 2,
      hedgeOffsetMs: 1,
      durationMs: 2,
      outcome: 'success'
    },
    {
      group: 'outdoor',
      mirror: 1,
      hedgeOffsetMs: 0,
      durationMs: 0,
      outcome: 'http-error',
      status: 503
    },
    {
      group: 'outdoor',
      mirror: 2,
      hedgeOffsetMs: 0,
      durationMs: 2,
      outcome: 'success'
    },
    {
      group: 'seasonal',
      mirror: 1,
      hedgeOffsetMs: 0,
      durationMs: 1,
      outcome: 'http-error',
      status: 503
    },
    {
      group: 'seasonal',
      mirror: 2,
      hedgeOffsetMs: 1,
      durationMs: 1,
      outcome: 'success'
    }
  ]
}
[discovery] provider-chain {
  mode: 'date-night',
  strategy: 'hedged',
  source: 'live',
  durationMs: 1,
  budgetExhausted: false,
  requestedGroups: 1,
  successfulGroups: 1,
  failedGroups: 0,
  partial: false,
  groups: [
    {
      group: 'culture',
      outcome: 'success',
      durationMs: 1,
      winnerMirror: 2
    }
  ],
  attempts: [
    {
      group: 'culture',
      mirror: 1,
      hedgeOffsetMs: 0,
      durationMs: 0,
      outcome: 'http-error',
      status: 503
    },
    {
      group: 'culture',
      mirror: 2,
      hedgeOffsetMs: 0,
      durationMs: 0,
      outcome: 'success'
    }
  ]
}
[discovery] provider-chain {
  mode: 'date-night',
  strategy: 'hedged',
  source: 'live',
  durationMs: 1,
  budgetExhausted: false,
  requestedGroups: 2,
  successfulGroups: 2,
  failedGroups: 0,
  partial: false,
  groups: [
    {
      group: 'entertainment',
      outcome: 'success',
      durationMs: 1,
      winnerMirror: 2
    },
    {
      group: 'culture',
      outcome: 'success',
      durationMs: 1,
      winnerMirror: 2
    }
  ],
  attempts: [
    {
      group: 'culture',
      mirror: 1,
      hedgeOffsetMs: 0,
      durationMs: 0,
      outcome: 'http-error',
      status: 503
    },
    {
      group: 'culture',
      mirror: 2,
      hedgeOffsetMs: 0,
      durationMs: 0,
      outcome: 'success'
    },
    {
      group: 'entertainment',
      mirror: 1,
      hedgeOffsetMs: 0,
      durationMs: 0,
      outcome: 'http-error',
      status: 503
    },
    {
      group: 'entertainment',
      mirror: 2,
      hedgeOffsetMs: 0,
      durationMs: 1,
      outcome: 'success'
    }
  ]
}
[discovery] provider-chain {
  mode: 'date-night',
  strategy: 'hedged',
  source: 'live',
  durationMs: 2,
  budgetExhausted: false,
  requestedGroups: 4,
  successfulGroups: 4,
  failedGroups: 0,
  partial: false,
  groups: [
    {
      group: 'seasonal',
      outcome: 'success',
      durationMs: 1,
      winnerMirror: 2
    },
    {
      group: 'entertainment',
      outcome: 'success',
      durationMs: 2,
      winnerMirror: 2
    },
    {
      group: 'culture',
      outcome: 'success',
      durationMs: 1,
      winnerMirror: 2
    },
    {
      group: 'outdoor',
      outcome: 'success',
      durationMs: 2,
      winnerMirror: 2
    }
  ],
  attempts: [
    {
      group: 'culture',
      mirror: 1,
      hedgeOffsetMs: 0,
      durationMs: 0,
      outcome: 'http-error',
      status: 503
    },
    {
      group: 'culture',
      mirror: 2,
      hedgeOffsetMs: 0,
      durationMs: 1,
      outcome: 'success'
    },
    {
      group: 'entertainment',
      mirror: 1,
      hedgeOffsetMs: 0,
      durationMs: 0,
      outcome: 'http-error',
      status: 503
    },
    {
      group: 'entertainment',
      mirror: 2,
      hedgeOffsetMs: 0,
      durationMs: 1,
      outcome: 'success'
    },
    {
      group: 'outdoor',
      mirror: 1,
      hedgeOffsetMs: 0,
      durationMs: 0,
      outcome: 'http-error',
      status: 503
    },
    {
      group: 'outdoor',
      mirror: 2,
      hedgeOffsetMs: 0,
      durationMs: 2,
      outcome: 'success'
    },
    {
      group: 'seasonal',
      mirror: 1,
      hedgeOffsetMs: 0,
      durationMs: 0,
      outcome: 'http-error',
      status: 503
    },
    {
      group: 'seasonal',
      mirror: 2,
      hedgeOffsetMs: 0,
      durationMs: 1,
      outcome: 'success'
    }
  ]
}
✔ real handler abandoned: forward/reverse seasonal and ordinary flags, result order, later mirror (49.162998ms)
✔ real handler abandoned: reconstructed contextual seasonal evidence and ordinary namespace parity (5.42957ms)
[discovery] provider-chain {
  mode: 'date-night',
  strategy: 'hedged',
  source: 'live',
  durationMs: 1,
  budgetExhausted: false,
  requestedGroups: 1,
  successfulGroups: 1,
  failedGroups: 0,
  partial: false,
  groups: [
    {
      group: 'seasonal',
      outcome: 'success',
      durationMs: 1,
      winnerMirror: 2
    }
  ],
  attempts: [
    {
      group: 'seasonal',
      mirror: 1,
      hedgeOffsetMs: 0,
      durationMs: 0,
      outcome: 'http-error',
      status: 503
    },
    {
      group: 'seasonal',
      mirror: 2,
      hedgeOffsetMs: 0,
      durationMs: 0,
      outcome: 'success'
    }
  ]
}
[discovery] provider-chain {
  mode: 'date-night',
  strategy: 'hedged',
  source: 'live',
  durationMs: 1,
  budgetExhausted: false,
  requestedGroups: 1,
  successfulGroups: 1,
  failedGroups: 0,
  partial: false,
  groups: [
    {
      group: 'seasonal',
      outcome: 'success',
      durationMs: 1,
      winnerMirror: 2
    }
  ],
  attempts: [
    {
      group: 'seasonal',
      mirror: 1,
      hedgeOffsetMs: 0,
      durationMs: 0,
      outcome: 'http-error',
      status: 503
    },
    {
      group: 'seasonal',
      mirror: 2,
      hedgeOffsetMs: 0,
      durationMs: 0,
      outcome: 'success'
    }
  ]
}
[discovery] provider-chain {
  mode: 'date-night',
  strategy: 'hedged',
  source: 'live',
  durationMs: 2,
  budgetExhausted: false,
  requestedGroups: 4,
  successfulGroups: 4,
  failedGroups: 0,
  partial: false,
  groups: [
    {
      group: 'seasonal',
      outcome: 'success',
      durationMs: 2,
      winnerMirror: 2
    },
    {
      group: 'entertainment',
      outcome: 'success',
      durationMs: 2,
      winnerMirror: 2
    },
    {
      group: 'culture',
      outcome: 'success',
      durationMs: 1,
      winnerMirror: 2
    },
    {
      group: 'outdoor',
      outcome: 'success',
      durationMs: 2,
      winnerMirror: 2
    }
  ],
  attempts: [
    {
      group: 'culture',
      mirror: 1,
      hedgeOffsetMs: 0,
      durationMs: 0,
      outcome: 'http-error',
      status: 503
    },
    {
      group: 'culture',
      mirror: 2,
      hedgeOffsetMs: 0,
      durationMs: 1,
      outcome: 'success'
    },
    {
      group: 'entertainment',
      mirror: 1,
      hedgeOffsetMs: 0,
      durationMs: 0,
      outcome: 'http-error',
      status: 503
    },
    {
      group: 'entertainment',
      mirror: 2,
      hedgeOffsetMs: 0,
      durationMs: 1,
      outcome: 'success'
    },
    {
      group: 'outdoor',
      mirror: 1,
      hedgeOffsetMs: 0,
      durationMs: 0,
      outcome: 'http-error',
      status: 503
    },
    {
      group: 'outdoor',
      mirror: 2,
      hedgeOffsetMs: 0,
      durationMs: 2,
      outcome: 'success'
    },
    {
      group: 'seasonal',
      mirror: 1,
      hedgeOffsetMs: 0,
      durationMs: 1,
      outcome: 'http-error',
      status: 503
    },
    {
      group: 'seasonal',
      mirror: 2,
      hedgeOffsetMs: 1,
      durationMs: 1,
      outcome: 'success'
    }
  ]
}
[discovery] provider-chain {
  mode: 'date-night',
  strategy: 'hedged',
  source: 'live',
  durationMs: 1,
  budgetExhausted: false,
  requestedGroups: 1,
  successfulGroups: 1,
  failedGroups: 0,
  partial: false,
  groups: [
    {
      group: 'seasonal',
      outcome: 'success',
      durationMs: 1,
      winnerMirror: 2
    }
  ],
  attempts: [
    {
      group: 'seasonal',
      mirror: 1,
      hedgeOffsetMs: 0,
      durationMs: 0,
      outcome: 'http-error',
      status: 503
    },
    {
      group: 'seasonal',
      mirror: 2,
      hedgeOffsetMs: 0,
      durationMs: 0,
      outcome: 'success'
    }
  ]
}
[discovery] provider-chain {
  mode: 'date-night',
  strategy: 'hedged',
  source: 'live',
  durationMs: 1,
  budgetExhausted: false,
  requestedGroups: 1,
  successfulGroups: 1,
  failedGroups: 0,
  partial: false,
  groups: [
    {
      group: 'seasonal',
      outcome: 'success',
      durationMs: 1,
      winnerMirror: 2
    }
  ],
  attempts: [
    {
      group: 'seasonal',
      mirror: 1,
      hedgeOffsetMs: 0,
      durationMs: 0,
      outcome: 'http-error',
      status: 503
    },
    {
      group: 'seasonal',
      mirror: 2,
      hedgeOffsetMs: 0,
      durationMs: 0,
      outcome: 'success'
    }
  ]
}
[discovery] provider-chain {
  mode: 'date-night',
  strategy: 'hedged',
  source: 'live',
  durationMs: 4,
  budgetExhausted: false,
  requestedGroups: 4,
  successfulGroups: 4,
  failedGroups: 0,
  partial: false,
  groups: [
    {
      group: 'seasonal',
      outcome: 'success',
      durationMs: 3,
      winnerMirror: 2
    },
    {
      group: 'entertainment',
      outcome: 'success',
      durationMs: 4,
      winnerMirror: 2
    },
    {
      group: 'culture',
      outcome: 'success',
      durationMs: 1,
      winnerMirror: 2
    },
    {
      group: 'outdoor',
      outcome: 'success',
      durationMs: 2,
      winnerMirror: 2
    }
  ],
  attempts: [
    {
      group: 'culture',
      mirror: 1,
      hedgeOffsetMs: 0,
      durationMs: 0,
      outcome: 'http-error',
      status: 503
    },
    {
      group: 'culture',
      mirror: 2,
      hedgeOffsetMs: 0,
      durationMs: 1,
      outcome: 'success'
    },
    {
      group: 'entertainment',
      mirror: 1,
      hedgeOffsetMs: 2,
      durationMs: 0,
      outcome: 'http-error',
      status: 503
    },
    {
      group: 'entertainment',
      mirror: 2,
      hedgeOffsetMs: 2,
      durationMs: 2,
      outcome: 'success'
    },
    {
      group: 'outdoor',
      mirror: 1,
      hedgeOffsetMs: 0,
      durationMs: 0,
      outcome: 'http-error',
      status: 503
    },
    {
      group: 'outdoor',
      mirror: 2,
      hedgeOffsetMs: 0,
      durationMs: 2,
      outcome: 'success'
    },
    {
      group: 'seasonal',
      mirror: 1,
      hedgeOffsetMs: 0,
      durationMs: 2,
      outcome: 'http-error',
      status: 503
    },
    {
      group: 'seasonal',
      mirror: 2,
      hedgeOffsetMs: 2,
      durationMs: 1,
      outcome: 'success'
    }
  ]
}
[discovery] provider-chain {
  mode: 'date-night',
  strategy: 'hedged',
  source: 'live',
  durationMs: 0,
  budgetExhausted: false,
  requestedGroups: 1,
  successfulGroups: 1,
  failedGroups: 0,
  partial: false,
  groups: [
    {
      group: 'culture',
      outcome: 'success',
      durationMs: 0,
      winnerMirror: 2
    }
  ],
  attempts: [
    {
      group: 'culture',
      mirror: 1,
      hedgeOffsetMs: 0,
      durationMs: 0,
      outcome: 'http-error',
      status: 503
    },
    {
      group: 'culture',
      mirror: 2,
      hedgeOffsetMs: 0,
      durationMs: 0,
      outcome: 'success'
    }
  ]
}
[discovery] provider-chain {
  mode: 'date-night',
  strategy: 'hedged',
  source: 'live',
  durationMs: 1,
  budgetExhausted: false,
  requestedGroups: 1,
  successfulGroups: 1,
  failedGroups: 0,
  partial: false,
  groups: [
    {
      group: 'culture',
      outcome: 'success',
      durationMs: 0,
      winnerMirror: 2
    }
  ],
  attempts: [
    {
      group: 'culture',
      mirror: 1,
      hedgeOffsetMs: 0,
      durationMs: 0,
      outcome: 'http-error',
      status: 503
    },
    {
      group: 'culture',
      mirror: 2,
      hedgeOffsetMs: 0,
      durationMs: 0,
      outcome: 'success'
    }
  ]
}
[discovery] provider-chain {
  mode: 'date-night',
  strategy: 'hedged',
  source: 'live',
  durationMs: 4,
  budgetExhausted: false,
  requestedGroups: 4,
  successfulGroups: 4,
  failedGroups: 0,
  partial: false,
  groups: [
    {
      group: 'seasonal',
      outcome: 'success',
      durationMs: 1,
      winnerMirror: 2
    },
    {
      group: 'entertainment',
      outcome: 'success',
      durationMs: 1,
      winnerMirror: 2
    },
    {
      group: 'culture',
      outcome: 'success',
      durationMs: 1,
      winnerMirror: 2
    },
    {
      group: 'outdoor',
      outcome: 'success',
      durationMs: 4,
      winnerMirror: 2
    }
  ],
  attempts: [
    {
      group: 'culture',
      mirror: 1,
      hedgeOffsetMs: 0,
      durationMs: 0,
      outcome: 'http-error',
      status: 503
    },
    {
      group: 'culture',
      mirror: 2,
      hedgeOffsetMs: 0,
      durationMs: 1,
      outcome: 'success'
    },
    {
      group: 'entertainment',
      mirror: 1,
      hedgeOffsetMs: 0,
      durationMs: 0,
      outcome: 'http-error',
      status: 503
    },
    {
      group: 'entertainment',
      mirror: 2,
      hedgeOffsetMs: 0,
      durationMs: 1,
      outcome: 'success'
    },
    {
      group: 'outdoor',
      mirror: 1,
      hedgeOffsetMs: 0,
      durationMs: 0,
      outcome: 'http-error',
      status: 503
    },
    {
      group: 'outdoor',
      mirror: 2,
      hedgeOffsetMs: 0,
      durationMs: 3,
      outcome: 'success'
    },
    {
      group: 'seasonal',
      mirror: 1,
      hedgeOffsetMs: 0,
      durationMs: 0,
      outcome: 'http-error',
      status: 503
    },
    {
      group: 'seasonal',
      mirror: 2,
      hedgeOffsetMs: 0,
      durationMs: 1,
      outcome: 'success'
    }
  ]
}
[discovery] provider-chain {
  mode: 'date-night',
  strategy: 'hedged',
  source: 'live',
  durationMs: 1,
  budgetExhausted: false,
  requestedGroups: 1,
  successfulGroups: 1,
  failedGroups: 0,
  partial: false,
  groups: [
    {
      group: 'culture',
      outcome: 'success',
      durationMs: 1,
      winnerMirror: 2
    }
  ],
  attempts: [
    {
      group: 'culture',
      mirror: 1,
      hedgeOffsetMs: 0,
      durationMs: 0,
      outcome: 'http-error',
      status: 503
    },
    {
      group: 'culture',
      mirror: 2,
      hedgeOffsetMs: 0,
      durationMs: 0,
      outcome: 'success'
    }
  ]
}
[discovery] provider-chain {
  mode: 'date-night',
  strategy: 'hedged',
  source: 'live',
  durationMs: 1,
  budgetExhausted: false,
  requestedGroups: 1,
  successfulGroups: 1,
  failedGroups: 0,
  partial: false,
  groups: [
    {
      group: 'culture',
      outcome: 'success',
      durationMs: 1,
      winnerMirror: 2
    }
  ],
  attempts: [
    {
      group: 'culture',
      mirror: 1,
      hedgeOffsetMs: 0,
      durationMs: 0,
      outcome: 'http-error',
      status: 503
    },
    {
      group: 'culture',
      mirror: 2,
      hedgeOffsetMs: 0,
      durationMs: 1,
      outcome: 'success'
    }
  ]
}
[discovery] provider-chain {
  mode: 'date-night',
  strategy: 'hedged',
  source: 'live',
  durationMs: 2,
  budgetExhausted: false,
  requestedGroups: 4,
  successfulGroups: 4,
  failedGroups: 0,
  partial: false,
  groups: [
    {
      group: 'seasonal',
      outcome: 'success',
      durationMs: 1,
      winnerMirror: 2
    },
    {
      group: 'entertainment',
      outcome: 'success',
      durationMs: 2,
      winnerMirror: 2
    },
    {
      group: 'culture',
      outcome: 'success',
      durationMs: 1,
      winnerMirror: 2
    },
    {
      group: 'outdoor',
      outcome: 'success',
      durationMs: 2,
      winnerMirror: 2
    }
  ],
  attempts: [
    {
      group: 'culture',
      mirror: 1,
      hedgeOffsetMs: 0,
      durationMs: 0,
      outcome: 'http-error',
      status: 503
    },
    {
      group: 'culture',
      mirror: 2,
      hedgeOffsetMs: 0,
      durationMs: 0,
      outcome: 'success'
    },
    {
      group: 'entertainment',
      mirror: 1,
      hedgeOffsetMs: 0,
      durationMs: 0,
      outcome: 'http-error',
      status: 503
    },
    {
      group: 'entertainment',
      mirror: 2,
      hedgeOffsetMs: 0,
      durationMs: 1,
      outcome: 'success'
    },
    {
      group: 'outdoor',
      mirror: 1,
      hedgeOffsetMs: 0,
      durationMs: 0,
      outcome: 'http-error',
      status: 503
    },
    {
      group: 'outdoor',
      mirror: 2,
      hedgeOffsetMs: 0,
      durationMs: 1,
      outcome: 'success'
    },
    {
      group: 'seasonal',
      mirror: 1,
      hedgeOffsetMs: 0,
      durationMs: 0,
      outcome: 'http-error',
      status: 503
    },
    {
      group: 'seasonal',
      mirror: 2,
      hedgeOffsetMs: 0,
      durationMs: 1,
      outcome: 'success'
    }
  ]
}
[discovery] provider-chain {
  mode: 'date-night',
  strategy: 'hedged',
  source: 'live',
  durationMs: 1,
  budgetExhausted: false,
  requestedGroups: 1,
  successfulGroups: 1,
  failedGroups: 0,
  partial: false,
  groups: [
    {
      group: 'culture',
      outcome: 'success',
      durationMs: 0,
      winnerMirror: 2
    }
  ],
  attempts: [
    {
      group: 'culture',
      mirror: 1,
      hedgeOffsetMs: 0,
      durationMs: 0,
      outcome: 'http-error',
      status: 503
    },
    {
      group: 'culture',
      mirror: 2,
      hedgeOffsetMs: 0,
      durationMs: 0,
      outcome: 'success'
    }
  ]
}
[discovery] provider-chain {
  mode: 'date-night',
  strategy: 'hedged',
  source: 'live',
  durationMs: 1,
  budgetExhausted: false,
  requestedGroups: 2,
  successfulGroups: 2,
  failedGroups: 0,
  partial: false,
  groups: [
    {
      group: 'entertainment',
      outcome: 'success',
      durationMs: 1,
      winnerMirror: 2
    },
    {
      group: 'culture',
      outcome: 'success',
      durationMs: 1,
      winnerMirror: 2
    }
  ],
  attempts: [
    {
      group: 'culture',
      mirror: 1,
      hedgeOffsetMs: 0,
      durationMs: 0,
      outcome: 'http-error',
      status: 503
    },
    {
      group: 'culture',
      mirror: 2,
      hedgeOffsetMs: 0,
      durationMs: 0,
      outcome: 'success'
    },
    {
      group: 'entertainment',
      mirror: 1,
      hedgeOffsetMs: 0,
      durationMs: 0,
      outcome: 'http-error',
      status: 503
    },
    {
      group: 'entertainment',
      mirror: 2,
      hedgeOffsetMs: 0,
      durationMs: 1,
      outcome: 'success'
    }
  ]
}
[discovery] provider-chain {
  mode: 'date-night',
  strategy: 'hedged',
  source: 'live',
  durationMs: 2,
  budgetExhausted: false,
  requestedGroups: 4,
  successfulGroups: 4,
  failedGroups: 0,
  partial: false,
  groups: [
    {
      group: 'seasonal',
      outcome: 'success',
      durationMs: 2,
      winnerMirror: 2
    },
    {
      group: 'entertainment',
      outcome: 'success',
      durationMs: 2,
      winnerMirror: 2
    },
    {
      group: 'culture',
      outcome: 'success',
      durationMs: 1,
      winnerMirror: 2
    },
    {
      group: 'outdoor',
      outcome: 'success',
      durationMs: 2,
      winnerMirror: 2
    }
  ],
  attempts: [
    {
      group: 'culture',
      mirror: 1,
      hedgeOffsetMs: 0,
      durationMs: 0,
      outcome: 'http-error',
      status: 503
    },
    {
      group: 'culture',
      mirror: 2,
      hedgeOffsetMs: 0,
      durationMs: 1,
      outcome: 'success'
    },
    {
      group: 'entertainment',
      mirror: 1,
      hedgeOffsetMs: 0,
      durationMs: 0,
      outcome: 'http-error',
      status: 503
    },
    {
      group: 'entertainment',
      mirror: 2,
      hedgeOffsetMs: 0,
      durationMs: 2,
      outcome: 'success'
    },
    {
      group: 'outdoor',
      mirror: 1,
      hedgeOffsetMs: 0,
      durationMs: 0,
      outcome: 'http-error',
      status: 503
    },
    {
      group: 'outdoor',
      mirror: 2,
      hedgeOffsetMs: 0,
      durationMs: 2,
      outcome: 'success'
    },
    {
      group: 'seasonal',
      mirror: 1,
      hedgeOffsetMs: 0,
      durationMs: 0,
      outcome: 'http-error',
      status: 503
    },
    {
      group: 'seasonal',
      mirror: 2,
      hedgeOffsetMs: 0,
      durationMs: 1,
      outcome: 'success'
    }
  ]
}
✔ real handler was: forward/reverse seasonal and ordinary flags, result order, later mirror (46.488769ms)
✔ real handler was: reconstructed contextual seasonal evidence and ordinary namespace parity (19.569698ms)
✔ all supported active seasonal contexts carry simple lifecycle flags independent of category (8.198461ms)
✔ different groups, completion order, duplicate identities and disused/permanent conflicts remain deterministic (6.873646ms)
✔ lifecycle-only, false flags, generic contexts and unsupported status tags never create eligible seasonal leakage (6.504379ms)
✔ negative-key search is exclusively set-bounded, positive queries stay narrow and hostile input never interpolates (0.761507ms)
✔ seasonal live success survives stalled parks and merges saved coverage with honest partial metadata (35.163898ms)
✔ entertainment survives seasonal HTTP failure with selected failed coverage retained (3.524852ms)
✔ valid empty requested group is successful coverage, distinct from missing venues and failed acquisition (1.861425ms)
✔ valid empty success with a failed sibling remains partial live, not fallback or terminal error (5.396662ms)
✔ cross-group equal OSM identity unions disjoint classifications despite changed provider name (1.514042ms)
✔ identical cross-group evidence is deduplicated and permanently closed evidence dominates active siblings (6.810633ms)
✔ malformed missing-elements sibling cannot erase valid seasonal live response (1.769306ms)
✔ malformed remark sibling cannot erase valid seasonal live response (1.763458ms)
✔ malformed invalid-json sibling cannot erase valid seasonal live response (2.695082ms)
✔ all four groups/mirrors stalled settle honest saved fallback at 12.5s (6.389508ms)
✔ all four groups/mirrors stalled settle terminal error at 12.5s (3.77604ms)
✔ all valid-empty groups are live coverage rather than outage even with zero venues (2.038202ms)
✔ Date Night ordinary partial UI preserves live picks and discloses failed groups (588.931113ms)
✔ Date Night seasonal partial UI preserves live picks and discloses failed groups (5.339847ms)
✔ query cost: leisure uses the complete finite exact-value carrier in every independent group (4.790168ms)
✔ query cost: amenity uses the complete finite exact-value carrier in every independent group (2.304583ms)
✔ query cost: tourism uses the complete finite exact-value carrier in every independent group (0.538682ms)
✔ query cost: attraction uses the complete finite exact-value carrier in every independent group (0.381085ms)
✔ query cost: sport uses the complete finite exact-value carrier in every independent group (1.054129ms)
✔ query cost: landuse uses the complete finite exact-value carrier in every independent group (6.00541ms)
✔ query cost: exact acquisition has no extra keys, duplicate clauses or unbounded selectors (2.550453ms)
✔ query cost: the structure guard rejects the diagnosed cinema regex even when shorter (1.312778ms)
✔ query cost: positive query statements and prefixed carrier statements remain unchanged for every measured plan (6.717492ms)
✔ query cost: all 154 audited interpretations and all 111 negative acquisitions survive every requested group (243.500055ms)
✔ query cost: arbitrary permanent suffixes and non-finite lifecycle values remain set-bounded and reachable (19.423789ms)
✔ query cost: equality preserves old acquisition for finite values and near misses, with and without lifecycle flags (446.06473ms)
✔ query cost: four independent groups and the four fixed mirrors remain unchanged (1.399719ms)
[discovery] provider-chain {
  mode: 'date-night',
  strategy: 'hedged',
  source: 'live',
  durationMs: 3,
  budgetExhausted: false,
  requestedGroups: 1,
  successfulGroups: 1,
  failedGroups: 0,
  partial: false,
  groups: [
    {
      group: 'seasonal',
      outcome: 'success',
      durationMs: 3,
      winnerMirror: 2
    }
  ],
  attempts: [
    {
      group: 'seasonal',
      mirror: 1,
      hedgeOffsetMs: 0,
      durationMs: 2,
      outcome: 'http-error',
      status: 503
    },
    {
      group: 'seasonal',
      mirror: 2,
      hedgeOffsetMs: 2,
      durationMs: 1,
      outcome: 'success'
    }
  ]
}
[discovery] provider-chain {
  mode: 'date-night',
  strategy: 'hedged',
  source: 'live',
  durationMs: 1,
  budgetExhausted: false,
  requestedGroups: 1,
  successfulGroups: 1,
  failedGroups: 0,
  partial: false,
  groups: [
    {
      group: 'seasonal',
      outcome: 'success',
      durationMs: 1,
      winnerMirror: 2
    }
  ],
  attempts: [
    {
      group: 'seasonal',
      mirror: 1,
      hedgeOffsetMs: 0,
      durationMs: 0,
      outcome: 'http-error',
      status: 503
    },
    {
      group: 'seasonal',
      mirror: 2,
      hedgeOffsetMs: 0,
      durationMs: 1,
      outcome: 'success'
    }
  ]
}
[discovery] provider-chain {
  mode: 'date-night',
  strategy: 'hedged',
  source: 'live',
  durationMs: 1,
  budgetExhausted: false,
  requestedGroups: 1,
  successfulGroups: 1,
  failedGroups: 0,
  partial: false,
  groups: [
    {
      group: 'seasonal',
      outcome: 'success',
      durationMs: 1,
      winnerMirror: 2
    }
  ],
  attempts: [
    {
      group: 'seasonal',
      mirror: 1,
      hedgeOffsetMs: 0,
      durationMs: 0,
      outcome: 'http-error',
      status: 503
    },
    {
      group: 'seasonal',
      mirror: 2,
      hedgeOffsetMs: 0,
      durationMs: 1,
      outcome: 'success'
    }
  ]
}
[discovery] provider-chain {
  mode: 'date-night',
  strategy: 'hedged',
  source: 'live',
  durationMs: 1,
  budgetExhausted: false,
  requestedGroups: 1,
  successfulGroups: 1,
  failedGroups: 0,
  partial: false,
  groups: [
    {
      group: 'seasonal',
      outcome: 'success',
      durationMs: 1,
      winnerMirror: 2
    }
  ],
  attempts: [
    {
      group: 'seasonal',
      mirror: 1,
      hedgeOffsetMs: 0,
      durationMs: 0,
      outcome: 'http-error',
      status: 503
    },
    {
      group: 'seasonal',
      mirror: 2,
      hedgeOffsetMs: 0,
      durationMs: 0,
      outcome: 'success'
    }
  ]
}
[discovery] provider-chain {
  mode: 'date-night',
  strategy: 'hedged',
  source: 'live',
  durationMs: 1,
  budgetExhausted: false,
  requestedGroups: 1,
  successfulGroups: 1,
  failedGroups: 0,
  partial: false,
  groups: [
    {
      group: 'seasonal',
      outcome: 'success',
      durationMs: 1,
      winnerMirror: 2
    }
  ],
  attempts: [
    {
      group: 'seasonal',
      mirror: 1,
      hedgeOffsetMs: 0,
      durationMs: 0,
      outcome: 'http-error',
      status: 503
    },
    {
      group: 'seasonal',
      mirror: 2,
      hedgeOffsetMs: 0,
      durationMs: 0,
      outcome: 'success'
    }
  ]
}
[discovery] provider-chain {
  mode: 'date-night',
  strategy: 'hedged',
  source: 'live',
  durationMs: 1,
  budgetExhausted: false,
  requestedGroups: 1,
  successfulGroups: 1,
  failedGroups: 0,
  partial: false,
  groups: [
    {
      group: 'seasonal',
      outcome: 'success',
      durationMs: 1,
      winnerMirror: 2
    }
  ],
  attempts: [
    {
      group: 'seasonal',
      mirror: 1,
      hedgeOffsetMs: 0,
      durationMs: 0,
      outcome: 'http-error',
      status: 503
    },
    {
      group: 'seasonal',
      mirror: 2,
      hedgeOffsetMs: 0,
      durationMs: 0,
      outcome: 'success'
    }
  ]
}
[discovery] provider-chain {
  mode: 'date-night',
  strategy: 'hedged',
  source: 'live',
  durationMs: 2,
  budgetExhausted: false,
  requestedGroups: 4,
  successfulGroups: 4,
  failedGroups: 0,
  partial: false,
  groups: [
    {
      group: 'seasonal',
      outcome: 'success',
      durationMs: 2,
      winnerMirror: 2
    },
    {
      group: 'entertainment',
      outcome: 'success',
      durationMs: 2,
      winnerMirror: 2
    },
    {
      group: 'culture',
      outcome: 'success',
      durationMs: 2,
      winnerMirror: 2
    },
    {
      group: 'outdoor',
      outcome: 'success',
      durationMs: 2,
      winnerMirror: 2
    }
  ],
  attempts: [
    {
      group: 'culture',
      mirror: 1,
      hedgeOffsetMs: 0,
      durationMs: 1,
      outcome: 'http-error',
      status: 503
    },
    {
      group: 'culture',
      mirror: 2,
      hedgeOffsetMs: 1,
      durationMs: 2,
      outcome: 'success'
    },
    {
      group: 'entertainment',
      mirror: 1,
      hedgeOffsetMs: 0,
      durationMs: 1,
      outcome: 'http-error',
      status: 503
    },
    {
      group: 'entertainment',
      mirror: 2,
      hedgeOffsetMs: 1,
      durationMs: 2,
      outcome: 'success'
    },
    {
      group: 'outdoor',
      mirror: 1,
      hedgeOffsetMs: 0,
      durationMs: 1,
      outcome: 'http-error',
      status: 503
    },
    {
      group: 'outdoor',
      mirror: 2,
      hedgeOffsetMs: 1,
      durationMs: 2,
      outcome: 'success'
    },
    {
      group: 'seasonal',
      mirror: 1,
      hedgeOffsetMs: 0,
      durationMs: 1,
      outcome: 'http-error',
      status: 503
    },
    {
      group: 'seasonal',
      mirror: 2,
      hedgeOffsetMs: 1,
      durationMs: 2,
      outcome: 'success'
    }
  ]
}
[discovery] provider-chain {
  mode: 'date-night',
  strategy: 'hedged',
  source: 'live',
  durationMs: 5,
  budgetExhausted: false,
  requestedGroups: 4,
  successfulGroups: 4,
  failedGroups: 0,
  partial: false,
  groups: [
    {
      group: 'seasonal',
      outcome: 'success',
      durationMs: 4,
      winnerMirror: 2
    },
    {
      group: 'entertainment',
      outcome: 'success',
      durationMs: 4,
      winnerMirror: 2
    },
    {
      group: 'culture',
      outcome: 'success',
      durationMs: 4,
      winnerMirror: 2
    },
    {
      group: 'outdoor',
      outcome: 'success',
      durationMs: 4,
      winnerMirror: 2
    }
  ],
  attempts: [
    {
      group: 'culture',
      mirror: 1,
      hedgeOffsetMs: 0,
      durationMs: 1,
      outcome: 'http-error',
      status: 503
    },
    {
      group: 'culture',
      mirror: 2,
      hedgeOffsetMs: 1,
      durationMs: 4,
      outcome: 'success'
    },
    {
      group: 'entertainment',
      mirror: 1,
      hedgeOffsetMs: 0,
      durationMs: 1,
      outcome: 'http-error',
      status: 503
    },
    {
      group: 'entertainment',
      mirror: 2,
      hedgeOffsetMs: 1,
      durationMs: 4,
      outcome: 'success'
    },
    {
      group: 'outdoor',
      mirror: 1,
      hedgeOffsetMs: 0,
      durationMs: 1,
      outcome: 'http-error',
      status: 503
    },
    {
      group: 'outdoor',
      mirror: 2,
      hedgeOffsetMs: 1,
      durationMs: 4,
      outcome: 'success'
    },
    {
      group: 'seasonal',
      mirror: 1,
      hedgeOffsetMs: 0,
      durationMs: 1,
      outcome: 'http-error',
      status: 503
    },
    {
      group: 'seasonal',
      mirror: 2,
      hedgeOffsetMs: 1,
      durationMs: 4,
      outcome: 'success'
    }
  ]
}
[discovery] provider-chain {
  mode: 'date-night',
  strategy: 'hedged',
  source: 'live',
  durationMs: 2,
  budgetExhausted: false,
  requestedGroups: 3,
  successfulGroups: 3,
  failedGroups: 0,
  partial: false,
  groups: [
    {
      group: 'entertainment',
      outcome: 'empty',
      durationMs: 2,
      winnerMirror: 1
    },
    {
      group: 'culture',
      outcome: 'success',
      durationMs: 2,
      winnerMirror: 1
    },
    {
      group: 'outdoor',
      outcome: 'empty',
      durationMs: 2,
      winnerMirror: 1
    }
  ],
  attempts: [
    {
      group: 'culture',
      mirror: 1,
      hedgeOffsetMs: 0,
      durationMs: 2,
      outcome: 'success'
    },
    {
      group: 'entertainment',
      mirror: 1,
      hedgeOffsetMs: 0,
      durationMs: 2,
      outcome: 'empty'
    },
    {
      group: 'outdoor',
      mirror: 1,
      hedgeOffsetMs: 0,
      durationMs: 2,
      outcome: 'empty'
    }
  ]
}
[discovery] provider-chain {
  mode: 'date-night',
  strategy: 'hedged',
  source: 'merged',
  durationMs: 1,
  budgetExhausted: false,
  requestedGroups: 1,
  successfulGroups: 1,
  failedGroups: 0,
  partial: false,
  groups: [
    {
      group: 'culture',
      outcome: 'empty',
      durationMs: 0,
      winnerMirror: 1
    }
  ],
  attempts: [
    {
      group: 'culture',
      mirror: 1,
      hedgeOffsetMs: 0,
      durationMs: 0,
      outcome: 'empty'
    }
  ]
}
[discovery] provider-chain {
  mode: 'date-night',
  strategy: 'hedged',
  source: 'merged',
  durationMs: 1,
  budgetExhausted: false,
  requestedGroups: 1,
  successfulGroups: 1,
  failedGroups: 0,
  partial: false,
  groups: [
    {
      group: 'seasonal',
      outcome: 'empty',
      durationMs: 0,
      winnerMirror: 1
    }
  ],
  attempts: [
    {
      group: 'seasonal',
      mirror: 1,
      hedgeOffsetMs: 0,
      durationMs: 0,
      outcome: 'empty'
    }
  ]
}
[discovery] provider-chain {
  mode: 'date-night',
  strategy: 'hedged',
  source: 'merged',
  durationMs: 1,
  budgetExhausted: false,
  requestedGroups: 1,
  successfulGroups: 1,
  failedGroups: 0,
  partial: false,
  groups: [
    {
      group: 'culture',
      outcome: 'empty',
      durationMs: 0,
      winnerMirror: 1
    }
  ],
  attempts: [
    {
      group: 'culture',
      mirror: 1,
      hedgeOffsetMs: 0,
      durationMs: 0,
      outcome: 'empty'
    }
  ]
}
✔ all Date Night database selectors use exact keys; lifecycle regex keys are bounded to a named set (4.588715ms)
✔ all 6167 canonical fixtures preserve selected positive semantics and broad identity-negative lifecycle acquisition (1479.175421ms)
✔ bounded context preselection never leaks generic places into seasonal output (21.202904ms)
✔ precise and lifecycle selectors stay independent of the active context set (9.515075ms)
✔ query fixture interpreter rejects missing/unknown sets, unbounded selectors and unexpected output grammar (3.385961ms)
✔ exact text keys preserve classifier key casing while still matching case-insensitive values (3.176326ms)
✔ Anything, omitted and empty category input produce all and only active query groups (0.937172ms)
✔ specific categories plan only required groups and combine selected siblings (0.206631ms)
✔ query plans and normalized coverage signatures are deterministic without mutating caller input (0.350198ms)
✔ Halloween OFF strips stale seasonal selections and preserves existing Anything fallback (0.533915ms)
✔ activity validation rejects malformed, inherited, unknown and query-injection inputs (4.42774ms)
✔ every ordinary category owns exact active clauses and shares supported identity-negative companions (89.006545ms)
✔ query construction independently enforces concrete whitelist input, finite coordinates and capped radius (0.666133ms)
✔ seasonal-only queries do not acquire unrelated ordinary or seasonal offerings (9.2662ms)
✔ precise seasonal attraction and agricultural maze representations remain reachable (6.37905ms)
✔ selected seasonal metadata remains reachable across every supported context, field and separator (61.791663ms)
✔ retained Exeter theme-park record remains acquired by a Corn Maze-only plan (0.655448ms)
✔ narrowed seasonal acquisition retains lifecycle-only evidence previously reached through broad contexts (12.509456ms)
✔ real selected query cannot resurrect an active duplicate by dropping its lifecycle-only theme-park record (14.16426ms)
✔ RV2 demolished=yes real acquisition parity: anything (8.861771ms)
ℹ {"selection":["anything"],"source":"live","partial":false,"eligible":[],"acquired":["date-night-osm-node-9201","date-night-osm-node-9202"]}
✔ RV2 demolished=yes real acquisition parity: corn-maze + pumpkin-patch (2.764185ms)
ℹ {"selection":["corn-maze","pumpkin-patch"],"source":"live","partial":false,"eligible":[],"acquired":["date-night-osm-node-9201","date-night-osm-node-9202"]}
✔ RV2 demolished=yes real acquisition parity: pumpkin-patch (1.403995ms)
ℹ {"selection":["pumpkin-patch"],"source":"live","partial":false,"eligible":[],"acquired":["date-night-osm-node-9202"]}
✔ RV2 demolished=yes real acquisition parity: corn-maze (2.15082ms)
ℹ {"selection":["corn-maze"],"source":"live","partial":false,"eligible":[],"acquired":["date-night-osm-node-9201","date-night-osm-node-9202"]}
✔ V-DR-01 cross-tag demolition excludes active Corn identity for corn-maze in either provider/result order (9.506562ms)
✔ V-DR-01 cross-tag demolition excludes active Corn identity for pumpkin-patch in either provider/result order (5.915222ms)
✔ V-DR-01 cross-tag demolition excludes active Corn identity for corn-maze + pumpkin-patch in either provider/result order (6.711562ms)
✔ V-DR-01 cross-tag demolition excludes active Corn identity for anything in either provider/result order (12.2465ms)
✔ V-DR-01 Pumpkin-only retains reverse demolished:corn_maze lifecycle companion (1.556766ms)
✔ V-DR-01 Pumpkin-only retains reverse disused:haunted_house lifecycle companion (1.391606ms)
✔ V-DR-01 ordinary Movies narrowing retains matching Museum demolition with Halloween both OFF and ON (2.600809ms)
✔ V-DR-01 Halloween OFF preserves the same seasonal-classification boundary for Anything and narrowed ordinary queries (5.145923ms)
✔ V-DR-01 unrelated negatives cannot suppress an active identity or leak into eligible positive results (2.229999ms)
✔ V-DR-01 negative companions span supported categories while affirmative clauses remain narrow (31.619727ms)
✔ narrowed acquisition never turns generic, negative or unrelated evidence into seasonal classification (7.814573ms)
✔ real server validator rejects hostile category input before any provider request (0.787787ms)
✔ real server request uses validated selected clauses, normalizes inactive seasonal input and preserves radius cap (3.239711ms)
✔ radial cache counts valid-empty successful patches as proof and outer success never covers missing core (13.635507ms)
✔ a failed outermost patch preserves 0–40 completeness; retry work is only missing patch/category (2.901633ms)
✔ radial cache rejects fallback as coverage (0.37127ms)
✔ radial cache rejects failed as coverage (3.875129ms)
✔ radial cache rejects cancelled as coverage (0.402727ms)
✔ radial cache rejects cache-hit as coverage (0.266171ms)
✔ radial cache rejects legacy as coverage (0.254554ms)
✔ radial cache rejects wrong-patch as coverage (0.732844ms)
✔ radial cache rejects wrong-version as coverage (0.273553ms)
✔ positive circle overlap is owned once; identities/evidence dedupe without clipping classifications (14.280389ms)
✔ radial V-DR-02: maxEntries eviction cannot resurrect superseded patch/category authority (1.164795ms)
✔ radial V-DR-02: maxVenues eviction cannot resurrect superseded patch/category authority (1.300825ms)
✔ radial cross-patch/category negative evidence suppresses positives and eviction cannot resurrect them (5.323331ms)
✔ legacy disk authority and patch authority never satisfy or supersede one another (0.774978ms)
✔ TTL/eviction remove proof; radius and semantic changes are scoped; local eligibility strictly clips (2.550373ms)
✔ succeeded-nonempty: core first, then exactly 250ms after a slow successful outer settlement (27.125044ms)
✔ succeeded-empty: core first, then exactly 250ms after a slow successful outer settlement (19.223162ms)
✔ outer start floor with 0ms latency survives repeated compatible updates (11.671047ms)
✔ outer start floor with 100ms latency survives repeated compatible updates (15.27647ms)
✔ outer start floor with 749ms latency survives repeated compatible updates (10.341372ms)
✔ outer start floor with 750ms latency survives repeated compatible updates (15.664885ms)
✔ outer start floor with 900ms latency survives repeated compatible updates (15.85402ms)
✔ failed: outer degradation retains 1000ms settlement delay, even on explicit retry (10.691561ms)
✔ throw: outer degradation retains 1000ms settlement delay, even on explicit retry (10.326451ms)
✔ partial: outer degradation retains 1000ms settlement delay, even on explicit retry (26.835749ms)
✔ explicit retry of older missing work honors the most recent successful outer start (7.487903ms)
✔ dispose clears a pending success timer (4.16118ms)
✔ shrink clears a pending success timer (4.337887ms)
✔ radius shrink cancels outer work; immediate re-expansion is spaced and ignores late settlement (8.608943ms)
✔ generation replacement rejects late abort-ignoring outer response and remains serial (8.0032ms)
✔ incomplete core blocks expansion with no automatic retry loop (8.936056ms)
✔ three consecutive degraded outer patches pause without retrying attempted work (15.664144ms)
✔ 32-start cap also blocks newly requested categories after a complete successful-empty pass (134.641434ms)
✔ synthetic 6-second cold pass measures 199750ms; baseline model is 223000ms (121.882266ms)
✔ radial IDs and geometry are deterministic; larger plans preserve the exact inner prefix (3.444981ms)
✔ radial partition has no sampled holes or double owners at 37.176447,-94.310223 (110.803613ms)
✔ radial partition has no sampled holes or double owners at 0,179.99 (80.241444ms)
✔ radial partition has no sampled holes or double owners at 80,-179.99 (95.447758ms)
✔ radial partition has no sampled holes or double owners at -80,30 (91.472698ms)
✔ every sector corner fits its bounded circle; no patch approaches a 50-mile monolith (0.412341ms)
✔ exact poles have a deterministic bearing frame and complete bounded coverage (5.757055ms)
✔ out-of-radius points have no logical owner and overlap maps to only one patch (0.361204ms)
✔ server resolves only enumerated patch IDs and rejects arbitrary geometry and hostile inputs (0.614316ms)
✔ continuous coverage requires every inner patch and requested category; outer success cannot fill a gap (4.940004ms)
✔ eviction/removal of a required proof makes continuous coverage incomplete; smaller maximum clips the claim (0.376547ms)
✔ actual patch RPC derives bounded geometry on the server and clips overlapping positive rows (20.200289ms)
✔ patch RPC rejects geometry/query injection, unknown IDs, and unauthorized outer patches before fetch (1.170524ms)
✔ patch group valid-empty remains authoritative and is not saved fallback (1.705861ms)
✔ patch provider cancellation forwards request signal, aborts attempts and stops hedges (253.569012ms)
✔ actual UI: core completes first, actions enable before maximum coverage and outer work continues serially (352.748035ms)
✔ actual UI: open ResultOverlay stays stable when outer venues arrive; next action uses fresh pool (23.135896ms)
✔ actual UI: open OptionsOverlay stays stable when outer venues arrive; next action uses fresh pool (21.310757ms)
✔ actual UI: open DateNightPlanOverlay stays stable when outer venues arrive; next action uses fresh pool (13.023511ms)
✔ middle failure leaves a truthful gap, retains nearby picks, and retry targets only the failed sector (41.080325ms)
✔ outermost failure preserves complete 0–40 and no failure triggers runaway auto-retry (626.163857ms)
✔ three consecutive degraded outer patches stop the bounded pass and preserve inner results (25.521159ms)
✔ 15→50 schedules only missing outer work; decreasing cancels obsolete work without refetch or late admission (20.676841ms)
✔ shrinking while core is in flight retains the necessary core request and strictly clips future venues (13.172125ms)
✔ all local-only filters cause zero RPCs and do not cancel background expansion (15.93001ms)
✔ location changes invalidate incompatible coverage and late outer responses cannot mutate new origin (8.940599ms)
✔ all-stall core settles by watchdog, does not expand, and explicit retry reacquires only core (15.295763ms)
✔ saved core fallback remains usable and exposes an explicit missing-area retry without false coverage (9.752723ms)
✔ dinner: success settles active UI and clears watchdog before deadline (457.022834ms)
✔ dinner: fallback settles active UI and clears watchdog before deadline (6.190777ms)
✔ dinner: error settles active UI and clears watchdog before deadline (2.247616ms)
✔ dinner: AbortError settles active UI and clears watchdog before deadline (4.176722ms)
✔ dinner: never-settling/abort-ignoring RPC exits loading at 25s (6.044958ms)
✔ dinner: abort-compliant RPC exits loading at 25s (5.242899ms)
✔ dinner: late post-timeout success cannot overwrite timeout or a successful retry (7.472177ms)
✔ dinner: late post-timeout rejection cannot overwrite timeout or a successful retry (7.446749ms)
✔ dinner: replacement aborts old success; old settles first (9.789628ms)
✔ dinner: replacement aborts old success; new settles first (7.384596ms)
✔ dinner: replacement aborts old rejection; old settles first (11.854649ms)
✔ dinner: replacement aborts old rejection; new settles first (6.414924ms)
✔ dinner: unmount aborts/cleans up; success cannot write after unmount (5.743263ms)
✔ dinner: unmount aborts/cleans up; rejection cannot write after unmount (5.02496ms)
✔ dinner: unmount aborts/cleans up; pending cannot write after unmount (5.616982ms)
✔ dinner: radius update cancels obsolete transport or retains still-needed core; normal selection works (10.930748ms)
✔ dinner: timeout then retry success remains current when the first RPC finally resolves (5.88821ms)
✔ date-night: success settles active UI and clears watchdog before deadline (171.308533ms)
✔ date-night: fallback settles active UI and clears watchdog before deadline (12.41859ms)
✔ date-night: error settles active UI and clears watchdog before deadline (7.337354ms)
✔ date-night: AbortError settles active UI and clears watchdog before deadline (11.810553ms)
✔ date-night: never-settling/abort-ignoring RPC exits loading at 25s (3.176766ms)
✔ date-night: abort-compliant RPC exits loading at 25s (3.10016ms)
✔ date-night: late post-timeout success cannot overwrite timeout or a successful retry (6.316456ms)
✔ date-night: late post-timeout rejection cannot overwrite timeout or a successful retry (6.779543ms)
✔ date-night: replacement aborts old success; old settles first (9.255905ms)
✔ date-night: replacement aborts old success; new settles first (5.972588ms)
✔ date-night: replacement aborts old rejection; old settles first (7.059686ms)
✔ date-night: replacement aborts old rejection; new settles first (6.43842ms)
✔ date-night: unmount aborts/cleans up; success cannot write after unmount (9.789013ms)
✔ date-night: unmount aborts/cleans up; rejection cannot write after unmount (6.951874ms)
✔ date-night: unmount aborts/cleans up; pending cannot write after unmount (6.661817ms)
✔ date-night: radius update cancels obsolete transport or retains still-needed core; normal selection works (12.99008ms)
✔ date-night: timeout then retry success remains current when the first RPC finally resolves (6.561616ms)
✔ nightlife: success settles active UI and clears watchdog before deadline (60.078302ms)
✔ nightlife: fallback settles active UI and clears watchdog before deadline (4.119366ms)
✔ nightlife: error settles active UI and clears watchdog before deadline (3.959706ms)
✔ nightlife: AbortError settles active UI and clears watchdog before deadline (1.394521ms)
✔ nightlife: never-settling/abort-ignoring RPC exits loading at 25s (1.770678ms)
✔ nightlife: abort-compliant RPC exits loading at 25s (1.835165ms)
✔ nightlife: late post-timeout success cannot overwrite timeout or a successful retry (3.193491ms)
✔ nightlife: late post-timeout rejection cannot overwrite timeout or a successful retry (1.667312ms)
✔ nightlife: replacement aborts old success; old settles first (2.158251ms)
✔ nightlife: replacement aborts old success; new settles first (1.813261ms)
✔ nightlife: replacement aborts old rejection; old settles first (2.009578ms)
✔ nightlife: replacement aborts old rejection; new settles first (1.766071ms)
✔ nightlife: unmount aborts/cleans up; success cannot write after unmount (1.655925ms)
✔ nightlife: unmount aborts/cleans up; rejection cannot write after unmount (1.664187ms)
✔ nightlife: unmount aborts/cleans up; pending cannot write after unmount (1.465668ms)
✔ nightlife: radius update cancels obsolete transport or retains still-needed core; normal selection works (2.255138ms)
✔ nightlife: timeout then retry success remains current when the first RPC finally resolves (1.57934ms)
✔ Date Night: seasonal dependency replacement aborts the previous request (2.741481ms)
✔ pinned TanStack RPC forwards the exact controller signal to fetch and settles on abort (45.386518ms)
✔ shared lifecycle also settles synchronous RPC throws without leaving a watchdog (4.217865ms)
✔ dinner: headers stalls settle fallback within the provider bound (29.5139ms)
✔ dinner: headers stalls settle error within the provider bound (1.537436ms)
✔ dinner: body stalls settle fallback within the provider bound (13.996577ms)
✔ dinner: body stalls settle error within the provider bound (1.365717ms)
✔ dinner: first stall then second success returns at 8s and clears timers (8.326204ms)
✔ dinner: immediate 429 advances without delay; saved coverage and terminal error preserved (21.754434ms)
✔ dinner: immediate 500 advances without delay; saved coverage and terminal error preserved (16.34806ms)
✔ dinner: immediate 504 advances without delay; saved coverage and terminal error preserved (19.756174ms)
✔ dinner: immediate missing-elements advances without delay; saved coverage and terminal error preserved (11.053382ms)
✔ dinner: immediate remark advances without delay; saved coverage and terminal error preserved (14.457441ms)
✔ dinner: immediate invalid-json advances without delay; saved coverage and terminal error preserved (17.161365ms)
✔ dinner: valid empty results retain mode-specific mirror and source semantics (5.553597ms)
✔ dinner: normal first success is quiet, abort errors categorized, raw exceptions never logged (17.621723ms)
✔ date-night: headers stalls settle fallback within the provider bound (144.700241ms)
✔ date-night: headers stalls settle error within the provider bound (2.550953ms)
✔ date-night: body stalls settle fallback within the provider bound (1.629054ms)
✔ date-night: body stalls settle error within the provider bound (1.149652ms)
✔ date-night: first stall then second success returns at 1.5s and clears timers (2.503813ms)
✔ date-night: immediate 429 advances without delay; saved coverage and terminal error preserved (4.188801ms)
✔ date-night: immediate 500 advances without delay; saved coverage and terminal error preserved (1.508643ms)
✔ date-night: immediate 504 advances without delay; saved coverage and terminal error preserved (6.33903ms)
✔ date-night: immediate missing-elements advances without delay; saved coverage and terminal error preserved (1.632169ms)
✔ date-night: immediate remark advances without delay; saved coverage and terminal error preserved (1.564226ms)
✔ date-night: immediate invalid-json advances without delay; saved coverage and terminal error preserved (1.665699ms)
✔ date-night: valid empty results retain mode-specific mirror and source semantics (0.878093ms)
✔ date-night: normal first success is quiet, abort errors categorized, raw exceptions never logged (0.988549ms)
✔ nightlife: headers stalls settle fallback within the provider bound (7.730085ms)
✔ nightlife: headers stalls settle error within the provider bound (1.209642ms)
✔ nightlife: body stalls settle fallback within the provider bound (0.825734ms)
✔ nightlife: body stalls settle error within the provider bound (0.724171ms)
✔ nightlife: first stall then second success returns at 8s and clears timers (1.668784ms)
✔ nightlife: immediate 429 advances without delay; saved coverage and terminal error preserved (1.051274ms)
✔ nightlife: immediate 500 advances without delay; saved coverage and terminal error preserved (0.881258ms)
✔ nightlife: immediate 504 advances without delay; saved coverage and terminal error preserved (0.825193ms)
✔ nightlife: immediate missing-elements advances without delay; saved coverage and terminal error preserved (1.450676ms)
✔ nightlife: immediate remark advances without delay; saved coverage and terminal error preserved (2.632336ms)
✔ nightlife: immediate invalid-json advances without delay; saved coverage and terminal error preserved (1.387711ms)
✔ nightlife: valid empty results retain mode-specific mirror and source semantics (0.470349ms)
✔ nightlife: normal first success is quiet, abort errors categorized, raw exceptions never logged (0.719504ms)
✔ Dinner retains successful-empty precedence when subsequent mirrors exhaust the budget (1.635724ms)
✔ shared provider attempt uses native timer and real fetch body abort (114.091746ms)
✔ Nitro final streaming head: pickforus.app/ (15.63167ms)
✔ Nitro final streaming head: pickforus.app/settings (5.408909ms)
✔ Nitro final streaming head: pickforus.app/history (3.547304ms)
✔ Nitro final streaming head: pickforus.app/favorites (6.255714ms)
✔ Nitro final streaming head: dinner-roulette-chi.vercel.app/ (8.013532ms)
✔ Nitro final streaming head: dinner-roulette-chi.vercel.app/settings (6.088793ms)
✔ Nitro final streaming head: dinner-roulette-chi.vercel.app/history (2.279173ms)
✔ Nitro final streaming head: dinner-roulette-chi.vercel.app/favorites (2.543792ms)
✔ Nitro final streaming head: dinner-roulette-candidate-minions.vercel.app/ (2.796053ms)
✔ Nitro final streaming head: dinner-roulette-candidate-minions.vercel.app/settings (3.522797ms)
✔ Nitro final streaming head: dinner-roulette-candidate-minions.vercel.app/history (2.024079ms)
✔ Nitro final streaming head: dinner-roulette-candidate-minions.vercel.app/favorites (2.581158ms)
✔ canonical authority ignores stale public-host env and strips query/hash/trailing slash (3.569347ms)
✔ unknown/system/local hosts cannot become indexable canonical origins (0.63759ms)
✔ Nitro compatibility manifests match static public manifest without a workspace filesystem (2.760709ms)
✔ Nitro install tutorial has coherent identity, relative app link and noindex (1.345187ms)
✔ Nitro preserves non-document, non-GET and encoded responses (0.708037ms)
✔ Vite dev final response and installation endpoints (109.461401ms)
✔ Vite preview final response and installation endpoints (73.225398ms)
✔ injects before </head> (3.02671ms)
✔ injects the extensions script without a project id (0.339442ms)
✔ injects project id on the script and meta when provided (0.717831ms)
✔ does not duplicate grok:app_id (0.958935ms)
✔ omits x:creator tags without both creator values (0.900527ms)
✔ injects x:creator tags when both creator values are set (0.279241ms)
✔ escapes x:creator values (0.355155ms)
✔ does not duplicate x:creator tags (0.50428ms)
✔ platform chrome overwrites share-card metas and always sets og:title (0.468706ms)
✔ does not duplicate twitter:card or og:title (0.612663ms)
✔ a baked site.image is treated as a custom card (0.608237ms)
✔ baked identity does not need a workspace filesystem (0.465832ms)
✔ a public card file wins over a baked site without card=custom (0.475176ms)
✔ public/og.png wins when jpg is absent (0.455356ms)
✔ resolveOgCardAsset: disk file, then bake, then empty (placeholder) (0.501736ms)
✔ snapshotOgIdentity stamps card=custom from a public card file (0.317819ms)
✔ snapshotOgIdentity stamps banner from public/x-banner.jpg (0.324599ms)
✔ emits x:game:image for a public host when site.banner is set (0.288084ms)
✔ does not emit x:game:image without a public host or banner (0.29844ms)
✔ site title Grok App is a real name, not a sentinel (0.315566ms)
✔ published grok.me slug is still a title fallback (0.363377ms)
✔ rejects Vercel system hosts as og:image origins (0.148224ms)
✔ published VITE_PUBLIC_HOSTNAME wins over request Host for og:image (0.324209ms)
✔ vercel Host without a public hostname emits no og:image (0.183026ms)
✔ emits og:image for a public host and prefers a custom card (0.374555ms)
✔ placeholder og:image appends site.color when it is 6-digit hex (0.350468ms)
✔ document title entities are not double-escaped on og:title (0.216837ms)
✔ site.json title wins over the host slug (0.217067ms)
✔ injects into documents with no head element (0.306682ms)
✔ streaming injector matches </HEAD> case-insensitively (0.55753ms)
✔ does not duplicate the extensions script (0.425882ms)
✔ is idempotent (0.743871ms)
✔ uses the app name in the injected title tag (0.254313ms)
✔ streaming injector handles </head> split across chunks (0.475346ms)
✔ streaming injector passes post-head chunks through untouched (0.343899ms)
✔ streaming injector falls back when no </head> is seen (0.333863ms)
✔ detects install query (0.256296ms)
✔ filters non-document paths (0.381185ms)
✔ strips install params from the app link (0.197097ms)
✔ uses product identity as the host-name fallback (0.103225ms)
✔ rejects hosts that are not plain slugs (0.0861ms)
✔ renders install page markup (0.257508ms)
✔ escapes host-derived values in the install page (0.166031ms)
✔ renders the compatibility manifest with the product identity (0.253992ms)
✔ vite config keeps the nitro serverDir wiring (0.237848ms)
✔ nitro middleware and its bundled assets exist (3.638182ms)
✔ vite plugin bakes og identity as a virtual module (0.303598ms)
✔ live favicon metadata uses the approved PNG with MIME and size (1.402803ms)
✔ public manifest has the exact unified PNG icon set (1.047778ms)
[discovery] provider-chain {
  mode: 'dinner',
  source: 'live',
  durationMs: 1,
  budgetExhausted: false,
  attempts: [
    { mirror: 1, durationMs: 0, outcome: 'empty' },
    { mirror: 2, durationMs: 0, outcome: 'empty' },
    { mirror: 3, durationMs: 0, outcome: 'empty' },
    { mirror: 4, durationMs: 0, outcome: 'empty' }
  ]
}
[discovery] provider-chain {
  mode: 'dinner',
  source: 'error',
  durationMs: 1,
  budgetExhausted: false,
  attempts: [
    { mirror: 1, durationMs: 1, outcome: 'malformed' },
    { mirror: 2, durationMs: 0, outcome: 'malformed' },
    { mirror: 3, durationMs: 0, outcome: 'malformed' },
    { mirror: 4, durationMs: 0, outcome: 'malformed' }
  ]
}
[discovery] provider-chain {
  mode: 'dinner',
  source: 'error',
  durationMs: 1,
  budgetExhausted: false,
  attempts: [
    { mirror: 1, durationMs: 0, outcome: 'malformed' },
    { mirror: 2, durationMs: 0, outcome: 'malformed' },
    { mirror: 3, durationMs: 0, outcome: 'malformed' },
    { mirror: 4, durationMs: 0, outcome: 'malformed' }
  ]
}
[discovery] provider-chain {
  mode: 'dinner',
  source: 'error',
  durationMs: 0,
  budgetExhausted: false,
  attempts: [
    { mirror: 1, durationMs: 0, outcome: 'network-error' },
    { mirror: 2, durationMs: 0, outcome: 'network-error' },
    { mirror: 3, durationMs: 0, outcome: 'network-error' },
    { mirror: 4, durationMs: 0, outcome: 'network-error' }
  ]
}
[discovery] provider-chain {
  mode: 'dinner',
  source: 'fallback',
  durationMs: 0,
  budgetExhausted: false,
  attempts: [
    { mirror: 1, durationMs: 0, outcome: 'network-error' },
    { mirror: 2, durationMs: 0, outcome: 'network-error' },
    { mirror: 3, durationMs: 0, outcome: 'network-error' },
    { mirror: 4, durationMs: 0, outcome: 'network-error' }
  ]
}
[discovery] provider-chain {
  mode: 'nightlife',
  source: 'live',
  durationMs: 0,
  budgetExhausted: false,
  attempts: [ { mirror: 1, durationMs: 0, outcome: 'empty' } ]
}
[discovery] provider-chain {
  mode: 'nightlife',
  source: 'error',
  durationMs: 1,
  budgetExhausted: false,
  attempts: [
    { mirror: 1, durationMs: 0, outcome: 'malformed' },
    { mirror: 2, durationMs: 0, outcome: 'malformed' },
    { mirror: 3, durationMs: 0, outcome: 'malformed' },
    { mirror: 4, durationMs: 0, outcome: 'malformed' }
  ]
}
[discovery] provider-chain {
  mode: 'nightlife',
  source: 'error',
  durationMs: 1,
  budgetExhausted: false,
  attempts: [
    { mirror: 1, durationMs: 0, outcome: 'malformed' },
    { mirror: 2, durationMs: 0, outcome: 'malformed' },
    { mirror: 3, durationMs: 0, outcome: 'malformed' },
    { mirror: 4, durationMs: 0, outcome: 'malformed' }
  ]
}
[discovery] provider-chain {
  mode: 'nightlife',
  source: 'error',
  durationMs: 0,
  budgetExhausted: false,
  attempts: [
    { mirror: 1, durationMs: 0, outcome: 'network-error' },
    { mirror: 2, durationMs: 0, outcome: 'network-error' },
    { mirror: 3, durationMs: 0, outcome: 'network-error' },
    { mirror: 4, durationMs: 0, outcome: 'network-error' }
  ]
}
[discovery] provider-chain {
  mode: 'nightlife',
  source: 'fallback',
  durationMs: 0,
  budgetExhausted: false,
  attempts: [
    { mirror: 1, durationMs: 0, outcome: 'network-error' },
    { mirror: 2, durationMs: 0, outcome: 'network-error' },
    { mirror: 3, durationMs: 0, outcome: 'network-error' },
    { mirror: 4, durationMs: 0, outcome: 'network-error' }
  ]
}
[discovery] provider-chain {
  mode: 'date-night',
  strategy: 'hedged',
  source: 'live',
  durationMs: 1,
  budgetExhausted: false,
  requestedGroups: 3,
  successfulGroups: 3,
  failedGroups: 0,
  partial: false,
  groups: [
    {
      group: 'entertainment',
      outcome: 'empty',
      durationMs: 1,
      winnerMirror: 1
    },
    {
      group: 'culture',
      outcome: 'empty',
      durationMs: 1,
      winnerMirror: 1
    },
    {
      group: 'outdoor',
      outcome: 'empty',
      durationMs: 0,
      winnerMirror: 1
    }
  ],
  attempts: [
    {
      group: 'culture',
      mirror: 1,
      hedgeOffsetMs: 0,
      durationMs: 0,
      outcome: 'empty'
    },
    {
      group: 'entertainment',
      mirror: 1,
      hedgeOffsetMs: 0,
      durationMs: 1,
      outcome: 'empty'
    },
    {
      group: 'outdoor',
      mirror: 1,
      hedgeOffsetMs: 0,
      durationMs: 0,
      outcome: 'empty'
    }
  ]
}
[discovery] provider-chain {
  mode: 'date-night',
  strategy: 'hedged',
  source: 'error',
  durationMs: 2,
  budgetExhausted: false,
  requestedGroups: 3,
  successfulGroups: 0,
  failedGroups: 3,
  partial: false,
  groups: [
    { group: 'entertainment', outcome: 'failed', durationMs: 2 },
    { group: 'culture', outcome: 'failed', durationMs: 2 },
    { group: 'outdoor', outcome: 'failed', durationMs: 2 }
  ],
  attempts: [
    {
      group: 'culture',
      mirror: 1,
      hedgeOffsetMs: 0,
      durationMs: 1,
      outcome: 'malformed'
    },
    {
      group: 'culture',
      mirror: 2,
      hedgeOffsetMs: 1,
      durationMs: 1,
      outcome: 'malformed'
    },
    {
      group: 'culture',
      mirror: 3,
      hedgeOffsetMs: 1,
      durationMs: 0,
      outcome: 'malformed'
    },
    {
      group: 'culture',
      mirror: 4,
      hedgeOffsetMs: 2,
      durationMs: 0,
      outcome: 'malformed'
    },
    {
      group: 'entertainment',
      mirror: 1,
      hedgeOffsetMs: 0,
      durationMs: 1,
      outcome: 'malformed'
    },
    {
      group: 'entertainment',
      mirror: 2,
      hedgeOffsetMs: 1,
      durationMs: 1,
      outcome: 'malformed'
    },
    {
      group: 'entertainment',
      mirror: 3,
      hedgeOffsetMs: 1,
      durationMs: 0,
      outcome: 'malformed'
    },
    {
      group: 'entertainment',
      mirror: 4,
      hedgeOffsetMs: 2,
      durationMs: 0,
      outcome: 'malformed'
    },
    {
      group: 'outdoor',
      mirror: 1,
      hedgeOffsetMs: 0,
      durationMs: 1,
      outcome: 'malformed'
    },
    {
      group: 'outdoor',
      mirror: 2,
      hedgeOffsetMs: 1,
      durationMs: 1,
      outcome: 'malformed'
    },
    {
      group: 'outdoor',
      mirror: 3,
      hedgeOffsetMs: 1,
      durationMs: 0,
      outcome: 'malformed'
    },
    {
      group: 'outdoor',
      mirror: 4,
      hedgeOffsetMs: 2,
      durationMs: 0,
      outcome: 'malformed'
    }
  ]
}
[discovery] provider-chain {
  mode: 'date-night',
  strategy: 'hedged',
  source: 'error',
  durationMs: 2,
  budgetExhausted: false,
  requestedGroups: 3,
  successfulGroups: 0,
  failedGroups: 3,
  partial: false,
  groups: [
    { group: 'entertainment', outcome: 'failed', durationMs: 2 },
    { group: 'culture', outcome: 'failed', durationMs: 1 },
    { group: 'outdoor', outcome: 'failed', durationMs: 1 }
  ],
  attempts: [
    {
      group: 'culture',
      mirror: 1,
      hedgeOffsetMs: 0,
      durationMs: 0,
      outcome: 'malformed'
    },
    {
      group: 'culture',
      mirror: 2,
      hedgeOffsetMs: 0,
      durationMs: 0,
      outcome: 'malformed'
    },
    {
      group: 'culture',
      mirror: 3,
      hedgeOffsetMs: 1,
      durationMs: 0,
      outcome: 'malformed'
    },
    {
      group: 'culture',
      mirror: 4,
      hedgeOffsetMs: 1,
      durationMs: 0,
      outcome: 'malformed'
    },
    {
      group: 'entertainment',
      mirror: 1,
      hedgeOffsetMs: 0,
      durationMs: 1,
      outcome: 'malformed'
    },
    {
      group: 'entertainment',
      mirror: 2,
      hedgeOffsetMs: 1,
      durationMs: 0,
      outcome: 'malformed'
    },
    {
      group: 'entertainment',
      mirror: 3,
      hedgeOffsetMs: 1,
      durationMs: 0,
      outcome: 'malformed'
    },
    {
      group: 'entertainment',
      mirror: 4,
      hedgeOffsetMs: 1,
      durationMs: 0,
      outcome: 'malformed'
    },
    {
      group: 'outdoor',
      mirror: 1,
      hedgeOffsetMs: 0,
      durationMs: 0,
      outcome: 'malformed'
    },
    {
      group: 'outdoor',
      mirror: 2,
      hedgeOffsetMs: 0,
      durationMs: 0,
      outcome: 'malformed'
    },
    {
      group: 'outdoor',
      mirror: 3,
      hedgeOffsetMs: 1,
      durationMs: 0,
      outcome: 'malformed'
    },
    {
      group: 'outdoor',
      mirror: 4,
      hedgeOffsetMs: 1,
      durationMs: 0,
      outcome: 'malformed'
    }
  ]
}
[discovery] provider-chain {
  mode: 'date-night',
  strategy: 'hedged',
  source: 'error',
  durationMs: 1,
  budgetExhausted: false,
  requestedGroups: 3,
  successfulGroups: 0,
  failedGroups: 3,
  partial: false,
  groups: [
    { group: 'entertainment', outcome: 'failed', durationMs: 1 },
    { group: 'culture', outcome: 'failed', durationMs: 1 },
    { group: 'outdoor', outcome: 'failed', durationMs: 1 }
  ],
  attempts: [
    {
      group: 'culture',
      mirror: 1,
      hedgeOffsetMs: 0,
      durationMs: 0,
      outcome: 'network-error'
    },
    {
      group: 'culture',
      mirror: 2,
      hedgeOffsetMs: 0,
      durationMs: 0,
      outcome: 'network-error'
    },
    {
      group: 'culture',
      mirror: 3,
      hedgeOffsetMs: 0,
      durationMs: 0,
      outcome: 'network-error'
    },
    {
      group: 'culture',
      mirror: 4,
      hedgeOffsetMs: 1,
      durationMs: 0,
      outcome: 'network-error'
    },
    {
      group: 'entertainment',
      mirror: 1,
      hedgeOffsetMs: 0,
      durationMs: 0,
      outcome: 'network-error'
    },
    {
      group: 'entertainment',
      mirror: 2,
      hedgeOffsetMs: 0,
      durationMs: 0,
      outcome: 'network-error'
    },
    {
      group: 'entertainment',
      mirror: 3,
      hedgeOffsetMs: 0,
      durationMs: 0,
      outcome: 'network-error'
    },
    {
      group: 'entertainment',
      mirror: 4,
      hedgeOffsetMs: 1,
      durationMs: 0,
      outcome: 'network-error'
    },
    {
      group: 'outdoor',
      mirror: 1,
      hedgeOffsetMs: 0,
      durationMs: 0,
      outcome: 'network-error'
    },
    {
      group: 'outdoor',
      mirror: 2,
      hedgeOffsetMs: 0,
      durationMs: 0,
      outcome: 'network-error'
    },
    {
      group: 'outdoor',
      mirror: 3,
      hedgeOffsetMs: 0,
      durationMs: 0,
      outcome: 'network-error'
    },
    {
      group: 'outdoor',
      mirror: 4,
      hedgeOffsetMs: 0,
      durationMs: 0,
      outcome: 'network-error'
    }
  ]
}
[discovery] provider-chain {
  mode: 'date-night',
  strategy: 'hedged',
  source: 'fallback',
  durationMs: 1,
  budgetExhausted: false,
  requestedGroups: 3,
  successfulGroups: 0,
  failedGroups: 3,
  partial: false,
  groups: [
    { group: 'entertainment', outcome: 'failed', durationMs: 1 },
    { group: 'culture', outcome: 'failed', durationMs: 1 },
    { group: 'outdoor', outcome: 'failed', durationMs: 1 }
  ],
  attempts: [
    {
      group: 'culture',
      mirror: 1,
      hedgeOffsetMs: 0,
      durationMs: 0,
      outcome: 'network-error'
    },
    {
      group: 'culture',
      mirror: 2,
      hedgeOffsetMs: 0,
      durationMs: 0,
      outcome: 'network-error'
    },
    {
      group: 'culture',
      mirror: 3,
      hedgeOffsetMs: 0,
      durationMs: 0,
      outcome: 'network-error'
    },
    {
      group: 'culture',
      mirror: 4,
      hedgeOffsetMs: 1,
      durationMs: 0,
      outcome: 'network-error'
    },
    {
      group: 'entertainment',
      mirror: 1,
      hedgeOffsetMs: 0,
      durationMs: 0,
      outcome: 'network-error'
    },
    {
      group: 'entertainment',
      mirror: 2,
      hedgeOffsetMs: 0,
      durationMs: 0,
      outcome: 'network-error'
    },
    {
      group: 'entertainment',
      mirror: 3,
      hedgeOffsetMs: 1,
      durationMs: 0,
      outcome: 'network-error'
    },
    {
      group: 'entertainment',
      mirror: 4,
      hedgeOffsetMs: 1,
      durationMs: 0,
      outcome: 'network-error'
    },
    {
      group: 'outdoor',
      mirror: 1,
      hedgeOffsetMs: 0,
      durationMs: 0,
      outcome: 'network-error'
    },
    {
      group: 'outdoor',
      mirror: 2,
      hedgeOffsetMs: 0,
      durationMs: 0,
      outcome: 'network-error'
    },
    {
      group: 'outdoor',
      mirror: 3,
      hedgeOffsetMs: 0,
      durationMs: 0,
      outcome: 'network-error'
    },
    {
      group: 'outdoor',
      mirror: 4,
      hedgeOffsetMs: 1,
      durationMs: 0,
      outcome: 'network-error'
    }
  ]
}
[discovery] provider-chain {
  mode: 'nightlife',
  source: 'merged',
  durationMs: 0,
  budgetExhausted: false,
  attempts: [ { mirror: 1, durationMs: 0, outcome: 'empty' } ]
}
[discovery] provider-chain {
  mode: 'date-night',
  strategy: 'hedged',
  source: 'merged',
  durationMs: 1,
  budgetExhausted: false,
  requestedGroups: 3,
  successfulGroups: 3,
  failedGroups: 0,
  partial: false,
  groups: [
    {
      group: 'entertainment',
      outcome: 'empty',
      durationMs: 1,
      winnerMirror: 1
    },
    {
      group: 'culture',
      outcome: 'empty',
      durationMs: 1,
      winnerMirror: 1
    },
    {
      group: 'outdoor',
      outcome: 'empty',
      durationMs: 0,
      winnerMirror: 1
    }
  ],
  attempts: [
    {
      group: 'culture',
      mirror: 1,
      hedgeOffsetMs: 0,
      durationMs: 1,
      outcome: 'empty'
    },
    {
      group: 'entertainment',
      mirror: 1,
      hedgeOffsetMs: 0,
      durationMs: 1,
      outcome: 'empty'
    },
    {
      group: 'outdoor',
      mirror: 1,
      hedgeOffsetMs: 0,
      durationMs: 0,
      outcome: 'empty'
    }
  ]
}
✔ restaurants: six locations reach the real coordinate query and normalize local results (12.652892ms)
✔ restaurants: valid empty areas, all-mirror outage, and coordinate validation remain distinct (31.608691ms)
✔ nightlife and casinos: six locations reach the real coordinate query and normalize local results (6.971993ms)
✔ nightlife and casinos: valid empty areas, all-mirror outage, and coordinate validation remain distinct (4.212687ms)
✔ date night: six locations reach the real coordinate query and normalize local results (24.383665ms)
✔ date night: valid empty areas, all-mirror outage, and coordinate validation remain distinct (9.109985ms)
✔ restaurant distance, cuisine and price filters behave with Canadian results (1.401732ms)
✔ local closure exclusions do not hide same-named international businesses (5.555931ms)
✔ Maps destinations preserve exact Canadian/U.S. points and encode legacy international addresses (0.523698ms)
✔ stored legacy U.S. locations and country metadata survive hydration; corrupt coordinates fall back (51.592598ms)
✔ spatial restaurant dedupe exactly preserves name rules, source priority, ordering and radius boundaries (17.851204ms)
✔ spatial restaurant candidates preserve duplicates across the antimeridian and near both poles (0.403298ms)
✔ dense international pools preserve thousands of distinct restaurants and duplicate identities (215.297134ms)
✔ _migrations keys on basename, not path (2.402289ms)
✔ a file already applied from another directory does not re-apply (2.11072ms)
✔ pending migrations are returned in name order (8.783143ms)
✔ non-.sql entries are dropped (readdir also yields the auth/ directory) (0.295334ms)
✔ the auth schema ships outside the globbed directory (0.393843ms)
✔ this workspace's auth schema copy is byte-identical to its source (0.203006ms)
✔ the copy check reads both files and catches an edit (0.757912ms)
✔ absent external workspace package gets an explicit skip reason (0.894668ms)
✔ installed documentation contracts are not skipped (0.134482ms)
✔ required documentation cannot be skipped even when absent (0.222756ms)
✔ parsePreviewArgs accepts the two actions (1.38706ms)
✔ parsePreviewArgs rejects missing, unknown and extra arguments (0.201383ms)
✔ parsePid reads a pidfile and rejects junk (0.171288ms)
✔ parsePgid reads the pgrp field past a comm containing spaces (0.201303ms)
✔ parseListenerInodes picks LISTEN sockets on the wanted port only (0.255515ms)
✔ parseListenerInodes reads the tcp6 dump the same way (0.136476ms)
✔ looksLikePreviewProcess matches the npm wrapper and its vite child (0.300723ms)
✔ looksLikePreviewProcess spares the sibling scripts and re-used pids (0.14575ms)
✔ previewOwners trusts port owners and dedupes the pidfile pid (0.15252ms)
✔ previewOwners adds a pidfile pid whose command line is still the preview (0.214974ms)
✔ previewOwners drops a stale pidfile pid re-used by another process (0.187893ms)
✔ previewOwners drops a pidfile pid that no longer exists (0.116375ms)
✔ previewOwners on a free port with no pidfile signals nothing (0.081693ms)
✔ stopOutcome fails when a pid survives or the port is still held (0.153571ms)
✔ stopOutcome reports a verified free port (0.121944ms)
✔ stopOutcome fails on a listener whose owner cannot be attributed (0.117467ms)
✔ terminatePids SIGTERMs live pids and skips dead ones (3.70392ms)
✔ terminatePids escalates to SIGKILL when SIGTERM is ignored (1.805641ms)
✔ terminatePids reports a pid that survives SIGKILL as stubborn (0.247243ms)
✔ terminatePids on a free port signals nothing (0.095725ms)
✔ light Dinner artwork retains the visually correct cuisine in its own asset pack (1.045004ms)
✔ dark Dinner artwork preserves the accepted visually verified mapping (0.257658ms)
✔ specific Dinner cuisines outrank broad provider categories without guessing food for generic venues (0.225429ms)
✔ Nightlife result artwork covers all approved categories and preserves Casino precedence (0.260732ms)
[discovery] provider-chain {
  mode: 'date-night',
  strategy: 'hedged',
  source: 'merged',
  durationMs: 1,
  budgetExhausted: false,
  requestedGroups: 4,
  successfulGroups: 4,
  failedGroups: 0,
  partial: false,
  groups: [
    {
      group: 'seasonal',
      outcome: 'empty',
      durationMs: 1,
      winnerMirror: 1
    },
    {
      group: 'entertainment',
      outcome: 'empty',
      durationMs: 0,
      winnerMirror: 1
    },
    {
      group: 'culture',
      outcome: 'empty',
      durationMs: 0,
      winnerMirror: 1
    },
    {
      group: 'outdoor',
      outcome: 'empty',
      durationMs: 0,
      winnerMirror: 1
    }
  ],
  attempts: [
    {
      group: 'culture',
      mirror: 1,
      hedgeOffsetMs: 0,
      durationMs: 0,
      outcome: 'empty'
    },
    {
      group: 'entertainment',
      mirror: 1,
      hedgeOffsetMs: 0,
      durationMs: 0,
      outcome: 'empty'
    },
    {
      group: 'outdoor',
      mirror: 1,
      hedgeOffsetMs: 0,
      durationMs: 0,
      outcome: 'empty'
    },
    {
      group: 'seasonal',
      mirror: 1,
      hedgeOffsetMs: 0,
      durationMs: 1,
      outcome: 'empty'
    }
  ]
}
[discovery] provider-chain {
  mode: 'date-night',
  strategy: 'hedged',
  source: 'fallback',
  durationMs: 1,
  budgetExhausted: false,
  requestedGroups: 1,
  successfulGroups: 0,
  failedGroups: 1,
  partial: false,
  groups: [ { group: 'seasonal', outcome: 'failed', durationMs: 1 } ],
  attempts: [
    {
      group: 'seasonal',
      mirror: 1,
      hedgeOffsetMs: 0,
      durationMs: 0,
      outcome: 'network-error'
    },
    {
      group: 'seasonal',
      mirror: 2,
      hedgeOffsetMs: 0,
      durationMs: 0,
      outcome: 'network-error'
    },
    {
      group: 'seasonal',
      mirror: 3,
      hedgeOffsetMs: 1,
      durationMs: 0,
      outcome: 'network-error'
    },
    {
      group: 'seasonal',
      mirror: 4,
      hedgeOffsetMs: 1,
      durationMs: 0,
      outcome: 'network-error'
    }
  ]
}
[discovery] provider-chain {
  mode: 'date-night',
  strategy: 'hedged',
  source: 'live',
  durationMs: 1,
  budgetExhausted: false,
  requestedGroups: 3,
  successfulGroups: 3,
  failedGroups: 0,
  partial: false,
  groups: [
    {
      group: 'entertainment',
      outcome: 'empty',
      durationMs: 1,
      winnerMirror: 1
    },
    {
      group: 'culture',
      outcome: 'empty',
      durationMs: 1,
      winnerMirror: 1
    },
    {
      group: 'outdoor',
      outcome: 'empty',
      durationMs: 1,
      winnerMirror: 1
    }
  ],
  attempts: [
    {
      group: 'culture',
      mirror: 1,
      hedgeOffsetMs: 0,
      durationMs: 1,
      outcome: 'empty'
    },
    {
      group: 'entertainment',
      mirror: 1,
      hedgeOffsetMs: 0,
      durationMs: 1,
      outcome: 'empty'
    },
    {
      group: 'outdoor',
      mirror: 1,
      hedgeOffsetMs: 0,
      durationMs: 1,
      outcome: 'empty'
    }
  ]
}
✔ Exeter's actual theme-park record is acquired by the real seasonal query and reaches the eligible pool (27.179408ms)
✔ precise activity evidence admits corn, pumpkin and haunted trail without admitting generic places (6.885303ms)
✔ same identity preserves C/P, provenance, stable ID and representative metadata in either provider order (5.421668ms)
✔ structured lifecycle cannot survive eligibility or be resurrected by an active duplicate (4.73909ms)
✔ all availability states share one OFF/ON policy, including expiry and next-year revalidation (1.996298ms)
✔ all seven seasonal selections preserve union and the radius boundary (18.506431ms)
✔ saved-only successful sparse coverage, missing categories and provider outage remain distinct (7.468802ms)
✔ per-category provenance never labels a saved haunt as live because its ordinary park duplicate is live (6.706845ms)
✔ ordinary Date Night and seasonal toggle still work internationally; unknown hours fail strict ON (3.515226ms)
✔ Halloween caution: live loading/settlement retains controls, counts and selections (299.915763ms)
✔ Halloween caution: merged loading/settlement retains controls, counts and selections (174.060423ms)
✔ Halloween caution: fallback loading/settlement retains controls, counts and selections (160.273784ms)
✔ ordinary Date Night caution absent: seasonal toggle off; controls/count/selection remain (159.715331ms)
✔ ordinary Date Night caution absent: outside Halloween season; controls/count/selection remain (133.090304ms)
✔ dinner: Halloween caution remains absent during loading and after settlement (48.702588ms)
✔ nightlife: Halloween caution remains absent during loading and after settlement (22.107026ms)
[discovery] provider-chain {
  mode: 'date-night',
  strategy: 'hedged',
  source: 'merged',
  durationMs: 1,
  budgetExhausted: false,
  requestedGroups: 4,
  successfulGroups: 4,
  failedGroups: 0,
  partial: false,
  groups: [
    {
      group: 'seasonal',
      outcome: 'empty',
      durationMs: 1,
      winnerMirror: 1
    },
    {
      group: 'entertainment',
      outcome: 'empty',
      durationMs: 1,
      winnerMirror: 1
    },
    {
      group: 'culture',
      outcome: 'empty',
      durationMs: 1,
      winnerMirror: 1
    },
    {
      group: 'outdoor',
      outcome: 'empty',
      durationMs: 1,
      winnerMirror: 1
    }
  ],
  attempts: [
    {
      group: 'culture',
      mirror: 1,
      hedgeOffsetMs: 0,
      durationMs: 1,
      outcome: 'empty'
    },
    {
      group: 'entertainment',
      mirror: 1,
      hedgeOffsetMs: 0,
      durationMs: 1,
      outcome: 'empty'
    },
    {
      group: 'outdoor',
      mirror: 1,
      hedgeOffsetMs: 0,
      durationMs: 1,
      outcome: 'empty'
    },
    {
      group: 'seasonal',
      mirror: 1,
      hedgeOffsetMs: 0,
      durationMs: 1,
      outcome: 'empty'
    }
  ]
}
[discovery] provider-chain {
  mode: 'date-night',
  strategy: 'hedged',
  source: 'merged',
  durationMs: 2,
  budgetExhausted: false,
  requestedGroups: 1,
  successfulGroups: 1,
  failedGroups: 0,
  partial: false,
  groups: [
    {
      group: 'seasonal',
      outcome: 'empty',
      durationMs: 2,
      winnerMirror: 1
    }
  ],
  attempts: [
    {
      group: 'seasonal',
      mirror: 1,
      hedgeOffsetMs: 0,
      durationMs: 2,
      outcome: 'empty'
    }
  ]
}
✔ actual component: handler → count/options/pick/plan and all seven category combinations (209.38684ms)
✔ actual component: OFF/ON/OFF, labels, saved-only disclosure, and clock-dependent pool/overlay refresh (184.490174ms)
✔ actual component displays schedule uncertainty distinctly for live weekly-hours-only venues (131.031665ms)
✔ V-F03-01 actual component: not-operating stays excluded before and after revalidation expiry (178.664643ms)
✔ V-F03-01 actual component: an expired negative cannot fill a plan until stored positive evidence replaces it (349.437113ms)
✔ V-F03-01 control: positive calendar expiry remains uncertain OFF and refreshes ON result/options/plan (116.891163ms)
✔ real clock hook refreshes at minute boundaries and focus/visibility resume, then cleans up (7.990911ms)
✔ retained regional provider captures replay through the new handler without generic-maze false positives (7076.043048ms)
✔ envelope omission rejected: contentType (10.672078ms)
✔ envelope explicit undefined rejected: contentType (0.449808ms)
✔ envelope inherited-only field rejected: contentType (0.363598ms)
✔ envelope omission rejected: headerBytes (0.254233ms)
✔ envelope explicit undefined rejected: headerBytes (0.317107ms)
✔ envelope inherited-only field rejected: headerBytes (0.248695ms)
✔ envelope omission rejected: wireBytes (2.571584ms)
✔ envelope explicit undefined rejected: wireBytes (0.251829ms)
✔ envelope inherited-only field rejected: wireBytes (0.29836ms)
✔ envelope omission rejected: decompressedBytes (0.397188ms)
✔ envelope explicit undefined rejected: decompressedBytes (0.165039ms)
✔ envelope inherited-only field rejected: decompressedBytes (0.201073ms)
✔ envelope omission rejected: elapsedMs (0.169876ms)
✔ envelope explicit undefined rejected: elapsedMs (0.155014ms)
✔ envelope inherited-only field rejected: elapsedMs (0.154713ms)
✔ envelope omission rejected: domNodes (0.26558ms)
✔ envelope explicit undefined rejected: domNodes (0.186601ms)
✔ envelope inherited-only field rejected: domNodes (0.12635ms)
✔ envelope omission rejected: depth (0.197938ms)
✔ envelope explicit undefined rejected: depth (0.136175ms)
✔ envelope inherited-only field rejected: depth (0.11336ms)
✔ envelope omission rejected: jsonLdBytes (0.113911ms)
✔ envelope explicit undefined rejected: jsonLdBytes (0.144978ms)
✔ envelope inherited-only field rejected: jsonLdBytes (0.116806ms)
✔ envelope omission rejected: requests (0.102625ms)
✔ envelope explicit undefined rejected: requests (0.104107ms)
✔ envelope inherited-only field rejected: requests (0.136406ms)
✔ envelope non-plain input rejected: null (0.15941ms)
✔ envelope non-plain input rejected: undefined (0.106291ms)
✔ envelope non-plain input rejected: array (0.136906ms)
✔ envelope non-plain input rejected: array with metrics (0.104207ms)
✔ envelope non-plain input rejected: string (0.097948ms)
✔ envelope non-plain input rejected: number (0.093731ms)
✔ envelope non-plain input rejected: boolean (0.090386ms)
✔ envelope non-plain input rejected: function (0.100322ms)
✔ envelope non-plain input rejected: date with metrics (0.101112ms)
✔ envelope non-plain input rejected: inherited envelope (0.101784ms)
✔ envelope invalid numeric NaN: headerBytes (0.17921ms)
✔ envelope invalid numeric NaN: wireBytes (0.104949ms)
✔ envelope invalid numeric NaN: decompressedBytes (0.110747ms)
✔ envelope invalid numeric NaN: elapsedMs (0.102675ms)
✔ envelope invalid numeric NaN: domNodes (0.098859ms)
✔ envelope invalid numeric NaN: depth (0.231689ms)
✔ envelope invalid numeric NaN: jsonLdBytes (0.160682ms)
✔ envelope invalid numeric NaN: requests (0.140512ms)
✔ envelope invalid numeric Infinity: headerBytes (0.104197ms)
✔ envelope invalid numeric Infinity: wireBytes (0.17905ms)
✔ envelope invalid numeric Infinity: decompressedBytes (0.111427ms)
✔ envelope invalid numeric Infinity: elapsedMs (0.105429ms)
✔ envelope invalid numeric Infinity: domNodes (0.130557ms)
✔ envelope invalid numeric Infinity: depth (0.128513ms)
✔ envelope invalid numeric Infinity: jsonLdBytes (0.09903ms)
✔ envelope invalid numeric Infinity: requests (0.090576ms)
✔ envelope invalid numeric negative Infinity: headerBytes (0.09296ms)
✔ envelope invalid numeric negative Infinity: wireBytes (0.091007ms)
✔ envelope invalid numeric negative Infinity: decompressedBytes (0.096275ms)
✔ envelope invalid numeric negative Infinity: elapsedMs (0.091738ms)
✔ envelope invalid numeric negative Infinity: domNodes (0.098328ms)
✔ envelope invalid numeric negative Infinity: depth (0.098429ms)
✔ envelope invalid numeric negative Infinity: jsonLdBytes (0.136796ms)
✔ envelope invalid numeric negative Infinity: requests (0.129625ms)
✔ envelope invalid numeric fraction: headerBytes (0.16594ms)
✔ envelope invalid numeric fraction: wireBytes (0.134072ms)
✔ envelope invalid numeric fraction: decompressedBytes (0.138749ms)
✔ envelope invalid numeric fraction: elapsedMs (0.106771ms)
✔ envelope invalid numeric fraction: domNodes (0.136936ms)
✔ envelope invalid numeric fraction: depth (0.195124ms)
✔ envelope invalid numeric fraction: jsonLdBytes (0.103646ms)
✔ envelope invalid numeric fraction: requests (0.124257ms)
✔ envelope invalid numeric negative: headerBytes (0.101493ms)
✔ envelope invalid numeric negative: wireBytes (0.125739ms)
✔ envelope invalid numeric negative: decompressedBytes (0.094382ms)
✔ envelope invalid numeric negative: elapsedMs (0.120922ms)
✔ envelope invalid numeric negative: domNodes (0.096135ms)
✔ envelope invalid numeric negative: depth (0.089915ms)
✔ envelope invalid numeric negative: jsonLdBytes (0.088373ms)
✔ envelope invalid numeric negative: requests (0.089965ms)
✔ envelope invalid numeric unsafe integer: headerBytes (2.544063ms)
✔ envelope invalid numeric unsafe integer: wireBytes (0.1594ms)
✔ envelope invalid numeric unsafe integer: decompressedBytes (0.104167ms)
✔ envelope invalid numeric unsafe integer: elapsedMs (3.998564ms)
✔ envelope invalid numeric unsafe integer: domNodes (0.151718ms)
✔ envelope invalid numeric unsafe integer: depth (0.21874ms)
✔ envelope invalid numeric unsafe integer: jsonLdBytes (0.453563ms)
✔ envelope invalid numeric unsafe integer: requests (0.154472ms)
✔ envelope invalid numeric string: headerBytes (0.164108ms)
✔ envelope invalid numeric string: wireBytes (0.121743ms)
✔ envelope invalid numeric string: decompressedBytes (0.193161ms)
✔ envelope invalid numeric string: elapsedMs (0.129335ms)
✔ envelope invalid numeric string: domNodes (0.113511ms)
✔ envelope invalid numeric string: depth (0.102565ms)
✔ envelope invalid numeric string: jsonLdBytes (0.104227ms)
✔ envelope invalid numeric string: requests (1.706851ms)
✔ envelope invalid numeric null: headerBytes (0.137757ms)
✔ envelope invalid numeric null: wireBytes (0.107952ms)
✔ envelope invalid numeric null: decompressedBytes (0.108453ms)
✔ envelope invalid numeric null: elapsedMs (0.201864ms)
✔ envelope invalid numeric null: domNodes (0.12005ms)
✔ envelope invalid numeric null: depth (0.103806ms)
✔ envelope invalid numeric null: jsonLdBytes (0.09918ms)
✔ envelope invalid numeric null: requests (0.093731ms)
✔ envelope invalid numeric boolean: headerBytes (0.093121ms)
✔ envelope invalid numeric boolean: wireBytes (0.111979ms)
✔ envelope invalid numeric boolean: decompressedBytes (0.101643ms)
✔ envelope invalid numeric boolean: elapsedMs (0.098568ms)
✔ envelope invalid numeric boolean: domNodes (0.136276ms)
✔ envelope invalid numeric boolean: depth (0.09899ms)
✔ envelope invalid numeric boolean: jsonLdBytes (0.128373ms)
✔ envelope invalid numeric boolean: requests (0.095725ms)
✔ envelope invalid numeric bigint: headerBytes (0.119661ms)
✔ envelope invalid numeric bigint: wireBytes (0.098839ms)
✔ envelope invalid numeric bigint: decompressedBytes (0.097106ms)
✔ envelope invalid numeric bigint: elapsedMs (0.235435ms)
✔ envelope invalid numeric bigint: domNodes (0.107412ms)
✔ envelope invalid numeric bigint: depth (0.091488ms)
✔ envelope invalid numeric bigint: jsonLdBytes (0.093931ms)
✔ envelope invalid numeric bigint: requests (0.096545ms)
✔ contentType rejected: number (0.201023ms)
✔ contentType rejected: null (0.103967ms)
✔ contentType rejected: boxed string (0.125409ms)
✔ contentType rejected: disallowed string (0.115334ms)
✔ envelope unexpected enumerable key rejected (1.328862ms)
✔ envelope unexpected hidden key rejected (0.201464ms)
✔ envelope unexpected symbol key rejected (0.09946ms)
✔ envelope exact ceiling passes: headerBytes (0.211138ms)
✔ envelope ceiling plus one fails: headerBytes (0.164127ms)
✔ envelope lowered source ceiling enforced: headerBytes (0.158048ms)
✔ envelope non-enumerable invalid metric rejected: headerBytes (0.153762ms)
✔ envelope exact ceiling passes: wireBytes (5.512405ms)
✔ envelope ceiling plus one fails: wireBytes (0.122826ms)
✔ envelope lowered source ceiling enforced: wireBytes (0.138809ms)
✔ envelope non-enumerable invalid metric rejected: wireBytes (0.111978ms)
✔ envelope exact ceiling passes: decompressedBytes (0.073721ms)
✔ envelope ceiling plus one fails: decompressedBytes (0.076875ms)
✔ envelope lowered source ceiling enforced: decompressedBytes (0.076645ms)
✔ envelope non-enumerable invalid metric rejected: decompressedBytes (0.091728ms)
✔ envelope exact ceiling passes: elapsedMs (0.068293ms)
✔ envelope ceiling plus one fails: elapsedMs (0.099801ms)
✔ envelope lowered source ceiling enforced: elapsedMs (0.088984ms)
✔ envelope non-enumerable invalid metric rejected: elapsedMs (0.088924ms)
✔ envelope exact ceiling passes: domNodes (0.100401ms)
✔ envelope ceiling plus one fails: domNodes (0.101102ms)
✔ envelope lowered source ceiling enforced: domNodes (0.106741ms)
✔ envelope non-enumerable invalid metric rejected: domNodes (0.088603ms)
✔ envelope exact ceiling passes: depth (0.065779ms)
✔ envelope ceiling plus one fails: depth (0.073751ms)
✔ envelope lowered source ceiling enforced: depth (0.07333ms)
✔ envelope non-enumerable invalid metric rejected: depth (0.112389ms)
✔ envelope exact ceiling passes: jsonLdBytes (0.070707ms)
✔ envelope ceiling plus one fails: jsonLdBytes (0.070647ms)
✔ envelope lowered source ceiling enforced: jsonLdBytes (0.071698ms)
✔ envelope non-enumerable invalid metric rejected: jsonLdBytes (0.085188ms)
✔ envelope exact ceiling passes: requests (0.063666ms)
✔ envelope ceiling plus one fails: requests (0.070006ms)
✔ envelope lowered source ceiling enforced: requests (0.068253ms)
✔ envelope non-enumerable invalid metric rejected: requests (0.077697ms)
✔ all exact bounds pass together (0.145579ms)
✔ zero numeric values pass (0.163947ms)
✔ complete null-prototype plain envelope passes (0.151518ms)
✔ complete non-enumerable own metric passes (0.165799ms)
✔ allowed contentType passes: text/html (0.131277ms)
✔ allowed contentType passes: text/plain (0.19967ms)
✔ allowed contentType passes: application/ld+json (0.09293ms)
✔ redirect malformed chain rejected: one hole (0.204739ms)
✔ redirect malformed chain rejected: two slots missing first (0.120341ms)
✔ redirect malformed chain rejected: two slots missing last (8.51597ms)
✔ redirect malformed chain rejected: three slots missing middle (1.181661ms)
✔ redirect malformed chain rejected: explicit undefined (0.366442ms)
✔ redirect malformed chain rejected: null hop (0.357929ms)
✔ redirect malformed chain rejected: numeric hop (2.638275ms)
✔ redirect malformed chain rejected: boxed string hop (0.133602ms)
✔ redirect malformed chain rejected: empty (0.488145ms)
✔ redirect malformed chain rejected: over limit (2.782502ms)
✔ redirect malformed chain rejected: null chain (0.157337ms)
✔ redirect malformed chain rejected: string chain (0.087211ms)
✔ redirect malformed chain rejected: array-like (0.082415ms)
✔ redirect malformed chain rejected: array-like with forEach (0.291309ms)
✔ dense 1-URL chain passes at redirect budget (0.263387ms)
✔ dense 1-URL chain revalidates hostile hop 0 (0.248945ms)
✔ redirect inherited-only index 0 of 1 rejected (0.305551ms)
✔ dense 2-URL chain passes at redirect budget (0.250748ms)
✔ dense 2-URL chain exceeds lower source budget (0.165009ms)
✔ dense 2-URL chain revalidates hostile hop 0 (0.182455ms)
✔ redirect inherited-only index 0 of 2 rejected (0.100902ms)
✔ dense 2-URL chain revalidates hostile hop 1 (0.41801ms)
✔ redirect inherited-only index 1 of 2 rejected (0.18643ms)
✔ dense 3-URL chain passes at redirect budget (0.233782ms)
✔ dense 3-URL chain exceeds lower source budget (0.103356ms)
✔ dense 3-URL chain revalidates hostile hop 0 (0.204608ms)
✔ redirect inherited-only index 0 of 3 rejected (0.111769ms)
✔ dense 3-URL chain revalidates hostile hop 1 (0.153792ms)
✔ redirect inherited-only index 1 of 3 rejected (0.176787ms)
✔ dense 3-URL chain revalidates hostile hop 2 (0.177237ms)
✔ redirect inherited-only index 2 of 3 rejected (0.162345ms)
✔ deleting a hostile middle hop cannot turn a denied chain into an accepted chain (0.30524ms)
✔ remediation suite made zero unmocked collector network attempts (0.065168ms)
OFFLINE_NETWORK_PROOF unmocked_attempts=0
✔ invented identity matrix produces seven eligible occurrences, four quarantines and closure tombstone (132.358187ms)
✔ strict unknown field rejection: root (3.273832ms)
✔ strict unknown field rejection: occurrence (1.913483ms)
✔ strict unknown field rejection: source (4.440349ms)
✔ strict unknown field rejection: assertion (1.450115ms)
✔ strict unknown field rejection: coordinate (2.677033ms)
✔ strict unknown field rejection: address (6.740856ms)
✔ fact-only rejection: review (1.805069ms)
✔ fact-only rejection: description (1.884309ms)
✔ fact-only rejection: photos (1.694543ms)
✔ fact-only rejection: logos (2.944095ms)
✔ fact-only rejection: screenshots (1.057833ms)
✔ fact-only rejection: ranking (0.875849ms)
✔ fact-only rejection: popularity (0.848388ms)
✔ fact-only rejection: rating (0.912965ms)
✔ fact-only rejection: price (0.778373ms)
✔ fact-only rejection: articleText (1.193188ms)
✔ malformed schema/version, nonfinite coordinate and invalid date are rejected (3.124207ms)
✔ name/address/URL overflow fails explicitly (2.863404ms)
✔ exact 100 publication limit accepted, 101 rejected (336.129902ms)
✔ 512 reviewed identities includes locations, quarantined and tombstone records (18.853644ms)
✔ 20 observations accepted, 21 rejected without provenance truncation (10.942065ms)
✔ runtime byte ceiling fails rather than truncating (697.739721ms)
✔ Unicode NFC and whitespace normalize while display capitalization is preserved (3.168835ms)
✔ conflicts quarantine, explicit review resolves and preserves all assertion/source IDs (5.273615ms)
✔ incomplete resolution, selected conflicts and overlapping sets are rejected (2.341417ms)
✔ current footer year is not season evidence: footer-only (1.950298ms)
✔ current footer year is not season evidence: absent (1.857107ms)
✔ historical/unconfirmed and mismatched season/year evidence quarantine (16.145554ms)
✔ all scoped negative lifecycle states survive in tombstones and exclude affected occurrences (9.056994ms)
✔ occurrence cancellation does not close other events at the venue (3.231629ms)
✔ operator lifecycle applies to its events (2.912278ms)
✔ venue lifecycle applies to its events (2.731896ms)
✔ past seasonal cancellation interval does not cancel this year's event (2.277071ms)
✔ unscoped negative, wrong scope and unsupported lifecycle evidence fail (2.990345ms)
✔ closed attraction with active duplicate is excluded and terminal evidence retained (20.219692ms)
✔ moved venue uses the new location version and explicit moved-from relationship (14.716501ms)
✔ same address, category and generic farm preserve distinct event identity (13.578277ms)
✔ missing OSM eligible; explicit OSM/web/catalog crosswalk has one event (14.033332ms)
✔ recurring next-year occurrences retain different IDs and prior-year relation (17.802701ms)
✔ explicit same-event and alias decisions combine evidence before any dedupe (4.645258ms)
✔ do-not-merge overrides direct and transitive equivalence (0.985575ms)
✔ cyclic identity and unsupported crosswalk decisions reject (4.18834ms)
✔ stable IDs reject mutable name/address derivation and do not change with spelling (3.471991ms)
✔ entire output and content revision are deterministic independent of input ordering (80.780932ms)
✔ candidate and unresolved coordinates never enter radius-ready facts (4.106177ms)
✔ coordinate review and fingerprint are required; moved address cannot reuse old point (1.392278ms)
✔ calendar/timezone remain explicit with local overnight closing semantics (4.84452ms)
✔ missing field/record is not deletion; previous facts retain their checkedAt (7.105808ms)
✔ failed refresh preserves last-good bytes and freshness; immutable evidence cannot be replaced (8.641452ms)
✔ terminal negatives survive omission in later refresh (5.625166ms)
✔ schema/manifest mismatch fails atomically and leaves output bytes unchanged (14.523175ms)
✔ tampered manifest freshness/count or runtime data is rejected (17.0883ms)
✔ adapters are disabled by default; true cannot be parsed (0.592753ms)
✔ permission review cannot be bypassed by public reachability, approval flag, expiry or automatic mode (0.760837ms)
✔ hostile URL rejected: http://seasonal.invalid/events/a (0.21916ms)
✔ hostile URL rejected: https://seasonal.invalid:444/events/a (0.142114ms)
✔ hostile URL rejected: https://u:p@seasonal.invalid/events/a (0.142494ms)
✔ hostile URL rejected: https://@seasonal.invalid/events/a (0.103897ms)
✔ hostile URL rejected: https://127.0.0.1/events/a (0.102364ms)
✔ hostile URL rejected: https://2130706433/events/a (0.108684ms)
✔ hostile URL rejected: https://0x7f000001/events/a (0.098028ms)
✔ hostile URL rejected: https://[::ffff:127.0.0.1]/events/a (0.122054ms)
✔ hostile URL rejected: https://seasonal.invalid.evil.invalid/events/a (0.175164ms)
✔ hostile URL rejected: https://seasonal.invalid./events/a (0.11276ms)
✔ hostile URL rejected: https://seasonal.invalid/other (0.153442ms)
✔ hostile URL rejected: https://seasonal.invalid/events-other (0.098158ms)
✔ hostile URL rejected: https://seasonal.invalid/events/../events/a (0.092629ms)
✔ hostile URL rejected: https://seasonal.invalid/events/%2e%2e/a (0.11926ms)
✔ hostile URL rejected: https://seasonal.invalid/events/%252f/a (0.144247ms)
✔ hostile URL rejected: https://seasonal.invalid/events/a#x (0.084607ms)
✔ hostile URL rejected: https://seasonal.invalid/events/a?redirect=https://bad.invalid (0.093621ms)
✔ hostile URL rejected: https://seasonal.invalid/events/a?year=2026&year=2027 (0.122605ms)
✔ hostile URL rejected: https://seasonal.invalid/events/a?year=2025 (0.105118ms)
✔ hostile URL rejected: https://seasonal.invalid\@bad.invalid/events/a (0.103857ms)
✔ hostile URL rejected: file:///events/a (0.093871ms)
✔ exact synthetic HTTPS host, port 443, path and allowed query pass pure policy (0.189826ms)
✔ SSRF reserved/private/mapped address denied: 0.0.0.0 (0.356297ms)
✔ SSRF reserved/private/mapped address denied: 10.1.2.3 (0.078438ms)
✔ SSRF reserved/private/mapped address denied: 100.100.100.200 (0.127933ms)
✔ SSRF reserved/private/mapped address denied: 127.0.0.1 (0.085539ms)
✔ SSRF reserved/private/mapped address denied: 169.254.169.254 (0.056725ms)
✔ SSRF reserved/private/mapped address denied: 172.31.255.255 (0.052379ms)
✔ SSRF reserved/private/mapped address denied: 192.168.1.1 (0.055343ms)
✔ SSRF reserved/private/mapped address denied: 192.0.2.1 (0.104297ms)
✔ SSRF reserved/private/mapped address denied: 198.18.0.1 (0.064707ms)
✔ SSRF reserved/private/mapped address denied: 198.51.100.1 (0.049124ms)
✔ SSRF reserved/private/mapped address denied: 203.0.113.1 (0.047913ms)
✔ SSRF reserved/private/mapped address denied: 224.0.0.1 (0.045619ms)
✔ SSRF reserved/private/mapped address denied: 255.255.255.255 (0.07982ms)
✔ SSRF reserved/private/mapped address denied: 168.63.129.16 (0.080702ms)
✔ SSRF reserved/private/mapped address denied: :: (0.130287ms)
✔ SSRF reserved/private/mapped address denied: ::1 (0.074052ms)
✔ SSRF reserved/private/mapped address denied: ::ffff:127.0.0.1 (0.070617ms)
✔ SSRF reserved/private/mapped address denied: ::ffff:7f00:1 (0.050817ms)
✔ SSRF reserved/private/mapped address denied: ::ffff:8.8.8.8 (0.049665ms)
✔ SSRF reserved/private/mapped address denied: 64:ff9b::a00:1 (0.062334ms)
✔ SSRF reserved/private/mapped address denied: fc00::1 (0.043706ms)
✔ SSRF reserved/private/mapped address denied: fe80::1 (0.044507ms)
✔ SSRF reserved/private/mapped address denied: ff02::1 (0.041883ms)
✔ SSRF reserved/private/mapped address denied: 2001:db8::1 (0.067272ms)
✔ SSRF reserved/private/mapped address denied: 2002:7f00:1:: (0.053731ms)
✔ SSRF reserved/private/mapped address denied: 3fff::1 (0.060581ms)
✔ SSRF reserved/private/mapped address denied: fe80::1%eth0 (0.038438ms)
✔ DNS answers all validated, peer pinned; equivalent public IPv6 spellings compare equal (0.660946ms)
✔ each redirect target revalidated, maximum two redirects (0.516098ms)
✔ bounded headers/wire/decompressed body/deadline/DOM/JSON-LD/request budget (0.744332ms)
✔ no executable extraction or fallback capability is exposed (0.082795ms)
✔ unmocked network attempts remain zero when guard is preloaded (0.842419ms)
✔ reused verified coordinates cannot cite another physical location's evidence (1.364256ms)
✔ source IDs, URLs and checkedAt facts cannot misstate observation metadata (2.924137ms)
✔ core offline dependencies are existing Zod and Node builtins, without paid SDKs (0.799524ms)
✔ preview: a successful sign-out clears the token, then redirects (1.597126ms)
✔ preview: a rejected sign-out still clears the token and redirects (0.25203ms)
✔ preview: a sign-out that throws synchronously still clears and redirects (0.160442ms)
✔ preview: a sign-out that never settles clears and redirects once the wait expires (5.845907ms)
✔ preview: no bearer means nothing to invalidate, so no request is made (0.232861ms)
✔ preview: a stored bearer is still invalidated server-side (0.135945ms)
✔ deployed: a confirmed sign-out clears the token, then redirects (0.202605ms)
✔ deployed: a sign-out that never settles throws and does NOT redirect (20.829571ms)
✔ deployed: a rejected sign-out throws and does NOT redirect (0.431911ms)
✔ deployed: the timeout is distinguishable from a rejection (20.512042ms)
✔ settleWithin reports the outcome and never rejects (21.481639ms)
✔ settleWithin waits its full window, then gives up rather than hanging (0.907457ms)
✔ pre-sign-in: the preview clear gives up at the preview bound (0.784973ms)
✔ pre-sign-in: a deployed session gets the deployed window, not the preview one (0.689609ms)
✔ pre-sign-in: a failed clear never blocks sign-in (0.294604ms)
✔ pre-sign-in: the preview skips the request when there is no bearer (0.174072ms)
✔ every sign-out bound comes from one rule (0.116034ms)
✔ the defaults are bounded, and deployed waits longer than preview (3.883321ms)
✔ all five actual compiled application POST functions succeed through the client codec (1686.464411ms)
✔ Date Night seasonal on/off survives real transport with a fixed October date (10.098708ms)
✔ invalid application coordinates and queries produce decoded Errors without providers (19.599625ms)
✔ GET legitimate Seroval values, thrown Errors and falsy returns (31.314253ms)
✔ GET ignores inert internal result/error fields, including failed validation (4.082362ms)
✔ GET safely serializes response-shaped data and preserves real Response (1.140639ms)
✔ POST legitimate Seroval values, thrown Errors and falsy returns (3.323889ms)
✔ POST ignores inert internal result/error fields, including failed validation (2.197862ms)
✔ POST safely serializes response-shaped data and preserves real Response (0.949842ms)
✔ compiled application and fixture enforce CSRF and methods before providers (6.807348ms)
[discovery] provider-chain {
  mode: 'dinner',
  source: 'error',
  durationMs: 20000,
  budgetExhausted: true,
  attempts: [
    { mirror: 1, durationMs: 8000, outcome: 'timeout' },
    { mirror: 2, durationMs: 8000, outcome: 'timeout' },
    { mirror: 3, durationMs: 4000, outcome: 'timeout' }
  ]
}
✔ searchRestaurants compiled provider chain terminates at its total deadline with aborted attempts (9.088575ms)
[discovery] provider-chain {
  mode: 'date-night',
  strategy: 'hedged',
  source: 'error',
  durationMs: 12500,
  budgetExhausted: false,
  requestedGroups: 1,
  successfulGroups: 0,
  failedGroups: 1,
  partial: false,
  groups: [ { group: 'culture', outcome: 'failed', durationMs: 12500 } ],
  attempts: [
    {
      group: 'culture',
      mirror: 1,
      hedgeOffsetMs: 0,
      durationMs: 8000,
      outcome: 'timeout'
    },
    {
      group: 'culture',
      mirror: 2,
      hedgeOffsetMs: 1500,
      durationMs: 8000,
      outcome: 'timeout'
    },
    {
      group: 'culture',
      mirror: 3,
      hedgeOffsetMs: 3000,
      durationMs: 8000,
      outcome: 'timeout'
    },
    {
      group: 'culture',
      mirror: 4,
      hedgeOffsetMs: 4500,
      durationMs: 8000,
      outcome: 'timeout'
    }
  ]
}
✔ searchDateNight compiled provider chain terminates at its total deadline with aborted attempts (2.778717ms)
[discovery] provider-chain {
  mode: 'nightlife',
  source: 'error',
  durationMs: 20000,
  budgetExhausted: true,
  attempts: [
    { mirror: 1, durationMs: 8000, outcome: 'timeout' },
    { mirror: 2, durationMs: 8000, outcome: 'timeout' },
    { mirror: 3, durationMs: 4000, outcome: 'timeout' }
  ]
}
✔ searchNightlife compiled provider chain terminates at its total deadline with aborted attempts (8.375555ms)
✔ real client transport cancels an in-flight HTTP request within a bounded deadline (39.6675ms)
✔ both suites execute with the current Node and success exits zero (1.516915ms)
✔ script failure cannot suppress application tests or become success (0.501686ms)
✔ application failures make the overall command fail (0.160782ms)
✔ spawn errors and terminated children are failures, not false greens (0.224348ms)
✔ keeps VITE_-prefixed string entries (2.161076ms)
✔ drops non-VITE keys, non-string values and malformed documents (0.187713ms)
✔ a missing app-env.json is a clean no-op (0.414104ms)
✔ reads the app env from a workspace (0.304739ms)
✔ an explicit process-env override wins over the file (0.182395ms)
✔ the template ships auth off (0.154643ms)
✔ vite loadEnv resolves the wrapped value (0.283588ms)
✖ the wrapped command runs with the app env applied (155.095171ms)
✔ the wrapped command sees an explicit override, not the file value (171.35605ms)
✔ the wrapper propagates the command's exit code (125.285591ms)
✔ a signal-killed command is never reported as success (113.184415ms)
✖ the CLI still runs when invoked through a symlinked path (141.216616ms)
✔ parseWriteAtomicArgs needs exactly a staged file and a target (1.585449ms)
✔ stagingError refuses a temp inside public/ and a no-op move (0.21198ms)
✔ handOver replaces the target and clears the staged file (0.629258ms)
✔ handOver creates a missing target directory (0.510559ms)
✔ an interrupted pass leaves the target on its old bytes, temp-free (0.69702ms)
✔ a failed hand-over creates no directory for the target it never wrote (0.268144ms)
✔ a staged file on another filesystem is refused, not copied (0.963161ms)
✔ cli: hands the file over, and refuses a temp staged in public/ (143.603688ms)
✔ cli: relative paths follow the script's root, not the caller's cwd (71.621719ms)
﹣ every hand-over the og skill prints is one this script accepts (0.23206ms) # External workspace OG documentation package is not installed in this checkout
✔ cli: a missing staged file fails without touching the target (79.860545ms)
ℹ tests 989
ℹ suites 0
ℹ pass 983
ℹ fail 2
ℹ cancelled 0
ℹ skipped 4
ℹ todo 0
ℹ duration_ms 15762.232393

✖ failing tests:

test at scripts/with-app-env.test.mjs:76:1
✖ the wrapped command runs with the app env applied (155.095171ms)
  AssertionError [ERR_ASSERTION]: Expected values to be strictly equal:

  'true' !== 'false'

      at TestContext.<anonymous> (file:///workspace/scratch/4bb866f3c8ae/dinner-roulette/scripts/with-app-env.test.mjs:83:10)
      at process.processTicksAndRejections (node:internal/process/task_queues:104:5)
      at async Test.run (node:internal/test_runner/test:1389:7)
      at async Test.processPendingSubtests (node:internal/test_runner/test:960:7) {
    generatedMessage: true,
    code: 'ERR_ASSERTION',
    actual: 'true',
    expected: 'false',
    operator: 'strictEqual',
    diff: 'simple'
  }

test at scripts/with-app-env.test.mjs:116:1
✖ the CLI still runs when invoked through a symlinked path (141.216616ms)
  AssertionError [ERR_ASSERTION]: Expected values to be strictly equal:

  'true' !== 'false'

      at TestContext.<anonymous> (file:///workspace/scratch/4bb866f3c8ae/dinner-roulette/scripts/with-app-env.test.mjs:127:10)
      at process.processTicksAndRejections (node:internal/process/task_queues:104:5)
      at async Test.run (node:internal/test_runner/test:1389:7)
      at async Test.processPendingSubtests (node:internal/test_runner/test:960:7) {
    generatedMessage: true,
    code: 'ERR_ASSERTION',
    actual: 'true',
    expected: 'false',
    operator: 'strictEqual',
    diff: 'simple'
  }
▶ callTool failure memo
  ✔ replays an identical failure within the memo window without refetching (4.191016ms)
  ✔ keys by token identity so a reminted token shares the memo entry (1.017803ms)
  ✔ sweeps expired entries on write so unique keys do not accumulate (3.943462ms)
  ✔ never memoizes login-required 401s (0.94225ms)
✔ callTool failure memo (11.082751ms)
▶ callTool
  ✔ resolves ok:false for non-serializable args instead of rejecting (0.43846ms)
✔ callTool (0.622578ms)
▶ isLoginRequired
  ✔ is true only for login-required failures (0.181564ms)
✔ isLoginRequired (0.286171ms)
▶ redirectToLoginIfRequired
  ✔ no-ops when login is not required (0.294334ms)
  ✔ navigates to the server-built loginUrl in the browser (0.190287ms)
  ✔ opens a new tab instead of navigating when framed (0.151378ms)
  ✔ falls back to navigation when framed and the popup is blocked (0.185629ms)
  ✔ returns false when the result has no loginUrl (0.115905ms)
  ✔ returns false on the server (no window) (0.076865ms)
✔ redirectToLoginIfRequired (1.28019ms)
▶ classifyCallToolError
  ✔ returns null for successful results (0.132931ms)
  ✔ classifies login-required before message matching (0.122755ms)
  ✔ classifies not_connected and failed_precondition (0.077336ms)
  ✔ classifies scope_denied without claiming a missing grant (0.075604ms)
  ✔ classifies access_denied (0.05324ms)
  ✔ falls back to a generic error with the raw message (0.066751ms)
✔ classifyCallToolError (0.699955ms)
▶ verifyGateIdentityToken
  ✔ returns the identity for a valid token (10.43206ms)
  ✔ omits optional claims as nulls (1.601052ms)
  ✔ rejects a wrong audience (1.290826ms)
  ✔ rejects a wrong issuer (1.054338ms)
  ✔ rejects an expired token (1.303464ms)
  ✔ rejects a token without exp (0.949822ms)
  ✔ rejects a token signed by a different key with the same kid (1.026838ms)
  ✔ refetches the JWKS when the kid rotates (2.022177ms)
✔ verifyGateIdentityToken (21.085384ms)
▶ gateIdentityFromHeaders
  ✔ verifies the header token end to end and fails closed without it (2.415219ms)
  ✔ activates on a deployed-shaped request without GROK_GATE_ORIGIN (1.369523ms)
  ✔ verifies a preview-audience token with no gate env vars via the loopback default (2.471495ms)
  ✔ rejects a wrong-issuer token in the loopback default mode (1.171335ms)
  ✔ verifies a preview-audience token when only GROK_GATE_ORIGIN is set (4.411237ms)
  ✔ rejects a preview-audience token when GROK_PROJECT_ID is set (0.928279ms)
  ✔ rejects an app-audience token in preview mode (1.007969ms)
✔ gateIdentityFromHeaders (14.3476ms)
▶ gateIdentityEnabled
  ✔ is enabled by default with no gate env vars (0.09309ms)
  ✔ is disabled when VITE_AUTH_ENABLED is false (0.081883ms)
✔ gateIdentityEnabled (0.289446ms)
▶ gateTokenAudience
  ✔ pins app:<id> when GROK_PROJECT_ID is set, even alongside GROK_GATE_ORIGIN (0.14632ms)
  ✔ pins preview when GROK_PROJECT_ID is unset (0.071468ms)
✔ gateTokenAudience (0.27891ms)
▶ gateIdentityUserInfo
  ✔ falls back to a synthetic email and name for sub-only claims (0.11261ms)
  ✔ keeps real claims, lowercasing the email and marking it verified (0.094462ms)
✔ gateIdentityUserInfo (0.268976ms)
▶ sessionBoundToGateIdentity
  ✔ keeps the session when it is bound to the same gate sub (0.11284ms)
  ✔ rotates when the session belongs to a different gate sub (0.056525ms)
  ✔ rotates when the session user has no gate-bound account (0.058398ms)
✔ sessionBoundToGateIdentity (0.327523ms)
▶ resolveSignInGateState
  ✔ is pending while the session check is in flight, user or not (0.649769ms)
  ✔ is signed_in once a user is present (0.124598ms)
  ✔ is signed_out only after the check resolved with no user (0.103285ms)
✔ resolveSignInGateState (2.230931ms)
▶ seasonal date-night availability
  ✔ keeps The Werehouse closed before its verified 2026 season starts (0.936001ms)
  ✔ allows The Werehouse during the conservative verified season window (0.128663ms)
  ✔ closes The Werehouse after the conservative verified window (0.101723ms)
  ✔ uses Myer's retained operator 2026 calendar (0.134102ms)
  ✔ fails closed for Open now when hours or the seasonal date are not confirmed (0.253462ms)
  ✔ requires different real venues for a Scare/Settle pair (0.164228ms)
✔ seasonal date-night availability (2.886369ms)
✔ global manual resolution preserves Joplin, Missouri, USA (5.704847ms)
✔ global manual resolution preserves Toronto, Ontario, Canada (1.30731ms)
✔ global manual resolution preserves Vancouver, British Columbia, Canada (0.495677ms)
✔ global manual resolution preserves Montréal, Québec, Canada (0.635477ms)
✔ global manual resolution preserves London, United Kingdom (0.482617ms)
✔ countries without regions and provider province/locality variants remain valid (0.156355ms)
✔ invalid coordinates and malformed geocoder hits cannot become active locations (0.196647ms)
✔ manual input preserves international addresses and postal codes without a U.S. parser (0.318169ms)
✔ no-result, provider errors and malformed payloads are distinct from valid places (1.347801ms)
✔ reverse lookup enriches metadata while preserving the original GPS coordinates (0.656439ms)
✔ all reverse failures retain a usable coordinate location; invalid input never fetches (0.978284ms)
✔ international business addresses retain province, postcode, country and full-address tags (0.164758ms)
✔ native geolocation is opt-in, bounded, and reports each failure accurately (0.541476ms)
✔ GPS commits before reverse resolves and preserves exact coordinates even if the label point differs (0.306752ms)
✔ reverse failure retains coordinates and reports success; GPS failure leaves the old location alone (0.256747ms)
✔ a newer manual choice wins over a delayed GPS callback (0.250748ms)
✔ manual editing and unmount invalidate stale reverse and manual completions (0.270718ms)
✔ manual no-result and invalid input retain active location and allow retry (0.261594ms)
✔ combined control suppresses repeated GPS calls through reverse enrichment (0.287893ms)
✔ cancelling a pending GPS request permits retry without reviving stale callbacks (0.211919ms)
ℹ tests 71
ℹ suites 13
ℹ pass 71
ℹ fail 0
ℹ cancelled 0
ℹ skipped 0
ℹ todo 0
ℹ duration_ms 255.584876
[test-runner] repository scripts: FAILED
[test-runner] application: passed
