npm warn Unknown env config "http-proxy". This will stop working in the next major version of npm.

> test
> node scripts/test-runner.mjs

✔ persistent Android identity, SDK, lockfile and approved artwork agree (4.632963ms)
✔ native audit rejects package drift, insecure content and exposed WebView debugging (1.382593ms)
✔ Android version parser accepts future releases and rejects invalid Play codes (0.943412ms)
✔ Android workflow is artifact-only and does not regenerate the project or migrate (0.24543ms)
✔ Settings does not advertise an Android artifact that has not been published (0.217387ms)
✔ non-canvas app with no custom card gets a soft BRAND NOTE (utility exception) (3.471281ms)
✔ non-canvas app with a compliant card is silent (1.601323ms)
✔ card file without site.json card=custom warns (0.927178ms)
✔ card file with missing site.json warns for card=custom (1.191195ms)
✔ card file with invalid site.json warns for card=custom (0.97578ms)
✔ oversized card warns for non-canvas apps too (2.64119ms)
✔ canvas app with no card warns 'missing' and missing og:type (0.732153ms)
✔ canvas card without type still warns for og:type (0.642668ms)
✔ oversized card warns on the scraper budget (jpg and legacy png) (3.242307ms)
✔ compliant game (custom card + site.json type + x-banner) is silent (4.320712ms)
✔ __root.tsx og:type no longer satisfies the canvas gate (1.009842ms)
✔ oversized x-banner warns on the same scraper budget as og.jpg (1.104514ms)
✔ legacy png + site.json type still needs the X feed card (0.82312ms)
✔ siteDeclaresOgTypeGame reads the site contract (0.14627ms)
✔ a fresh og-pending marker silences the whole gate view (0.487054ms)
✔ a stale og-pending marker is ignored and the warnings return (0.406503ms)
✔ the marker goes stale on the clock, not on the file (0.565882ms)
✔ no marker means nothing is in flight (0.314424ms)
✔ parseBrandCheckArgs takes --game, --placeholder-ok and --root, and rejects the rest (0.348976ms)
✔ cli: a game missing its card reports JSON and exits 1 (71.549973ms)
✔ cli: a compliant game passes (59.490388ms)
✔ cli: the task's own marker is reported, not honoured (63.199768ms)
✔ cli: a bad argument fails with JSON on stderr (76.73359ms)
✔ cli: a non-game with no card fails too — the pass exists to produce one (98.282216ms)
✔ cli: --placeholder-ok is how a plain-utility pass reports no card as expected (174.912321ms)
✔ cli: a non-game with a compliant card passes (110.654197ms)
﹣ SKILL.md and AGENTS.md name the marker path and bound this script uses (0.084087ms) # External workspace OG documentation package is not installed in this checkout
﹣ the sections that own the brand-task prohibition never affirm a wait (0.044688ms) # External workspace OG documentation package is not installed in this checkout
﹣ SKILL.md tells the pass to self-check with the flag this CLI accepts (0.03931ms) # External workspace OG documentation package is not installed in this checkout
✔ browser acceptance rejects source/output drift and auth-disabled previews (10.341726ms)
✔ unfinished builds and sources changed during compilation cannot be blessed (11.470116ms)
✔ normalizes whitespace before hashing (1.841195ms)
✔ nullish and blank body text normalize to the empty string (0.19904ms)
✔ body text prefix is normalized and capped (0.160572ms)
✔ identical runs do not diverge (0.990483ms)
✔ status change diverges (0.408325ms)
✔ title change diverges (0.207983ms)
✔ title comparison is skipped when either side lacks one (0.158709ms)
✔ canvas disappearing diverges; canvas appearing does not (0.173641ms)
✔ horizontal overflow appearing diverges; clearing does not (0.213311ms)
✔ new console errors diverge (0.242265ms)
✔ errors already present in the baseline do not re-diverge (0.184529ms)
✔ body text collapse diverges (0.18576ms)
✔ body text dropping to zero reports collapse (0.148724ms)
✔ zero-length baseline reports growth via the hash branch, not collapse (0.120392ms)
✔ hash mismatch with a trivial length delta and same page start is tolerated (0.070045ms)
✔ hash mismatch with a trivial length delta but changed page start diverges (0.117727ms)
✔ prefix check is skipped when either side lacks a prefix (0.167612ms)
✔ length-delta tolerance boundary: 50 tolerated, 51 diverges (500-char baseline) (0.184108ms)
✔ length-delta floor dominates small baselines: 20 tolerated, 21 diverges (100-char baseline) (0.131778ms)
✔ collapse boundary: exactly half is 'changed', one below is 'collapsed' (0.141524ms)
✔ missing baseline viewport diverges (0.120161ms)
✔ empty or null baseline diverges for every viewport (0.143427ms)
✔ degenerate current verdict fails closed (0.222335ms)
✔ multiple signals across viewports all accumulate (0.0997ms)
✔ baselineComparison round-trips a valid baseline (0.201914ms)
✔ baselineComparison fails closed on malformed or wrong-shape baselines (0.24588ms)
✔ parseSmokeArgs defaults (0.164378ms)
✔ parseSmokeArgs consumes --baseline without shifting positionals (0.109344ms)
✔ parseSmokeArgs rejects a trailing --baseline flag (0.108824ms)
✔ parseSmokeArgs supports the --baseline= form (0.122475ms)
✔ parseSmokeArgs rejects unknown flags instead of treating them as positionals (0.101403ms)
✔ parseSmokeArgs env fallback and flag precedence (0.103396ms)
✔ derivedPaths handles .png, .PNG, and extensionless inputs (0.229296ms)
✔ exitCodeFor: clean run exits 0 (0.221845ms)
✔ exitCodeFor: errors in any single viewport exit 2 (0.129805ms)
✔ exitCodeFor: navigation failure in any viewport exits 1, beating errors (0.187342ms)
✔ exitCodeFor: 4xx boundary and missing status (0.111978ms)
✔ exitCodeFor: no viewport data is a failure (0.065128ms)
✔ browser-smoke wires the guard and verdict helpers (0.382416ms)
✔ browser-smoke file I/O only touches guarded paths (0.434504ms)
✔ casino evidence JSON is parseable; truncated ledgers cannot masquerade as complete (17.600546ms)
✔ keyed manifests preserve state names and integration override precedence (1.793323ms)
✔ missing or malformed jurisdiction objects fail closed (0.444099ms)
✔ nearby same-name rows reconcile once with latest ID and metadata (0.829851ms)
✔ same ID at distinct locations remains a hard failure (0.175194ms)
✔ small successive moves cannot conceal a distant same-ID conflict (0.219821ms)
✔ distant same-name destinations with distinct IDs are retained (0.189786ms)
✔ complete jurisdiction counts reject both missing and excess destinations (0.219902ms)
✔ legacy IDs use exported jurisdiction metadata rather than ID prefixes (0.214163ms)
✔ invalid coordinates, jurisdictions and complete-count values fail closed (0.353493ms)
✔ pending decision universes are not treated as runtime quotas (0.378561ms)
✔ nearby same-ID records with a renamed property use latest metadata (0.17197ms)
✔ missing identities cannot silently disappear from the audit (0.1198ms)
✔ every active jurisdiction needs an explicit manifest status (0.25904ms)
✔ unknown totals are allowed only for explicitly pending jurisdictions (0.243737ms)
✔ a supplied pending count must still be a positive integer (0.148063ms)
✔ authoritative sources and allowed status values remain required (0.458971ms)
✔ Beau Rivage keeps its original stable ID and one latest-property destination (84.303514ms)
✔ MGM Grand Las Vegas keeps its original stable ID and one latest-property destination (34.17744ms)
✔ audit follows runtime registration, including renamed imports (8.81801ms)
✔ unregistered imports and unknown runtime arrays fail closed (9.155869ms)
✔ duplicate, skipped and out-of-order passes cannot change audit precedence (1.026387ms)
✔ empty or missing runtime registration cannot pass validation (0.423338ms)
✔ real exported factory IDs and metadata survive loading (38.101232ms)
✔ missing or empty module exports fail instead of undercounting (6.312864ms)
✔ resumed additions preserve explicit point evidence, casino schema and active canonical identity (11.18093ms)
✔ local operator aliases merge without losing canonical points or merging distant same-brand casinos (6.259434ms)
✔ neighboring Otoe-Missouria casino floors and related travel components retain separate identity (0.691883ms)
✔ Casino Oklahoma uses its named casino point and routing street, separately from Sugar Creek (0.543219ms)
✔ Golden Eagle casinos in Oklahoma and Kansas survive identical names across states (0.472192ms)
✔ Prairie Sun closure cannot be revived by stale live tags or suppress current Prairie Moon (1.274641ms)
✔ new operator aliases cannot merge nearby independently operated casino floors (1.386319ms)
✔ reconciled travel-center destinations use the right city and current postal identity (0.486253ms)
[discovery] provider-chain {
  mode: 'nightlife',
  source: 'live',
  durationMs: 4,
  budgetExhausted: false,
  attempts: [ { mirror: 1, durationMs: 4, outcome: 'empty' } ]
}
[discovery] provider-chain {
  mode: 'nightlife',
  source: 'fallback',
  durationMs: 0,
  budgetExhausted: false,
  attempts: [
    { mirror: 1, durationMs: 0, outcome: 'network-error' },
    { mirror: 2, durationMs: 0, outcome: 'network-error' },
    { mirror: 3, durationMs: 0, outcome: 'network-error' },
    { mirror: 4, durationMs: 0, outcome: 'network-error' }
  ]
}
✔ invalid query coordinates and nonfinite radii cannot reach providers (1.226509ms)
✔ malformed provider records are discarded individually (1.19406ms)
✔ casino words in an unrelated bar name do not satisfy the casino filter (0.314904ms)
✔ closed property holds are geographically scoped and cannot suppress successors (0.241675ms)
✔ lifecycle tags exclude inactive venues but preserve a current repurposed bar (0.129475ms)
✔ same-brand neighboring casino floors do not borrow each other's live metadata (0.536298ms)
✔ canonical casino location and identity survive live merging (0.222696ms)
✔ valid empty responses remain empty results; invalid JSON shape falls back (6.846599ms)
✔ provider outages preserve the complete local canonical casino pool (7.54394ms)
✔ malformed optional fields cannot poison a provider response or create unsafe actions (5.194108ms)
✔ generic casino names cannot collapse distinct nearby properties into an empty identity (0.523098ms)
✔ reviewed predecessor names merge only into the same nearby current property (2.78663ms)
✔ closed Oklahoma predecessors stay excluded without suppressing operating successors (0.332952ms)
✔ Golden Pony closure cannot be revived by stale live tags or suppress unrelated places (0.307463ms)
✔ final casino aliases preserve canonical routing and do not absorb distant same-name properties (4.894797ms)
✔ nearby final-pass casinos remain distinct even inside the alias distance threshold (1.888025ms)
✔ same-brand town names and Pawnee satellite aliases cannot redirect live details to another casino (1.127249ms)
✔ Gold Town closure rejects stale casino tags while nearby Pahrump properties survive (1.849657ms)
✔ conflicting casino map metadata cannot replace the reviewed property or component point (0.507194ms)
✔ freeze accounting preserves resolved holds, unresolved candidates and historical rows honestly (2.381719ms)
✔ captured live casino responses exclude closed aliases and reconcile the reviewed regional pools (15.391727ms)
✔ Pass 50 has exactly four distinct evidence-backed physical destinations (1.330295ms)
✔ runtime points use source destination fields, never map viewport centres (0.798724ms)
✔ Cadence Crossing remains tied to corrected named-property evidence (13.943454ms)
[discovery] provider-chain {
  mode: 'nightlife',
  source: 'fallback',
  durationMs: 1,
  budgetExhausted: false,
  attempts: [
    { mirror: 1, durationMs: 0, outcome: 'malformed' },
    { mirror: 2, durationMs: 0, outcome: 'malformed' },
    { mirror: 3, durationMs: 0, outcome: 'malformed' },
    { mirror: 4, durationMs: 0, outcome: 'malformed' }
  ]
}
[discovery] provider-chain {
  mode: 'nightlife',
  source: 'error',
  durationMs: 1,
  budgetExhausted: false,
  attempts: [
    { mirror: 1, durationMs: 0, outcome: 'malformed' },
    { mirror: 2, durationMs: 0, outcome: 'malformed' },
    { mirror: 3, durationMs: 0, outcome: 'malformed' },
    { mirror: 4, durationMs: 0, outcome: 'malformed' }
  ]
}
[discovery] provider-chain {
  mode: 'nightlife',
  source: 'live',
  durationMs: 0,
  budgetExhausted: false,
  attempts: [ { mirror: 1, durationMs: 0, outcome: 'empty' } ]
}
✔ global manual origins retain final-pass casino identities and routing through actual discovery handlers (9.342429ms)
✔ switching a casino origin internationally keeps bounded closures local and preserves exact GPS coordinates (1.128501ms)
✔ incomplete provider replies retain honest casino fallback and international errors while valid empty replies stay empty (4.677339ms)
✔ current RC points match observed destination or named source fields (7.199029ms)
✔ rejected map centres cannot silently replace verified casino points (6.200936ms)
✔ current casinos survive while all reviewed closure aliases remain out of the curated catalog (12.180107ms)
✔ newly registered destinations preserve numerical property evidence and scope decisions (1.392689ms)
✔ additions enter once while pin corrections retain IDs and historical evidence (1.692951ms)
✔ nearby branded buildings and separately operated Oneida venues survive canonicalization (0.485812ms)
✔ final adversarial additions and correction preserve observed property destinations (5.518217ms)
✔ Slot Palace routing uses its operator directions address and preserves the separate resort (0.761257ms)
✔ final frontier destinations retain property evidence and survive all closure scopes (4.91034ms)
✔ casino floors remain distinct from nearby casino properties, off-site lodges and closed predecessors (1.136052ms)
✔ recent legacy exports retain their latest source identity and property point (3.087213ms)
✔ every serialized runtime casino satisfies the application data schema (9.051301ms)
✔ missing required fields, duplicate type tags, wrong categories and malformed nulls fail (0.867558ms)
✔ coordinate range, state leakage and jurisdiction disagreement are rejected (0.184308ms)
✔ new passes cannot activate without identity and coordinate evidence (0.300042ms)
✔ unsafe website schemes cannot enter destination actions (2.13019ms)
✔ strict open-now requires known open hours; default exposes saved destinations honestly (2.12998ms)
✔ casino type, radius and known/unknown price filters compose (0.295035ms)
✔ favorites, permanent exclusions and expiring exclusions protect selection (0.327093ms)
✔ empty and singleton pools terminate with correct option counts (0.468015ms)
✔ options never return duplicate identifiers or mutate the input (0.359832ms)
✔ energy and repeat penalties influence weighted picks without excluding all shown places (0.3315ms)
✔ large catalog sampling retains Unicode names and distinct options (13.94744ms)
✔ the flag predicate matches src/lib/auth (1.209643ms)
✔ reads the value a live dev server resolved (1.094569ms)
✔ a server started without the flag reads as sign-in on (0.20545ms)
✔ agreement passes (0.280232ms)
✔ divergence fails in either direction (0.340063ms)
✔ an unobservable dev server is indeterminate, not agreement (0.163537ms)
✔ a dev server that cannot be reached probes as null (0.27907ms)
✔ a server without the endpoint probes as null, not as agreement (0.386783ms)
✔ only a divergence warns the smoke verdict (1.271556ms)
✔ the build side resolves the template's shipped app-env (1.211125ms)
✔ the CLI reports rather than silently passing when run via a symlink (143.94489ms)
✔ Anything coverage satisfies every later category and subset without acquiring again (3.459364ms)
✔ coverage is category-specific within a group; only missing types are requested (6.540948ms)
✔ valid-empty coverage is reusable and preserves its origin; failed/cancelled categories stay missing (0.321404ms)
✔ complete fallback and legacy missing metadata never establish reusable live coverage (0.234764ms)
✔ cached successes plus fresh failure preserve partial live data and disjoint category outcomes (0.608657ms)
✔ cached live success survives missing-category transport failure without asserting coverage (3.530871ms)
✔ radius narrowing reuses larger coverage but widening cannot use a narrower entry (0.398641ms)
✔ latitude separates incompatible cache coverage (0.200753ms)
✔ longitude separates incompatible cache coverage (0.188924ms)
✔ Halloween activation separates incompatible cache coverage (9.246565ms)
✔ semantic version separates incompatible cache coverage (0.317078ms)
✔ TTL expires exactly at bound; reads and fresh missing-category combinations never rejuvenate old coverage (0.33883ms)
✔ new valid-empty category coverage cannot resurrect old venues through a reused superset (0.259071ms)
✔ equal-timestamp freshness uses admission order even after an older superset becomes most recently used (0.233542ms)
✔ V-DR-02: maxEntries eviction cannot resurrect superseded Corn (increasing timestamps) (0.421345ms)
✔ V-DR-02: maxEntries eviction cannot resurrect superseded Corn (equal timestamps) (0.200071ms)
✔ V-DR-02: maxVenues eviction cannot resurrect superseded Corn (increasing timestamps) (0.581426ms)
✔ V-DR-02: maxVenues eviction cannot resurrect superseded Corn (equal timestamps) (0.217538ms)
✔ V-DR-02: radius 50→15 supersession is durable and never claims wider coverage (0.27187ms)
✔ V-DR-02: radius 15→50 supersession is durable and never claims wider coverage (0.303448ms)
✔ V-DR-02: supersession lasts through the old TTL and never rejuvenates unaffected Movies (0.229456ms)
✔ V-DR-02: successful coverage for another latitude cannot supersede this signature (0.150346ms)
✔ V-DR-02: successful coverage for another longitude cannot supersede this signature (0.108373ms)
✔ V-DR-02: successful coverage for another Halloween activation cannot supersede this signature (0.100962ms)
✔ V-DR-02: successful coverage for another semantic version cannot supersede this signature (0.105078ms)
✔ V-DR-02: valid-empty supersession retains full classification and evidence for an identity still reused through Movies (0.230507ms)
✔ V-DR-02: rejected fallback response cannot supersede successful older coverage (0.159911ms)
✔ V-DR-02: rejected failed response cannot supersede successful older coverage (0.07985ms)
✔ V-DR-02: rejected cancelled response cannot supersede successful older coverage (0.084167ms)
✔ V-DR-02: rejected cache-hit response cannot supersede successful older coverage (0.056586ms)
✔ V-DR-02: rejected legacy response cannot supersede successful older coverage (0.06605ms)
✔ V-DR-02: rejected oversize response cannot supersede successful older coverage (0.126551ms)
✔ V-DR-02: partial success supersedes only its successful categories (0.193922ms)
✔ V-DR-02: an entry with all coverage superseded retains terminal identity evidence until TTL (0.352622ms)
✔ LRU entry and aggregate raw-venue caps evict whole entries without truncated coverage (0.468085ms)
✔ cache assembly preserves catalog aliases, full evidence, hours precedence and lifecycle in either insertion order (0.617431ms)
✔ fresh cross-category lifecycle evidence suppresses an older cached active identity without adding coverage (0.425231ms)
✔ actual DateNightHome: Anything→subsets and every local-only filter reuse data without network (477.347391ms)
✔ actual DateNightHome: stale persisted unknown categories recover to Anything without weakening RPC validation (8.0298ms)
✔ actual DateNightHome: subset then mixed selection fetches only missing categories (5.917637ms)
✔ actual DateNightHome: bounded missing-category timeout preserves cached live contribution and partial warning (9.551784ms)
✔ actual DateNightHome: TTL refreshes on next category acquisition, not local-only toggles or elapsed time (9.204631ms)
✔ actual DateNightHome: radius widening schedules an outer patch; narrowing reuses core without RPC (22.499565ms)
✔ actual DateNightHome: late replacement response cannot seed reusable cache (9.35656ms)
✔ actual DateNightHome: late timeout response cannot seed reusable cache (8.864758ms)
✔ actual DateNightHome: component cache lifetime does not survive unmount or contaminate another session (5.704076ms)
✔ Date Night hedge mirror 2 wins at 1500ms and cancels losing attempts (23.605937ms)
✔ Date Night hedge mirror 3 wins at 3000ms and cancels losing attempts (2.008527ms)
✔ Date Night hedge mirror 4 wins at 4500ms and cancels losing attempts (1.949108ms)
✔ Date Night all fetch stalls settle by 12.5s even when abort is honored (3.658283ms)
✔ Date Night all fetch stalls settle by 12.5s even when abort is ignored (2.103771ms)
✔ Date Night all body stalls settle by 12.5s even when abort is honored (1.148471ms)
✔ Date Night all body stalls settle by 12.5s even when abort is ignored (1.018225ms)
✔ Date Night groups share the unchanged absolute 20s deadline, including abort-ignoring work (1.200429ms)
✔ Date Night immediate 429 advances immediately and preserves normalized failure (1.491337ms)
✔ Date Night immediate 500 advances immediately and preserves normalized failure (1.047108ms)
✔ Date Night immediate 504 advances immediately and preserves normalized failure (0.754357ms)
✔ Date Night immediate malformed advances immediately and preserves normalized failure (0.547245ms)
✔ Date Night immediate invalid-json advances immediately and preserves normalized failure (0.667065ms)
✔ Date Night immediate abort advances immediately and preserves normalized failure (0.647636ms)
✔ Date Night immediate network-error advances immediately and preserves normalized failure (0.65685ms)
✔ Date Night valid empty wins and differs from failure (0.440645ms)
✔ Date Night late loser success/rejection cannot replace winner or mutate recorded outcome (2.559988ms)
✔ Date Night cancellation aborts active attempts, stops scheduled hedges and records cancelled group (1.091135ms)
✔ Date Night four groups never exceed sixteen fixed-mirror attempts and reject duplicate/untrusted group IDs (6.313254ms)
✔ canonical lifecycle interpretation preserves the full frozen key/value semantics and precedence (25.706182ms)
✔ generated POSIX value matcher has exact truth semantics, including false prefixes/extensions and case (1.329664ms)
✔ canonical normalization preserves fill-only, input ordering, active tags and supported suffix boundaries (5.134769ms)
✔ registry parity demolished: simple flags and every recognized namespace across every supported category (542.712352ms)
✔ registry parity removed: simple flags and every recognized namespace across every supported category (428.39508ms)
✔ registry parity razed: simple flags and every recognized namespace across every supported category (376.658763ms)
✔ registry parity destroyed: simple flags and every recognized namespace across every supported category (404.027796ms)
✔ registry parity disused: simple flags and every recognized namespace across every supported category (211.838382ms)
✔ registry parity abandoned: simple flags and every recognized namespace across every supported category (256.214841ms)
✔ registry parity was: simple flags and every recognized namespace across every supported category (299.02329ms)
[discovery] provider-chain {
  mode: 'date-night',
  strategy: 'hedged',
  source: 'live',
  durationMs: 2,
  budgetExhausted: false,
  requestedGroups: 1,
  successfulGroups: 1,
  failedGroups: 0,
  partial: false,
  groups: [
    {
      group: 'seasonal',
      outcome: 'success',
      durationMs: 2,
      winnerMirror: 2
    }
  ],
  attempts: [
    {
      group: 'seasonal',
      mirror: 1,
      hedgeOffsetMs: 0,
      durationMs: 1,
      outcome: 'http-error',
      status: 503
    },
    {
      group: 'seasonal',
      mirror: 2,
      hedgeOffsetMs: 1,
      durationMs: 1,
      outcome: 'success'
    }
  ]
}
[discovery] provider-chain {
  mode: 'date-night',
  strategy: 'hedged',
  source: 'live',
  durationMs: 1,
  budgetExhausted: false,
  requestedGroups: 1,
  successfulGroups: 1,
  failedGroups: 0,
  partial: false,
  groups: [
    {
      group: 'seasonal',
      outcome: 'success',
      durationMs: 1,
      winnerMirror: 2
    }
  ],
  attempts: [
    {
      group: 'seasonal',
      mirror: 1,
      hedgeOffsetMs: 0,
      durationMs: 0,
      outcome: 'http-error',
      status: 503
    },
    {
      group: 'seasonal',
      mirror: 2,
      hedgeOffsetMs: 0,
      durationMs: 1,
      outcome: 'success'
    }
  ]
}
[discovery] provider-chain {
  mode: 'date-night',
  strategy: 'hedged',
  source: 'live',
  durationMs: 7,
  budgetExhausted: false,
  requestedGroups: 4,
  successfulGroups: 4,
  failedGroups: 0,
  partial: false,
  groups: [
    {
      group: 'seasonal',
      outcome: 'success',
      durationMs: 5,
      winnerMirror: 2
    },
    {
      group: 'entertainment',
      outcome: 'success',
      durationMs: 5,
      winnerMirror: 2
    },
    {
      group: 'culture',
      outcome: 'success',
      durationMs: 4,
      winnerMirror: 2
    },
    {
      group: 'outdoor',
      outcome: 'success',
      durationMs: 6,
      winnerMirror: 2
    }
  ],
  attempts: [
    {
      group: 'culture',
      mirror: 1,
      hedgeOffsetMs: 0,
      durationMs: 3,
      outcome: 'http-error',
      status: 503
    },
    {
      group: 'culture',
      mirror: 2,
      hedgeOffsetMs: 3,
      durationMs: 1,
      outcome: 'success'
    },
    {
      group: 'entertainment',
      mirror: 1,
      hedgeOffsetMs: 0,
      durationMs: 3,
      outcome: 'http-error',
      status: 503
    },
    {
      group: 'entertainment',
      mirror: 2,
      hedgeOffsetMs: 3,
      durationMs: 2,
      outcome: 'success'
    },
    {
      group: 'outdoor',
      mirror: 1,
      hedgeOffsetMs: 0,
      durationMs: 3,
      outcome: 'http-error',
      status: 503
    },
    {
      group: 'outdoor',
      mirror: 2,
      hedgeOffsetMs: 3,
      durationMs: 3,
      outcome: 'success'
    },
    {
      group: 'seasonal',
      mirror: 1,
      hedgeOffsetMs: 0,
      durationMs: 3,
      outcome: 'http-error',
      status: 503
    },
    {
      group: 'seasonal',
      mirror: 2,
      hedgeOffsetMs: 3,
      durationMs: 1,
      outcome: 'success'
    }
  ]
}
[discovery] provider-chain {
  mode: 'date-night',
  strategy: 'hedged',
  source: 'live',
  durationMs: 1,
  budgetExhausted: false,
  requestedGroups: 1,
  successfulGroups: 1,
  failedGroups: 0,
  partial: false,
  groups: [
    {
      group: 'seasonal',
      outcome: 'success',
      durationMs: 1,
      winnerMirror: 2
    }
  ],
  attempts: [
    {
      group: 'seasonal',
      mirror: 1,
      hedgeOffsetMs: 0,
      durationMs: 1,
      outcome: 'http-error',
      status: 503
    },
    {
      group: 'seasonal',
      mirror: 2,
      hedgeOffsetMs: 1,
      durationMs: 0,
      outcome: 'success'
    }
  ]
}
[discovery] provider-chain {
  mode: 'date-night',
  strategy: 'hedged',
  source: 'live',
  durationMs: 1,
  budgetExhausted: false,
  requestedGroups: 1,
  successfulGroups: 1,
  failedGroups: 0,
  partial: false,
  groups: [
    {
      group: 'seasonal',
      outcome: 'success',
      durationMs: 1,
      winnerMirror: 2
    }
  ],
  attempts: [
    {
      group: 'seasonal',
      mirror: 1,
      hedgeOffsetMs: 0,
      durationMs: 0,
      outcome: 'http-error',
      status: 503
    },
    {
      group: 'seasonal',
      mirror: 2,
      hedgeOffsetMs: 0,
      durationMs: 0,
      outcome: 'success'
    }
  ]
}
[discovery] provider-chain {
  mode: 'date-night',
  strategy: 'hedged',
  source: 'live',
  durationMs: 5,
  budgetExhausted: false,
  requestedGroups: 4,
  successfulGroups: 4,
  failedGroups: 0,
  partial: false,
  groups: [
    {
      group: 'seasonal',
      outcome: 'success',
      durationMs: 2,
      winnerMirror: 2
    },
    {
      group: 'entertainment',
      outcome: 'success',
      durationMs: 2,
      winnerMirror: 2
    },
    {
      group: 'culture',
      outcome: 'success',
      durationMs: 2,
      winnerMirror: 2
    },
    {
      group: 'outdoor',
      outcome: 'success',
      durationMs: 4,
      winnerMirror: 2
    }
  ],
  attempts: [
    {
      group: 'culture',
      mirror: 1,
      hedgeOffsetMs: 0,
      durationMs: 1,
      outcome: 'http-error',
      status: 503
    },
    {
      group: 'culture',
      mirror: 2,
      hedgeOffsetMs: 1,
      durationMs: 1,
      outcome: 'success'
    },
    {
      group: 'entertainment',
      mirror: 1,
      hedgeOffsetMs: 0,
      durationMs: 1,
      outcome: 'http-error',
      status: 503
    },
    {
      group: 'entertainment',
      mirror: 2,
      hedgeOffsetMs: 1,
      durationMs: 1,
      outcome: 'success'
    },
    {
      group: 'outdoor',
      mirror: 1,
      hedgeOffsetMs: 0,
      durationMs: 1,
      outcome: 'http-error',
      status: 503
    },
    {
      group: 'outdoor',
      mirror: 2,
      hedgeOffsetMs: 1,
      durationMs: 3,
      outcome: 'success'
    },
    {
      group: 'seasonal',
      mirror: 1,
      hedgeOffsetMs: 0,
      durationMs: 1,
      outcome: 'http-error',
      status: 503
    },
    {
      group: 'seasonal',
      mirror: 2,
      hedgeOffsetMs: 1,
      durationMs: 1,
      outcome: 'success'
    }
  ]
}
[discovery] provider-chain {
  mode: 'date-night',
  strategy: 'hedged',
  source: 'live',
  durationMs: 1,
  budgetExhausted: false,
  requestedGroups: 1,
  successfulGroups: 1,
  failedGroups: 0,
  partial: false,
  groups: [
    {
      group: 'culture',
      outcome: 'success',
      durationMs: 1,
      winnerMirror: 2
    }
  ],
  attempts: [
    {
      group: 'culture',
      mirror: 1,
      hedgeOffsetMs: 0,
      durationMs: 0,
      outcome: 'http-error',
      status: 503
    },
    {
      group: 'culture',
      mirror: 2,
      hedgeOffsetMs: 0,
      durationMs: 0,
      outcome: 'success'
    }
  ]
}
[discovery] provider-chain {
  mode: 'date-night',
  strategy: 'hedged',
  source: 'live',
  durationMs: 4,
  budgetExhausted: false,
  requestedGroups: 1,
  successfulGroups: 1,
  failedGroups: 0,
  partial: false,
  groups: [
    {
      group: 'culture',
      outcome: 'success',
      durationMs: 4,
      winnerMirror: 2
    }
  ],
  attempts: [
    {
      group: 'culture',
      mirror: 1,
      hedgeOffsetMs: 0,
      durationMs: 3,
      outcome: 'http-error',
      status: 503
    },
    {
      group: 'culture',
      mirror: 2,
      hedgeOffsetMs: 3,
      durationMs: 1,
      outcome: 'success'
    }
  ]
}
[discovery] provider-chain {
  mode: 'date-night',
  strategy: 'hedged',
  source: 'live',
  durationMs: 8,
  budgetExhausted: false,
  requestedGroups: 4,
  successfulGroups: 4,
  failedGroups: 0,
  partial: false,
  groups: [
    {
      group: 'seasonal',
      outcome: 'success',
      durationMs: 6,
      winnerMirror: 2
    },
    {
      group: 'entertainment',
      outcome: 'success',
      durationMs: 7,
      winnerMirror: 2
    },
    {
      group: 'culture',
      outcome: 'success',
      durationMs: 2,
      winnerMirror: 2
    },
    {
      group: 'outdoor',
      outcome: 'success',
      durationMs: 7,
      winnerMirror: 2
    }
  ],
  attempts: [
    {
      group: 'culture',
      mirror: 1,
      hedgeOffsetMs: 0,
      durationMs: 1,
      outcome: 'http-error',
      status: 503
    },
    {
      group: 'culture',
      mirror: 2,
      hedgeOffsetMs: 1,
      durationMs: 1,
      outcome: 'success'
    },
    {
      group: 'entertainment',
      mirror: 1,
      hedgeOffsetMs: 0,
      durationMs: 1,
      outcome: 'http-error',
      status: 503
    },
    {
      group: 'entertainment',
      mirror: 2,
      hedgeOffsetMs: 1,
      durationMs: 6,
      outcome: 'success'
    },
    {
      group: 'outdoor',
      mirror: 1,
      hedgeOffsetMs: 0,
      durationMs: 1,
      outcome: 'http-error',
      status: 503
    },
    {
      group: 'outdoor',
      mirror: 2,
      hedgeOffsetMs: 1,
      durationMs: 7,
      outcome: 'success'
    },
    {
      group: 'seasonal',
      mirror: 1,
      hedgeOffsetMs: 0,
      durationMs: 1,
      outcome: 'http-error',
      status: 503
    },
    {
      group: 'seasonal',
      mirror: 2,
      hedgeOffsetMs: 1,
      durationMs: 5,
      outcome: 'success'
    }
  ]
}
[discovery] provider-chain {
  mode: 'date-night',
  strategy: 'hedged',
  source: 'live',
  durationMs: 1,
  budgetExhausted: false,
  requestedGroups: 1,
  successfulGroups: 1,
  failedGroups: 0,
  partial: false,
  groups: [
    {
      group: 'culture',
      outcome: 'success',
      durationMs: 1,
      winnerMirror: 2
    }
  ],
  attempts: [
    {
      group: 'culture',
      mirror: 1,
      hedgeOffsetMs: 0,
      durationMs: 0,
      outcome: 'http-error',
      status: 503
    },
    {
      group: 'culture',
      mirror: 2,
      hedgeOffsetMs: 0,
      durationMs: 0,
      outcome: 'success'
    }
  ]
}
[discovery] provider-chain {
  mode: 'date-night',
  strategy: 'hedged',
  source: 'live',
  durationMs: 1,
  budgetExhausted: false,
  requestedGroups: 1,
  successfulGroups: 1,
  failedGroups: 0,
  partial: false,
  groups: [
    {
      group: 'culture',
      outcome: 'success',
      durationMs: 1,
      winnerMirror: 2
    }
  ],
  attempts: [
    {
      group: 'culture',
      mirror: 1,
      hedgeOffsetMs: 0,
      durationMs: 0,
      outcome: 'http-error',
      status: 503
    },
    {
      group: 'culture',
      mirror: 2,
      hedgeOffsetMs: 0,
      durationMs: 0,
      outcome: 'success'
    }
  ]
}
[discovery] provider-chain {
  mode: 'date-night',
  strategy: 'hedged',
  source: 'live',
  durationMs: 3,
  budgetExhausted: false,
  requestedGroups: 4,
  successfulGroups: 4,
  failedGroups: 0,
  partial: false,
  groups: [
    {
      group: 'seasonal',
      outcome: 'success',
      durationMs: 2,
      winnerMirror: 2
    },
    {
      group: 'entertainment',
      outcome: 'success',
      durationMs: 3,
      winnerMirror: 2
    },
    {
      group: 'culture',
      outcome: 'success',
      durationMs: 1,
      winnerMirror: 2
    },
    {
      group: 'outdoor',
      outcome: 'success',
      durationMs: 3,
      winnerMirror: 2
    }
  ],
  attempts: [
    {
      group: 'culture',
      mirror: 1,
      hedgeOffsetMs: 0,
      durationMs: 1,
      outcome: 'http-error',
      status: 503
    },
    {
      group: 'culture',
      mirror: 2,
      hedgeOffsetMs: 1,
      durationMs: 1,
      outcome: 'success'
    },
    {
      group: 'entertainment',
      mirror: 1,
      hedgeOffsetMs: 0,
      durationMs: 1,
      outcome: 'http-error',
      status: 503
    },
    {
      group: 'entertainment',
      mirror: 2,
      hedgeOffsetMs: 1,
      durationMs: 2,
      outcome: 'success'
    },
    {
      group: 'outdoor',
      mirror: 1,
      hedgeOffsetMs: 0,
      durationMs: 1,
      outcome: 'http-error',
      status: 503
    },
    {
      group: 'outdoor',
      mirror: 2,
      hedgeOffsetMs: 1,
      durationMs: 2,
      outcome: 'success'
    },
    {
      group: 'seasonal',
      mirror: 1,
      hedgeOffsetMs: 0,
      durationMs: 1,
      outcome: 'http-error',
      status: 503
    },
    {
      group: 'seasonal',
      mirror: 2,
      hedgeOffsetMs: 1,
      durationMs: 2,
      outcome: 'success'
    }
  ]
}
[discovery] provider-chain {
  mode: 'date-night',
  strategy: 'hedged',
  source: 'live',
  durationMs: 1,
  budgetExhausted: false,
  requestedGroups: 1,
  successfulGroups: 1,
  failedGroups: 0,
  partial: false,
  groups: [
    {
      group: 'culture',
      outcome: 'success',
      durationMs: 1,
      winnerMirror: 2
    }
  ],
  attempts: [
    {
      group: 'culture',
      mirror: 1,
      hedgeOffsetMs: 0,
      durationMs: 0,
      outcome: 'http-error',
      status: 503
    },
    {
      group: 'culture',
      mirror: 2,
      hedgeOffsetMs: 0,
      durationMs: 1,
      outcome: 'success'
    }
  ]
}
[discovery] provider-chain {
  mode: 'date-night',
  strategy: 'hedged',
  source: 'live',
  durationMs: 4,
  budgetExhausted: false,
  requestedGroups: 2,
  successfulGroups: 2,
  failedGroups: 0,
  partial: false,
  groups: [
    {
      group: 'entertainment',
      outcome: 'success',
      durationMs: 4,
      winnerMirror: 2
    },
    {
      group: 'culture',
      outcome: 'success',
      durationMs: 1,
      winnerMirror: 2
    }
  ],
  attempts: [
    {
      group: 'culture',
      mirror: 1,
      hedgeOffsetMs: 0,
      durationMs: 0,
      outcome: 'http-error',
      status: 503
    },
    {
      group: 'culture',
      mirror: 2,
      hedgeOffsetMs: 0,
      durationMs: 0,
      outcome: 'success'
    },
    {
      group: 'entertainment',
      mirror: 1,
      hedgeOffsetMs: 0,
      durationMs: 0,
      outcome: 'http-error',
      status: 503
    },
    {
      group: 'entertainment',
      mirror: 2,
      hedgeOffsetMs: 0,
      durationMs: 3,
      outcome: 'success'
    }
  ]
}
[discovery] provider-chain {
  mode: 'date-night',
  strategy: 'hedged',
  source: 'live',
  durationMs: 10,
  budgetExhausted: false,
  requestedGroups: 4,
  successfulGroups: 4,
  failedGroups: 0,
  partial: false,
  groups: [
    {
      group: 'seasonal',
      outcome: 'success',
      durationMs: 6,
      winnerMirror: 2
    },
    {
      group: 'entertainment',
      outcome: 'success',
      durationMs: 5,
      winnerMirror: 2
    },
    {
      group: 'culture',
      outcome: 'success',
      durationMs: 1,
      winnerMirror: 2
    },
    {
      group: 'outdoor',
      outcome: 'success',
      durationMs: 5,
      winnerMirror: 2
    }
  ],
  attempts: [
    {
      group: 'culture',
      mirror: 1,
      hedgeOffsetMs: 0,
      durationMs: 1,
      outcome: 'http-error',
      status: 503
    },
    {
      group: 'culture',
      mirror: 2,
      hedgeOffsetMs: 1,
      durationMs: 1,
      outcome: 'success'
    },
    {
      group: 'entertainment',
      mirror: 1,
      hedgeOffsetMs: 0,
      durationMs: 1,
      outcome: 'http-error',
      status: 503
    },
    {
      group: 'entertainment',
      mirror: 2,
      hedgeOffsetMs: 1,
      durationMs: 4,
      outcome: 'success'
    },
    {
      group: 'outdoor',
      mirror: 1,
      hedgeOffsetMs: 0,
      durationMs: 0,
      outcome: 'http-error',
      status: 503
    },
    {
      group: 'outdoor',
      mirror: 2,
      hedgeOffsetMs: 0,
      durationMs: 5,
      outcome: 'success'
    },
    {
      group: 'seasonal',
      mirror: 1,
      hedgeOffsetMs: 0,
      durationMs: 5,
      outcome: 'http-error',
      status: 503
    },
    {
      group: 'seasonal',
      mirror: 2,
      hedgeOffsetMs: 5,
      durationMs: 1,
      outcome: 'success'
    }
  ]
}
✔ real handler demolished: forward/reverse seasonal and ordinary flags, result order, later mirror (107.890754ms)
✔ real handler demolished: reconstructed contextual seasonal evidence and ordinary namespace parity (7.779664ms)
[discovery] provider-chain {
  mode: 'date-night',
  strategy: 'hedged',
  source: 'live',
  durationMs: 1,
  budgetExhausted: false,
  requestedGroups: 1,
  successfulGroups: 1,
  failedGroups: 0,
  partial: false,
  groups: [
    {
      group: 'seasonal',
      outcome: 'success',
      durationMs: 1,
      winnerMirror: 2
    }
  ],
  attempts: [
    {
      group: 'seasonal',
      mirror: 1,
      hedgeOffsetMs: 0,
      durationMs: 0,
      outcome: 'http-error',
      status: 503
    },
    {
      group: 'seasonal',
      mirror: 2,
      hedgeOffsetMs: 0,
      durationMs: 1,
      outcome: 'success'
    }
  ]
}
[discovery] provider-chain {
  mode: 'date-night',
  strategy: 'hedged',
  source: 'live',
  durationMs: 1,
  budgetExhausted: false,
  requestedGroups: 1,
  successfulGroups: 1,
  failedGroups: 0,
  partial: false,
  groups: [
    {
      group: 'seasonal',
      outcome: 'success',
      durationMs: 1,
      winnerMirror: 2
    }
  ],
  attempts: [
    {
      group: 'seasonal',
      mirror: 1,
      hedgeOffsetMs: 0,
      durationMs: 0,
      outcome: 'http-error',
      status: 503
    },
    {
      group: 'seasonal',
      mirror: 2,
      hedgeOffsetMs: 0,
      durationMs: 0,
      outcome: 'success'
    }
  ]
}
[discovery] provider-chain {
  mode: 'date-night',
  strategy: 'hedged',
  source: 'live',
  durationMs: 5,
  budgetExhausted: false,
  requestedGroups: 4,
  successfulGroups: 4,
  failedGroups: 0,
  partial: false,
  groups: [
    {
      group: 'seasonal',
      outcome: 'success',
      durationMs: 1,
      winnerMirror: 2
    },
    {
      group: 'entertainment',
      outcome: 'success',
      durationMs: 4,
      winnerMirror: 2
    },
    {
      group: 'culture',
      outcome: 'success',
      durationMs: 1,
      winnerMirror: 2
    },
    {
      group: 'outdoor',
      outcome: 'success',
      durationMs: 5,
      winnerMirror: 2
    }
  ],
  attempts: [
    {
      group: 'culture',
      mirror: 1,
      hedgeOffsetMs: 0,
      durationMs: 0,
      outcome: 'http-error',
      status: 503
    },
    {
      group: 'culture',
      mirror: 2,
      hedgeOffsetMs: 0,
      durationMs: 1,
      outcome: 'success'
    },
    {
      group: 'entertainment',
      mirror: 1,
      hedgeOffsetMs: 0,
      durationMs: 0,
      outcome: 'http-error',
      status: 503
    },
    {
      group: 'entertainment',
      mirror: 2,
      hedgeOffsetMs: 0,
      durationMs: 4,
      outcome: 'success'
    },
    {
      group: 'outdoor',
      mirror: 1,
      hedgeOffsetMs: 0,
      durationMs: 0,
      outcome: 'http-error',
      status: 503
    },
    {
      group: 'outdoor',
      mirror: 2,
      hedgeOffsetMs: 0,
      durationMs: 4,
      outcome: 'success'
    },
    {
      group: 'seasonal',
      mirror: 1,
      hedgeOffsetMs: 0,
      durationMs: 0,
      outcome: 'http-error',
      status: 503
    },
    {
      group: 'seasonal',
      mirror: 2,
      hedgeOffsetMs: 0,
      durationMs: 1,
      outcome: 'success'
    }
  ]
}
[discovery] provider-chain {
  mode: 'date-night',
  strategy: 'hedged',
  source: 'live',
  durationMs: 2,
  budgetExhausted: false,
  requestedGroups: 1,
  successfulGroups: 1,
  failedGroups: 0,
  partial: false,
  groups: [
    {
      group: 'seasonal',
      outcome: 'success',
      durationMs: 2,
      winnerMirror: 2
    }
  ],
  attempts: [
    {
      group: 'seasonal',
      mirror: 1,
      hedgeOffsetMs: 0,
      durationMs: 0,
      outcome: 'http-error',
      status: 503
    },
    {
      group: 'seasonal',
      mirror: 2,
      hedgeOffsetMs: 0,
      durationMs: 2,
      outcome: 'success'
    }
  ]
}
[discovery] provider-chain {
  mode: 'date-night',
  strategy: 'hedged',
  source: 'live',
  durationMs: 1,
  budgetExhausted: false,
  requestedGroups: 1,
  successfulGroups: 1,
  failedGroups: 0,
  partial: false,
  groups: [
    {
      group: 'seasonal',
      outcome: 'success',
      durationMs: 1,
      winnerMirror: 2
    }
  ],
  attempts: [
    {
      group: 'seasonal',
      mirror: 1,
      hedgeOffsetMs: 0,
      durationMs: 0,
      outcome: 'http-error',
      status: 503
    },
    {
      group: 'seasonal',
      mirror: 2,
      hedgeOffsetMs: 0,
      durationMs: 1,
      outcome: 'success'
    }
  ]
}
[discovery] provider-chain {
  mode: 'date-night',
  strategy: 'hedged',
  source: 'live',
  durationMs: 9,
  budgetExhausted: false,
  requestedGroups: 4,
  successfulGroups: 4,
  failedGroups: 0,
  partial: false,
  groups: [
    {
      group: 'seasonal',
      outcome: 'success',
      durationMs: 7,
      winnerMirror: 2
    },
    {
      group: 'entertainment',
      outcome: 'success',
      durationMs: 8,
      winnerMirror: 2
    },
    {
      group: 'culture',
      outcome: 'success',
      durationMs: 2,
      winnerMirror: 2
    },
    {
      group: 'outdoor',
      outcome: 'success',
      durationMs: 9,
      winnerMirror: 2
    }
  ],
  attempts: [
    {
      group: 'culture',
      mirror: 1,
      hedgeOffsetMs: 0,
      durationMs: 1,
      outcome: 'http-error',
      status: 503
    },
    {
      group: 'culture',
      mirror: 2,
      hedgeOffsetMs: 1,
      durationMs: 2,
      outcome: 'success'
    },
    {
      group: 'entertainment',
      mirror: 1,
      hedgeOffsetMs: 0,
      durationMs: 1,
      outcome: 'http-error',
      status: 503
    },
    {
      group: 'entertainment',
      mirror: 2,
      hedgeOffsetMs: 1,
      durationMs: 7,
      outcome: 'success'
    },
    {
      group: 'outdoor',
      mirror: 1,
      hedgeOffsetMs: 0,
      durationMs: 1,
      outcome: 'http-error',
      status: 503
    },
    {
      group: 'outdoor',
      mirror: 2,
      hedgeOffsetMs: 1,
      durationMs: 8,
      outcome: 'success'
    },
    {
      group: 'seasonal',
      mirror: 1,
      hedgeOffsetMs: 0,
      durationMs: 1,
      outcome: 'http-error',
      status: 503
    },
    {
      group: 'seasonal',
      mirror: 2,
      hedgeOffsetMs: 1,
      durationMs: 6,
      outcome: 'success'
    }
  ]
}
[discovery] provider-chain {
  mode: 'date-night',
  strategy: 'hedged',
  source: 'live',
  durationMs: 15,
  budgetExhausted: false,
  requestedGroups: 1,
  successfulGroups: 1,
  failedGroups: 0,
  partial: false,
  groups: [
    {
      group: 'culture',
      outcome: 'success',
      durationMs: 15,
      winnerMirror: 2
    }
  ],
  attempts: [
    {
      group: 'culture',
      mirror: 1,
      hedgeOffsetMs: 0,
      durationMs: 0,
      outcome: 'http-error',
      status: 503
    },
    {
      group: 'culture',
      mirror: 2,
      hedgeOffsetMs: 0,
      durationMs: 14,
      outcome: 'success'
    }
  ]
}
[discovery] provider-chain {
  mode: 'date-night',
  strategy: 'hedged',
  source: 'live',
  durationMs: 1,
  budgetExhausted: false,
  requestedGroups: 1,
  successfulGroups: 1,
  failedGroups: 0,
  partial: false,
  groups: [
    {
      group: 'culture',
      outcome: 'success',
      durationMs: 1,
      winnerMirror: 2
    }
  ],
  attempts: [
    {
      group: 'culture',
      mirror: 1,
      hedgeOffsetMs: 0,
      durationMs: 0,
      outcome: 'http-error',
      status: 503
    },
    {
      group: 'culture',
      mirror: 2,
      hedgeOffsetMs: 0,
      durationMs: 1,
      outcome: 'success'
    }
  ]
}
[discovery] provider-chain {
  mode: 'date-night',
  strategy: 'hedged',
  source: 'live',
  durationMs: 3,
  budgetExhausted: false,
  requestedGroups: 4,
  successfulGroups: 4,
  failedGroups: 0,
  partial: false,
  groups: [
    {
      group: 'seasonal',
      outcome: 'success',
      durationMs: 2,
      winnerMirror: 2
    },
    {
      group: 'entertainment',
      outcome: 'success',
      durationMs: 2,
      winnerMirror: 2
    },
    {
      group: 'culture',
      outcome: 'success',
      durationMs: 1,
      winnerMirror: 2
    },
    {
      group: 'outdoor',
      outcome: 'success',
      durationMs: 3,
      winnerMirror: 2
    }
  ],
  attempts: [
    {
      group: 'culture',
      mirror: 1,
      hedgeOffsetMs: 0,
      durationMs: 0,
      outcome: 'http-error',
      status: 503
    },
    {
      group: 'culture',
      mirror: 2,
      hedgeOffsetMs: 0,
      durationMs: 1,
      outcome: 'success'
    },
    {
      group: 'entertainment',
      mirror: 1,
      hedgeOffsetMs: 0,
      durationMs: 0,
      outcome: 'http-error',
      status: 503
    },
    {
      group: 'entertainment',
      mirror: 2,
      hedgeOffsetMs: 0,
      durationMs: 2,
      outcome: 'success'
    },
    {
      group: 'outdoor',
      mirror: 1,
      hedgeOffsetMs: 0,
      durationMs: 0,
      outcome: 'http-error',
      status: 503
    },
    {
      group: 'outdoor',
      mirror: 2,
      hedgeOffsetMs: 0,
      durationMs: 2,
      outcome: 'success'
    },
    {
      group: 'seasonal',
      mirror: 1,
      hedgeOffsetMs: 0,
      durationMs: 0,
      outcome: 'http-error',
      status: 503
    },
    {
      group: 'seasonal',
      mirror: 2,
      hedgeOffsetMs: 0,
      durationMs: 1,
      outcome: 'success'
    }
  ]
}
[discovery] provider-chain {
  mode: 'date-night',
  strategy: 'hedged',
  source: 'live',
  durationMs: 1,
  budgetExhausted: false,
  requestedGroups: 1,
  successfulGroups: 1,
  failedGroups: 0,
  partial: false,
  groups: [
    {
      group: 'culture',
      outcome: 'success',
      durationMs: 1,
      winnerMirror: 2
    }
  ],
  attempts: [
    {
      group: 'culture',
      mirror: 1,
      hedgeOffsetMs: 0,
      durationMs: 0,
      outcome: 'http-error',
      status: 503
    },
    {
      group: 'culture',
      mirror: 2,
      hedgeOffsetMs: 0,
      durationMs: 0,
      outcome: 'success'
    }
  ]
}
[discovery] provider-chain {
  mode: 'date-night',
  strategy: 'hedged',
  source: 'live',
  durationMs: 1,
  budgetExhausted: false,
  requestedGroups: 1,
  successfulGroups: 1,
  failedGroups: 0,
  partial: false,
  groups: [
    {
      group: 'culture',
      outcome: 'success',
      durationMs: 1,
      winnerMirror: 2
    }
  ],
  attempts: [
    {
      group: 'culture',
      mirror: 1,
      hedgeOffsetMs: 0,
      durationMs: 0,
      outcome: 'http-error',
      status: 503
    },
    {
      group: 'culture',
      mirror: 2,
      hedgeOffsetMs: 0,
      durationMs: 1,
      outcome: 'success'
    }
  ]
}
[discovery] provider-chain {
  mode: 'date-night',
  strategy: 'hedged',
  source: 'live',
  durationMs: 3,
  budgetExhausted: false,
  requestedGroups: 4,
  successfulGroups: 4,
  failedGroups: 0,
  partial: false,
  groups: [
    {
      group: 'seasonal',
      outcome: 'success',
      durationMs: 2,
      winnerMirror: 2
    },
    {
      group: 'entertainment',
      outcome: 'success',
      durationMs: 2,
      winnerMirror: 2
    },
    {
      group: 'culture',
      outcome: 'success',
      durationMs: 1,
      winnerMirror: 2
    },
    {
      group: 'outdoor',
      outcome: 'success',
      durationMs: 2,
      winnerMirror: 2
    }
  ],
  attempts: [
    {
      group: 'culture',
      mirror: 1,
      hedgeOffsetMs: 0,
      durationMs: 0,
      outcome: 'http-error',
      status: 503
    },
    {
      group: 'culture',
      mirror: 2,
      hedgeOffsetMs: 1,
      durationMs: 1,
      outcome: 'success'
    },
    {
      group: 'entertainment',
      mirror: 1,
      hedgeOffsetMs: 0,
      durationMs: 1,
      outcome: 'http-error',
      status: 503
    },
    {
      group: 'entertainment',
      mirror: 2,
      hedgeOffsetMs: 1,
      durationMs: 1,
      outcome: 'success'
    },
    {
      group: 'outdoor',
      mirror: 1,
      hedgeOffsetMs: 0,
      durationMs: 0,
      outcome: 'http-error',
      status: 503
    },
    {
      group: 'outdoor',
      mirror: 2,
      hedgeOffsetMs: 0,
      durationMs: 2,
      outcome: 'success'
    },
    {
      group: 'seasonal',
      mirror: 1,
      hedgeOffsetMs: 0,
      durationMs: 1,
      outcome: 'http-error',
      status: 503
    },
    {
      group: 'seasonal',
      mirror: 2,
      hedgeOffsetMs: 1,
      durationMs: 1,
      outcome: 'success'
    }
  ]
}
[discovery] provider-chain {
  mode: 'date-night',
  strategy: 'hedged',
  source: 'live',
  durationMs: 1,
  budgetExhausted: false,
  requestedGroups: 1,
  successfulGroups: 1,
  failedGroups: 0,
  partial: false,
  groups: [
    {
      group: 'culture',
      outcome: 'success',
      durationMs: 1,
      winnerMirror: 2
    }
  ],
  attempts: [
    {
      group: 'culture',
      mirror: 1,
      hedgeOffsetMs: 0,
      durationMs: 0,
      outcome: 'http-error',
      status: 503
    },
    {
      group: 'culture',
      mirror: 2,
      hedgeOffsetMs: 0,
      durationMs: 0,
      outcome: 'success'
    }
  ]
}
[discovery] provider-chain {
  mode: 'date-night',
  strategy: 'hedged',
  source: 'live',
  durationMs: 1,
  budgetExhausted: false,
  requestedGroups: 2,
  successfulGroups: 2,
  failedGroups: 0,
  partial: false,
  groups: [
    {
      group: 'entertainment',
      outcome: 'success',
      durationMs: 1,
      winnerMirror: 2
    },
    {
      group: 'culture',
      outcome: 'success',
      durationMs: 1,
      winnerMirror: 2
    }
  ],
  attempts: [
    {
      group: 'culture',
      mirror: 1,
      hedgeOffsetMs: 0,
      durationMs: 0,
      outcome: 'http-error',
      status: 503
    },
    {
      group: 'culture',
      mirror: 2,
      hedgeOffsetMs: 0,
      durationMs: 0,
      outcome: 'success'
    },
    {
      group: 'entertainment',
      mirror: 1,
      hedgeOffsetMs: 0,
      durationMs: 0,
      outcome: 'http-error',
      status: 503
    },
    {
      group: 'entertainment',
      mirror: 2,
      hedgeOffsetMs: 0,
      durationMs: 1,
      outcome: 'success'
    }
  ]
}
[discovery] provider-chain {
  mode: 'date-night',
  strategy: 'hedged',
  source: 'live',
  durationMs: 6,
  budgetExhausted: false,
  requestedGroups: 4,
  successfulGroups: 4,
  failedGroups: 0,
  partial: false,
  groups: [
    {
      group: 'seasonal',
      outcome: 'success',
      durationMs: 5,
      winnerMirror: 2
    },
    {
      group: 'entertainment',
      outcome: 'success',
      durationMs: 6,
      winnerMirror: 2
    },
    {
      group: 'culture',
      outcome: 'success',
      durationMs: 1,
      winnerMirror: 2
    },
    {
      group: 'outdoor',
      outcome: 'success',
      durationMs: 6,
      winnerMirror: 2
    }
  ],
  attempts: [
    {
      group: 'culture',
      mirror: 1,
      hedgeOffsetMs: 0,
      durationMs: 0,
      outcome: 'http-error',
      status: 503
    },
    {
      group: 'culture',
      mirror: 2,
      hedgeOffsetMs: 0,
      durationMs: 1,
      outcome: 'success'
    },
    {
      group: 'entertainment',
      mirror: 1,
      hedgeOffsetMs: 0,
      durationMs: 0,
      outcome: 'http-error',
      status: 503
    },
    {
      group: 'entertainment',
      mirror: 2,
      hedgeOffsetMs: 0,
      durationMs: 5,
      outcome: 'success'
    },
    {
      group: 'outdoor',
      mirror: 1,
      hedgeOffsetMs: 0,
      durationMs: 0,
      outcome: 'http-error',
      status: 503
    },
    {
      group: 'outdoor',
      mirror: 2,
      hedgeOffsetMs: 0,
      durationMs: 6,
      outcome: 'success'
    },
    {
      group: 'seasonal',
      mirror: 1,
      hedgeOffsetMs: 0,
      durationMs: 1,
      outcome: 'http-error',
      status: 503
    },
    {
      group: 'seasonal',
      mirror: 2,
      hedgeOffsetMs: 1,
      durationMs: 1,
      outcome: 'success'
    }
  ]
}
✔ real handler removed: forward/reverse seasonal and ordinary flags, result order, later mirror (81.669742ms)
✔ real handler removed: reconstructed contextual seasonal evidence and ordinary namespace parity (7.096163ms)
[discovery] provider-chain {
  mode: 'date-night',
  strategy: 'hedged',
  source: 'live',
  durationMs: 1,
  budgetExhausted: false,
  requestedGroups: 1,
  successfulGroups: 1,
  failedGroups: 0,
  partial: false,
  groups: [
    {
      group: 'seasonal',
      outcome: 'success',
      durationMs: 1,
      winnerMirror: 2
    }
  ],
  attempts: [
    {
      group: 'seasonal',
      mirror: 1,
      hedgeOffsetMs: 0,
      durationMs: 0,
      outcome: 'http-error',
      status: 503
    },
    {
      group: 'seasonal',
      mirror: 2,
      hedgeOffsetMs: 0,
      durationMs: 1,
      outcome: 'success'
    }
  ]
}
[discovery] provider-chain {
  mode: 'date-night',
  strategy: 'hedged',
  source: 'live',
  durationMs: 1,
  budgetExhausted: false,
  requestedGroups: 1,
  successfulGroups: 1,
  failedGroups: 0,
  partial: false,
  groups: [
    {
      group: 'seasonal',
      outcome: 'success',
      durationMs: 1,
      winnerMirror: 2
    }
  ],
  attempts: [
    {
      group: 'seasonal',
      mirror: 1,
      hedgeOffsetMs: 0,
      durationMs: 0,
      outcome: 'http-error',
      status: 503
    },
    {
      group: 'seasonal',
      mirror: 2,
      hedgeOffsetMs: 0,
      durationMs: 1,
      outcome: 'success'
    }
  ]
}
[discovery] provider-chain {
  mode: 'date-night',
  strategy: 'hedged',
  source: 'live',
  durationMs: 3,
  budgetExhausted: false,
  requestedGroups: 4,
  successfulGroups: 4,
  failedGroups: 0,
  partial: false,
  groups: [
    {
      group: 'seasonal',
      outcome: 'success',
      durationMs: 2,
      winnerMirror: 2
    },
    {
      group: 'entertainment',
      outcome: 'success',
      durationMs: 3,
      winnerMirror: 2
    },
    {
      group: 'culture',
      outcome: 'success',
      durationMs: 2,
      winnerMirror: 2
    },
    {
      group: 'outdoor',
      outcome: 'success',
      durationMs: 3,
      winnerMirror: 2
    }
  ],
  attempts: [
    {
      group: 'culture',
      mirror: 1,
      hedgeOffsetMs: 0,
      durationMs: 1,
      outcome: 'http-error',
      status: 503
    },
    {
      group: 'culture',
      mirror: 2,
      hedgeOffsetMs: 1,
      durationMs: 1,
      outcome: 'success'
    },
    {
      group: 'entertainment',
      mirror: 1,
      hedgeOffsetMs: 0,
      durationMs: 1,
      outcome: 'http-error',
      status: 503
    },
    {
      group: 'entertainment',
      mirror: 2,
      hedgeOffsetMs: 1,
      durationMs: 2,
      outcome: 'success'
    },
    {
      group: 'outdoor',
      mirror: 1,
      hedgeOffsetMs: 0,
      durationMs: 0,
      outcome: 'http-error',
      status: 503
    },
    {
      group: 'outdoor',
      mirror: 2,
      hedgeOffsetMs: 0,
      durationMs: 3,
      outcome: 'success'
    },
    {
      group: 'seasonal',
      mirror: 1,
      hedgeOffsetMs: 0,
      durationMs: 1,
      outcome: 'http-error',
      status: 503
    },
    {
      group: 'seasonal',
      mirror: 2,
      hedgeOffsetMs: 1,
      durationMs: 2,
      outcome: 'success'
    }
  ]
}
[discovery] provider-chain {
  mode: 'date-night',
  strategy: 'hedged',
  source: 'live',
  durationMs: 3,
  budgetExhausted: false,
  requestedGroups: 1,
  successfulGroups: 1,
  failedGroups: 0,
  partial: false,
  groups: [
    {
      group: 'seasonal',
      outcome: 'success',
      durationMs: 3,
      winnerMirror: 2
    }
  ],
  attempts: [
    {
      group: 'seasonal',
      mirror: 1,
      hedgeOffsetMs: 0,
      durationMs: 0,
      outcome: 'http-error',
      status: 503
    },
    {
      group: 'seasonal',
      mirror: 2,
      hedgeOffsetMs: 0,
      durationMs: 3,
      outcome: 'success'
    }
  ]
}
[discovery] provider-chain {
  mode: 'date-night',
  strategy: 'hedged',
  source: 'live',
  durationMs: 1,
  budgetExhausted: false,
  requestedGroups: 1,
  successfulGroups: 1,
  failedGroups: 0,
  partial: false,
  groups: [
    {
      group: 'seasonal',
      outcome: 'success',
      durationMs: 1,
      winnerMirror: 2
    }
  ],
  attempts: [
    {
      group: 'seasonal',
      mirror: 1,
      hedgeOffsetMs: 0,
      durationMs: 0,
      outcome: 'http-error',
      status: 503
    },
    {
      group: 'seasonal',
      mirror: 2,
      hedgeOffsetMs: 0,
      durationMs: 0,
      outcome: 'success'
    }
  ]
}
[discovery] provider-chain {
  mode: 'date-night',
  strategy: 'hedged',
  source: 'live',
  durationMs: 3,
  budgetExhausted: false,
  requestedGroups: 4,
  successfulGroups: 4,
  failedGroups: 0,
  partial: false,
  groups: [
    {
      group: 'seasonal',
      outcome: 'success',
      durationMs: 2,
      winnerMirror: 2
    },
    {
      group: 'entertainment',
      outcome: 'success',
      durationMs: 2,
      winnerMirror: 2
    },
    {
      group: 'culture',
      outcome: 'success',
      durationMs: 1,
      winnerMirror: 2
    },
    {
      group: 'outdoor',
      outcome: 'success',
      durationMs: 2,
      winnerMirror: 2
    }
  ],
  attempts: [
    {
      group: 'culture',
      mirror: 1,
      hedgeOffsetMs: 0,
      durationMs: 0,
      outcome: 'http-error',
      status: 503
    },
    {
      group: 'culture',
      mirror: 2,
      hedgeOffsetMs: 0,
      durationMs: 1,
      outcome: 'success'
    },
    {
      group: 'entertainment',
      mirror: 1,
      hedgeOffsetMs: 0,
      durationMs: 0,
      outcome: 'http-error',
      status: 503
    },
    {
      group: 'entertainment',
      mirror: 2,
      hedgeOffsetMs: 0,
      durationMs: 2,
      outcome: 'success'
    },
    {
      group: 'outdoor',
      mirror: 1,
      hedgeOffsetMs: 0,
      durationMs: 0,
      outcome: 'http-error',
      status: 503
    },
    {
      group: 'outdoor',
      mirror: 2,
      hedgeOffsetMs: 0,
      durationMs: 2,
      outcome: 'success'
    },
    {
      group: 'seasonal',
      mirror: 1,
      hedgeOffsetMs: 0,
      durationMs: 1,
      outcome: 'http-error',
      status: 503
    },
    {
      group: 'seasonal',
      mirror: 2,
      hedgeOffsetMs: 1,
      durationMs: 1,
      outcome: 'success'
    }
  ]
}
[discovery] provider-chain {
  mode: 'date-night',
  strategy: 'hedged',
  source: 'live',
  durationMs: 1,
  budgetExhausted: false,
  requestedGroups: 1,
  successfulGroups: 1,
  failedGroups: 0,
  partial: false,
  groups: [
    {
      group: 'culture',
      outcome: 'success',
      durationMs: 1,
      winnerMirror: 2
    }
  ],
  attempts: [
    {
      group: 'culture',
      mirror: 1,
      hedgeOffsetMs: 0,
      durationMs: 0,
      outcome: 'http-error',
      status: 503
    },
    {
      group: 'culture',
      mirror: 2,
      hedgeOffsetMs: 0,
      durationMs: 1,
      outcome: 'success'
    }
  ]
}
[discovery] provider-chain {
  mode: 'date-night',
  strategy: 'hedged',
  source: 'live',
  durationMs: 1,
  budgetExhausted: false,
  requestedGroups: 1,
  successfulGroups: 1,
  failedGroups: 0,
  partial: false,
  groups: [
    {
      group: 'culture',
      outcome: 'success',
      durationMs: 1,
      winnerMirror: 2
    }
  ],
  attempts: [
    {
      group: 'culture',
      mirror: 1,
      hedgeOffsetMs: 0,
      durationMs: 0,
      outcome: 'http-error',
      status: 503
    },
    {
      group: 'culture',
      mirror: 2,
      hedgeOffsetMs: 0,
      durationMs: 0,
      outcome: 'success'
    }
  ]
}
[discovery] provider-chain {
  mode: 'date-night',
  strategy: 'hedged',
  source: 'live',
  durationMs: 2,
  budgetExhausted: false,
  requestedGroups: 4,
  successfulGroups: 4,
  failedGroups: 0,
  partial: false,
  groups: [
    {
      group: 'seasonal',
      outcome: 'success',
      durationMs: 2,
      winnerMirror: 2
    },
    {
      group: 'entertainment',
      outcome: 'success',
      durationMs: 2,
      winnerMirror: 2
    },
    {
      group: 'culture',
      outcome: 'success',
      durationMs: 1,
      winnerMirror: 2
    },
    {
      group: 'outdoor',
      outcome: 'success',
      durationMs: 2,
      winnerMirror: 2
    }
  ],
  attempts: [
    {
      group: 'culture',
      mirror: 1,
      hedgeOffsetMs: 0,
      durationMs: 0,
      outcome: 'http-error',
      status: 503
    },
    {
      group: 'culture',
      mirror: 2,
      hedgeOffsetMs: 0,
      durationMs: 1,
      outcome: 'success'
    },
    {
      group: 'entertainment',
      mirror: 1,
      hedgeOffsetMs: 0,
      durationMs: 0,
      outcome: 'http-error',
      status: 503
    },
    {
      group: 'entertainment',
      mirror: 2,
      hedgeOffsetMs: 0,
      durationMs: 1,
      outcome: 'success'
    },
    {
      group: 'outdoor',
      mirror: 1,
      hedgeOffsetMs: 0,
      durationMs: 0,
      outcome: 'http-error',
      status: 503
    },
    {
      group: 'outdoor',
      mirror: 2,
      hedgeOffsetMs: 0,
      durationMs: 2,
      outcome: 'success'
    },
    {
      group: 'seasonal',
      mirror: 1,
      hedgeOffsetMs: 0,
      durationMs: 0,
      outcome: 'http-error',
      status: 503
    },
    {
      group: 'seasonal',
      mirror: 2,
      hedgeOffsetMs: 0,
      durationMs: 1,
      outcome: 'success'
    }
  ]
}
[discovery] provider-chain {
  mode: 'date-night',
  strategy: 'hedged',
  source: 'live',
  durationMs: 1,
  budgetExhausted: false,
  requestedGroups: 1,
  successfulGroups: 1,
  failedGroups: 0,
  partial: false,
  groups: [
    {
      group: 'culture',
      outcome: 'success',
      durationMs: 1,
      winnerMirror: 2
    }
  ],
  attempts: [
    {
      group: 'culture',
      mirror: 1,
      hedgeOffsetMs: 0,
      durationMs: 0,
      outcome: 'http-error',
      status: 503
    },
    {
      group: 'culture',
      mirror: 2,
      hedgeOffsetMs: 0,
      durationMs: 0,
      outcome: 'success'
    }
  ]
}
[discovery] provider-chain {
  mode: 'date-night',
  strategy: 'hedged',
  source: 'live',
  durationMs: 1,
  budgetExhausted: false,
  requestedGroups: 1,
  successfulGroups: 1,
  failedGroups: 0,
  partial: false,
  groups: [
    {
      group: 'culture',
      outcome: 'success',
      durationMs: 1,
      winnerMirror: 2
    }
  ],
  attempts: [
    {
      group: 'culture',
      mirror: 1,
      hedgeOffsetMs: 0,
      durationMs: 0,
      outcome: 'http-error',
      status: 503
    },
    {
      group: 'culture',
      mirror: 2,
      hedgeOffsetMs: 0,
      durationMs: 0,
      outcome: 'success'
    }
  ]
}
[discovery] provider-chain {
  mode: 'date-night',
  strategy: 'hedged',
  source: 'live',
  durationMs: 4,
  budgetExhausted: false,
  requestedGroups: 4,
  successfulGroups: 4,
  failedGroups: 0,
  partial: false,
  groups: [
    {
      group: 'seasonal',
      outcome: 'success',
      durationMs: 3,
      winnerMirror: 2
    },
    {
      group: 'entertainment',
      outcome: 'success',
      durationMs: 3,
      winnerMirror: 2
    },
    {
      group: 'culture',
      outcome: 'success',
      durationMs: 2,
      winnerMirror: 2
    },
    {
      group: 'outdoor',
      outcome: 'success',
      durationMs: 3,
      winnerMirror: 2
    }
  ],
  attempts: [
    {
      group: 'culture',
      mirror: 1,
      hedgeOffsetMs: 0,
      durationMs: 1,
      outcome: 'http-error',
      status: 503
    },
    {
      group: 'culture',
      mirror: 2,
      hedgeOffsetMs: 1,
      durationMs: 1,
      outcome: 'success'
    },
    {
      group: 'entertainment',
      mirror: 1,
      hedgeOffsetMs: 0,
      durationMs: 2,
      outcome: 'http-error',
      status: 503
    },
    {
      group: 'entertainment',
      mirror: 2,
      hedgeOffsetMs: 2,
      durationMs: 1,
      outcome: 'success'
    },
    {
      group: 'outdoor',
      mirror: 1,
      hedgeOffsetMs: 0,
      durationMs: 1,
      outcome: 'http-error',
      status: 503
    },
    {
      group: 'outdoor',
      mirror: 2,
      hedgeOffsetMs: 1,
      durationMs: 2,
      outcome: 'success'
    },
    {
      group: 'seasonal',
      mirror: 1,
      hedgeOffsetMs: 0,
      durationMs: 2,
      outcome: 'http-error',
      status: 503
    },
    {
      group: 'seasonal',
      mirror: 2,
      hedgeOffsetMs: 2,
      durationMs: 1,
      outcome: 'success'
    }
  ]
}
[discovery] provider-chain {
  mode: 'date-night',
  strategy: 'hedged',
  source: 'live',
  durationMs: 1,
  budgetExhausted: false,
  requestedGroups: 1,
  successfulGroups: 1,
  failedGroups: 0,
  partial: false,
  groups: [
    {
      group: 'culture',
      outcome: 'success',
      durationMs: 1,
      winnerMirror: 2
    }
  ],
  attempts: [
    {
      group: 'culture',
      mirror: 1,
      hedgeOffsetMs: 0,
      durationMs: 0,
      outcome: 'http-error',
      status: 503
    },
    {
      group: 'culture',
      mirror: 2,
      hedgeOffsetMs: 0,
      durationMs: 1,
      outcome: 'success'
    }
  ]
}
[discovery] provider-chain {
  mode: 'date-night',
  strategy: 'hedged',
  source: 'live',
  durationMs: 2,
  budgetExhausted: false,
  requestedGroups: 2,
  successfulGroups: 2,
  failedGroups: 0,
  partial: false,
  groups: [
    {
      group: 'entertainment',
      outcome: 'success',
      durationMs: 1,
      winnerMirror: 2
    },
    {
      group: 'culture',
      outcome: 'success',
      durationMs: 1,
      winnerMirror: 2
    }
  ],
  attempts: [
    {
      group: 'culture',
      mirror: 1,
      hedgeOffsetMs: 0,
      durationMs: 0,
      outcome: 'http-error',
      status: 503
    },
    {
      group: 'culture',
      mirror: 2,
      hedgeOffsetMs: 0,
      durationMs: 1,
      outcome: 'success'
    },
    {
      group: 'entertainment',
      mirror: 1,
      hedgeOffsetMs: 0,
      durationMs: 0,
      outcome: 'http-error',
      status: 503
    },
    {
      group: 'entertainment',
      mirror: 2,
      hedgeOffsetMs: 0,
      durationMs: 1,
      outcome: 'success'
    }
  ]
}
[discovery] provider-chain {
  mode: 'date-night',
  strategy: 'hedged',
  source: 'live',
  durationMs: 3,
  budgetExhausted: false,
  requestedGroups: 4,
  successfulGroups: 4,
  failedGroups: 0,
  partial: false,
  groups: [
    {
      group: 'seasonal',
      outcome: 'success',
      durationMs: 2,
      winnerMirror: 2
    },
    {
      group: 'entertainment',
      outcome: 'success',
      durationMs: 2,
      winnerMirror: 2
    },
    {
      group: 'culture',
      outcome: 'success',
      durationMs: 1,
      winnerMirror: 2
    },
    {
      group: 'outdoor',
      outcome: 'success',
      durationMs: 2,
      winnerMirror: 2
    }
  ],
  attempts: [
    {
      group: 'culture',
      mirror: 1,
      hedgeOffsetMs: 0,
      durationMs: 0,
      outcome: 'http-error',
      status: 503
    },
    {
      group: 'culture',
      mirror: 2,
      hedgeOffsetMs: 0,
      durationMs: 1,
      outcome: 'success'
    },
    {
      group: 'entertainment',
      mirror: 1,
      hedgeOffsetMs: 0,
      durationMs: 0,
      outcome: 'http-error',
      status: 503
    },
    {
      group: 'entertainment',
      mirror: 2,
      hedgeOffsetMs: 0,
      durationMs: 2,
      outcome: 'success'
    },
    {
      group: 'outdoor',
      mirror: 1,
      hedgeOffsetMs: 0,
      durationMs: 0,
      outcome: 'http-error',
      status: 503
    },
    {
      group: 'outdoor',
      mirror: 2,
      hedgeOffsetMs: 0,
      durationMs: 2,
      outcome: 'success'
    },
    {
      group: 'seasonal',
      mirror: 1,
      hedgeOffsetMs: 0,
      durationMs: 0,
      outcome: 'http-error',
      status: 503
    },
    {
      group: 'seasonal',
      mirror: 2,
      hedgeOffsetMs: 1,
      durationMs: 1,
      outcome: 'success'
    }
  ]
}
✔ real handler razed: forward/reverse seasonal and ordinary flags, result order, later mirror (54.336783ms)
✔ real handler razed: reconstructed contextual seasonal evidence and ordinary namespace parity (6.650452ms)
[discovery] provider-chain {
  mode: 'date-night',
  strategy: 'hedged',
  source: 'live',
  durationMs: 11,
  budgetExhausted: false,
  requestedGroups: 1,
  successfulGroups: 1,
  failedGroups: 0,
  partial: false,
  groups: [
    {
      group: 'seasonal',
      outcome: 'success',
      durationMs: 6,
      winnerMirror: 2
    }
  ],
  attempts: [
    {
      group: 'seasonal',
      mirror: 1,
      hedgeOffsetMs: 0,
      durationMs: 0,
      outcome: 'http-error',
      status: 503
    },
    {
      group: 'seasonal',
      mirror: 2,
      hedgeOffsetMs: 0,
      durationMs: 6,
      outcome: 'success'
    }
  ]
}
[discovery] provider-chain {
  mode: 'date-night',
  strategy: 'hedged',
  source: 'live',
  durationMs: 1,
  budgetExhausted: false,
  requestedGroups: 1,
  successfulGroups: 1,
  failedGroups: 0,
  partial: false,
  groups: [
    {
      group: 'seasonal',
      outcome: 'success',
      durationMs: 1,
      winnerMirror: 2
    }
  ],
  attempts: [
    {
      group: 'seasonal',
      mirror: 1,
      hedgeOffsetMs: 0,
      durationMs: 0,
      outcome: 'http-error',
      status: 503
    },
    {
      group: 'seasonal',
      mirror: 2,
      hedgeOffsetMs: 0,
      durationMs: 0,
      outcome: 'success'
    }
  ]
}
[discovery] provider-chain {
  mode: 'date-night',
  strategy: 'hedged',
  source: 'live',
  durationMs: 3,
  budgetExhausted: false,
  requestedGroups: 4,
  successfulGroups: 4,
  failedGroups: 0,
  partial: false,
  groups: [
    {
      group: 'seasonal',
      outcome: 'success',
      durationMs: 2,
      winnerMirror: 2
    },
    {
      group: 'entertainment',
      outcome: 'success',
      durationMs: 2,
      winnerMirror: 2
    },
    {
      group: 'culture',
      outcome: 'success',
      durationMs: 1,
      winnerMirror: 2
    },
    {
      group: 'outdoor',
      outcome: 'success',
      durationMs: 2,
      winnerMirror: 2
    }
  ],
  attempts: [
    {
      group: 'culture',
      mirror: 1,
      hedgeOffsetMs: 0,
      durationMs: 0,
      outcome: 'http-error',
      status: 503
    },
    {
      group: 'culture',
      mirror: 2,
      hedgeOffsetMs: 0,
      durationMs: 1,
      outcome: 'success'
    },
    {
      group: 'entertainment',
      mirror: 1,
      hedgeOffsetMs: 0,
      durationMs: 0,
      outcome: 'http-error',
      status: 503
    },
    {
      group: 'entertainment',
      mirror: 2,
      hedgeOffsetMs: 0,
      durationMs: 1,
      outcome: 'success'
    },
    {
      group: 'outdoor',
      mirror: 1,
      hedgeOffsetMs: 0,
      durationMs: 0,
      outcome: 'http-error',
      status: 503
    },
    {
      group: 'outdoor',
      mirror: 2,
      hedgeOffsetMs: 0,
      durationMs: 2,
      outcome: 'success'
    },
    {
      group: 'seasonal',
      mirror: 1,
      hedgeOffsetMs: 0,
      durationMs: 0,
      outcome: 'http-error',
      status: 503
    },
    {
      group: 'seasonal',
      mirror: 2,
      hedgeOffsetMs: 0,
      durationMs: 1,
      outcome: 'success'
    }
  ]
}
[discovery] provider-chain {
  mode: 'date-night',
  strategy: 'hedged',
  source: 'live',
  durationMs: 1,
  budgetExhausted: false,
  requestedGroups: 1,
  successfulGroups: 1,
  failedGroups: 0,
  partial: false,
  groups: [
    {
      group: 'seasonal',
      outcome: 'success',
      durationMs: 1,
      winnerMirror: 2
    }
  ],
  attempts: [
    {
      group: 'seasonal',
      mirror: 1,
      hedgeOffsetMs: 0,
      durationMs: 0,
      outcome: 'http-error',
      status: 503
    },
    {
      group: 'seasonal',
      mirror: 2,
      hedgeOffsetMs: 0,
      durationMs: 1,
      outcome: 'success'
    }
  ]
}
[discovery] provider-chain {
  mode: 'date-night',
  strategy: 'hedged',
  source: 'live',
  durationMs: 1,
  budgetExhausted: false,
  requestedGroups: 1,
  successfulGroups: 1,
  failedGroups: 0,
  partial: false,
  groups: [
    {
      group: 'seasonal',
      outcome: 'success',
      durationMs: 1,
      winnerMirror: 2
    }
  ],
  attempts: [
    {
      group: 'seasonal',
      mirror: 1,
      hedgeOffsetMs: 0,
      durationMs: 0,
      outcome: 'http-error',
      status: 503
    },
    {
      group: 'seasonal',
      mirror: 2,
      hedgeOffsetMs: 0,
      durationMs: 1,
      outcome: 'success'
    }
  ]
}
[discovery] provider-chain {
  mode: 'date-night',
  strategy: 'hedged',
  source: 'live',
  durationMs: 3,
  budgetExhausted: false,
  requestedGroups: 4,
  successfulGroups: 4,
  failedGroups: 0,
  partial: false,
  groups: [
    {
      group: 'seasonal',
      outcome: 'success',
      durationMs: 2,
      winnerMirror: 2
    },
    {
      group: 'entertainment',
      outcome: 'success',
      durationMs: 2,
      winnerMirror: 2
    },
    {
      group: 'culture',
      outcome: 'success',
      durationMs: 1,
      winnerMirror: 2
    },
    {
      group: 'outdoor',
      outcome: 'success',
      durationMs: 2,
      winnerMirror: 2
    }
  ],
  attempts: [
    {
      group: 'culture',
      mirror: 1,
      hedgeOffsetMs: 0,
      durationMs: 0,
      outcome: 'http-error',
      status: 503
    },
    {
      group: 'culture',
      mirror: 2,
      hedgeOffsetMs: 0,
      durationMs: 1,
      outcome: 'success'
    },
    {
      group: 'entertainment',
      mirror: 1,
      hedgeOffsetMs: 0,
      durationMs: 0,
      outcome: 'http-error',
      status: 503
    },
    {
      group: 'entertainment',
      mirror: 2,
      hedgeOffsetMs: 0,
      durationMs: 2,
      outcome: 'success'
    },
    {
      group: 'outdoor',
      mirror: 1,
      hedgeOffsetMs: 0,
      durationMs: 0,
      outcome: 'http-error',
      status: 503
    },
    {
      group: 'outdoor',
      mirror: 2,
      hedgeOffsetMs: 0,
      durationMs: 2,
      outcome: 'success'
    },
    {
      group: 'seasonal',
      mirror: 1,
      hedgeOffsetMs: 0,
      durationMs: 0,
      outcome: 'http-error',
      status: 503
    },
    {
      group: 'seasonal',
      mirror: 2,
      hedgeOffsetMs: 0,
      durationMs: 1,
      outcome: 'success'
    }
  ]
}
[discovery] provider-chain {
  mode: 'date-night',
  strategy: 'hedged',
  source: 'live',
  durationMs: 1,
  budgetExhausted: false,
  requestedGroups: 1,
  successfulGroups: 1,
  failedGroups: 0,
  partial: false,
  groups: [
    {
      group: 'culture',
      outcome: 'success',
      durationMs: 1,
      winnerMirror: 2
    }
  ],
  attempts: [
    {
      group: 'culture',
      mirror: 1,
      hedgeOffsetMs: 0,
      durationMs: 0,
      outcome: 'http-error',
      status: 503
    },
    {
      group: 'culture',
      mirror: 2,
      hedgeOffsetMs: 0,
      durationMs: 1,
      outcome: 'success'
    }
  ]
}
[discovery] provider-chain {
  mode: 'date-night',
  strategy: 'hedged',
  source: 'live',
  durationMs: 1,
  budgetExhausted: false,
  requestedGroups: 1,
  successfulGroups: 1,
  failedGroups: 0,
  partial: false,
  groups: [
    {
      group: 'culture',
      outcome: 'success',
      durationMs: 1,
      winnerMirror: 2
    }
  ],
  attempts: [
    {
      group: 'culture',
      mirror: 1,
      hedgeOffsetMs: 0,
      durationMs: 0,
      outcome: 'http-error',
      status: 503
    },
    {
      group: 'culture',
      mirror: 2,
      hedgeOffsetMs: 0,
      durationMs: 1,
      outcome: 'success'
    }
  ]
}
[discovery] provider-chain {
  mode: 'date-night',
  strategy: 'hedged',
  source: 'live',
  durationMs: 4,
  budgetExhausted: false,
  requestedGroups: 4,
  successfulGroups: 4,
  failedGroups: 0,
  partial: false,
  groups: [
    {
      group: 'seasonal',
      outcome: 'success',
      durationMs: 3,
      winnerMirror: 2
    },
    {
      group: 'entertainment',
      outcome: 'success',
      durationMs: 3,
      winnerMirror: 2
    },
    {
      group: 'culture',
      outcome: 'success',
      durationMs: 2,
      winnerMirror: 2
    },
    {
      group: 'outdoor',
      outcome: 'success',
      durationMs: 3,
      winnerMirror: 2
    }
  ],
  attempts: [
    {
      group: 'culture',
      mirror: 1,
      hedgeOffsetMs: 0,
      durationMs: 1,
      outcome: 'http-error',
      status: 503
    },
    {
      group: 'culture',
      mirror: 2,
      hedgeOffsetMs: 1,
      durationMs: 1,
      outcome: 'success'
    },
    {
      group: 'entertainment',
      mirror: 1,
      hedgeOffsetMs: 0,
      durationMs: 1,
      outcome: 'http-error',
      status: 503
    },
    {
      group: 'entertainment',
      mirror: 2,
      hedgeOffsetMs: 1,
      durationMs: 2,
      outcome: 'success'
    },
    {
      group: 'outdoor',
      mirror: 1,
      hedgeOffsetMs: 0,
      durationMs: 1,
      outcome: 'http-error',
      status: 503
    },
    {
      group: 'outdoor',
      mirror: 2,
      hedgeOffsetMs: 1,
      durationMs: 3,
      outcome: 'success'
    },
    {
      group: 'seasonal',
      mirror: 1,
      hedgeOffsetMs: 0,
      durationMs: 1,
      outcome: 'http-error',
      status: 503
    },
    {
      group: 'seasonal',
      mirror: 2,
      hedgeOffsetMs: 1,
      durationMs: 2,
      outcome: 'success'
    }
  ]
}
[discovery] provider-chain {
  mode: 'date-night',
  strategy: 'hedged',
  source: 'live',
  durationMs: 1,
  budgetExhausted: false,
  requestedGroups: 1,
  successfulGroups: 1,
  failedGroups: 0,
  partial: false,
  groups: [
    {
      group: 'culture',
      outcome: 'success',
      durationMs: 1,
      winnerMirror: 2
    }
  ],
  attempts: [
    {
      group: 'culture',
      mirror: 1,
      hedgeOffsetMs: 0,
      durationMs: 0,
      outcome: 'http-error',
      status: 503
    },
    {
      group: 'culture',
      mirror: 2,
      hedgeOffsetMs: 0,
      durationMs: 1,
      outcome: 'success'
    }
  ]
}
[discovery] provider-chain {
  mode: 'date-night',
  strategy: 'hedged',
  source: 'live',
  durationMs: 1,
  budgetExhausted: false,
  requestedGroups: 1,
  successfulGroups: 1,
  failedGroups: 0,
  partial: false,
  groups: [
    {
      group: 'culture',
      outcome: 'success',
      durationMs: 1,
      winnerMirror: 2
    }
  ],
  attempts: [
    {
      group: 'culture',
      mirror: 1,
      hedgeOffsetMs: 0,
      durationMs: 0,
      outcome: 'http-error',
      status: 503
    },
    {
      group: 'culture',
      mirror: 2,
      hedgeOffsetMs: 0,
      durationMs: 1,
      outcome: 'success'
    }
  ]
}
[discovery] provider-chain {
  mode: 'date-night',
  strategy: 'hedged',
  source: 'live',
  durationMs: 4,
  budgetExhausted: false,
  requestedGroups: 4,
  successfulGroups: 4,
  failedGroups: 0,
  partial: false,
  groups: [
    {
      group: 'seasonal',
      outcome: 'success',
      durationMs: 2,
      winnerMirror: 2
    },
    {
      group: 'entertainment',
      outcome: 'success',
      durationMs: 3,
      winnerMirror: 2
    },
    {
      group: 'culture',
      outcome: 'success',
      durationMs: 2,
      winnerMirror: 2
    },
    {
      group: 'outdoor',
      outcome: 'success',
      durationMs: 3,
      winnerMirror: 2
    }
  ],
  attempts: [
    {
      group: 'culture',
      mirror: 1,
      hedgeOffsetMs: 0,
      durationMs: 1,
      outcome: 'http-error',
      status: 503
    },
    {
      group: 'culture',
      mirror: 2,
      hedgeOffsetMs: 1,
      durationMs: 1,
      outcome: 'success'
    },
    {
      group: 'entertainment',
      mirror: 1,
      hedgeOffsetMs: 0,
      durationMs: 1,
      outcome: 'http-error',
      status: 503
    },
    {
      group: 'entertainment',
      mirror: 2,
      hedgeOffsetMs: 1,
      durationMs: 2,
      outcome: 'success'
    },
    {
      group: 'outdoor',
      mirror: 1,
      hedgeOffsetMs: 0,
      durationMs: 1,
      outcome: 'http-error',
      status: 503
    },
    {
      group: 'outdoor',
      mirror: 2,
      hedgeOffsetMs: 1,
      durationMs: 3,
      outcome: 'success'
    },
    {
      group: 'seasonal',
      mirror: 1,
      hedgeOffsetMs: 0,
      durationMs: 1,
      outcome: 'http-error',
      status: 503
    },
    {
      group: 'seasonal',
      mirror: 2,
      hedgeOffsetMs: 1,
      durationMs: 2,
      outcome: 'success'
    }
  ]
}
[discovery] provider-chain {
  mode: 'date-night',
  strategy: 'hedged',
  source: 'live',
  durationMs: 1,
  budgetExhausted: false,
  requestedGroups: 1,
  successfulGroups: 1,
  failedGroups: 0,
  partial: false,
  groups: [
    {
      group: 'culture',
      outcome: 'success',
      durationMs: 1,
      winnerMirror: 2
    }
  ],
  attempts: [
    {
      group: 'culture',
      mirror: 1,
      hedgeOffsetMs: 0,
      durationMs: 0,
      outcome: 'http-error',
      status: 503
    },
    {
      group: 'culture',
      mirror: 2,
      hedgeOffsetMs: 0,
      durationMs: 1,
      outcome: 'success'
    }
  ]
}
[discovery] provider-chain {
  mode: 'date-night',
  strategy: 'hedged',
  source: 'live',
  durationMs: 2,
  budgetExhausted: false,
  requestedGroups: 2,
  successfulGroups: 2,
  failedGroups: 0,
  partial: false,
  groups: [
    {
      group: 'entertainment',
      outcome: 'success',
      durationMs: 2,
      winnerMirror: 2
    },
    {
      group: 'culture',
      outcome: 'success',
      durationMs: 1,
      winnerMirror: 2
    }
  ],
  attempts: [
    {
      group: 'culture',
      mirror: 1,
      hedgeOffsetMs: 0,
      durationMs: 0,
      outcome: 'http-error',
      status: 503
    },
    {
      group: 'culture',
      mirror: 2,
      hedgeOffsetMs: 0,
      durationMs: 1,
      outcome: 'success'
    },
    {
      group: 'entertainment',
      mirror: 1,
      hedgeOffsetMs: 0,
      durationMs: 0,
      outcome: 'http-error',
      status: 503
    },
    {
      group: 'entertainment',
      mirror: 2,
      hedgeOffsetMs: 0,
      durationMs: 1,
      outcome: 'success'
    }
  ]
}
[discovery] provider-chain {
  mode: 'date-night',
  strategy: 'hedged',
  source: 'live',
  durationMs: 3,
  budgetExhausted: false,
  requestedGroups: 4,
  successfulGroups: 4,
  failedGroups: 0,
  partial: false,
  groups: [
    {
      group: 'seasonal',
      outcome: 'success',
      durationMs: 2,
      winnerMirror: 2
    },
    {
      group: 'entertainment',
      outcome: 'success',
      durationMs: 3,
      winnerMirror: 2
    },
    {
      group: 'culture',
      outcome: 'success',
      durationMs: 1,
      winnerMirror: 2
    },
    {
      group: 'outdoor',
      outcome: 'success',
      durationMs: 3,
      winnerMirror: 2
    }
  ],
  attempts: [
    {
      group: 'culture',
      mirror: 1,
      hedgeOffsetMs: 0,
      durationMs: 1,
      outcome: 'http-error',
      status: 503
    },
    {
      group: 'culture',
      mirror: 2,
      hedgeOffsetMs: 1,
      durationMs: 1,
      outcome: 'success'
    },
    {
      group: 'entertainment',
      mirror: 1,
      hedgeOffsetMs: 0,
      durationMs: 1,
      outcome: 'http-error',
      status: 503
    },
    {
      group: 'entertainment',
      mirror: 2,
      hedgeOffsetMs: 1,
      durationMs: 2,
      outcome: 'success'
    },
    {
      group: 'outdoor',
      mirror: 1,
      hedgeOffsetMs: 0,
      durationMs: 1,
      outcome: 'http-error',
      status: 503
    },
    {
      group: 'outdoor',
      mirror: 2,
      hedgeOffsetMs: 1,
      durationMs: 2,
      outcome: 'success'
    },
    {
      group: 'seasonal',
      mirror: 1,
      hedgeOffsetMs: 0,
      durationMs: 1,
      outcome: 'http-error',
      status: 503
    },
    {
      group: 'seasonal',
      mirror: 2,
      hedgeOffsetMs: 1,
      durationMs: 1,
      outcome: 'success'
    }
  ]
}
✔ real handler destroyed: forward/reverse seasonal and ordinary flags, result order, later mirror (63.622294ms)
✔ real handler destroyed: reconstructed contextual seasonal evidence and ordinary namespace parity (7.804541ms)
[discovery] provider-chain {
  mode: 'date-night',
  strategy: 'hedged',
  source: 'live',
  durationMs: 2,
  budgetExhausted: false,
  requestedGroups: 1,
  successfulGroups: 1,
  failedGroups: 0,
  partial: false,
  groups: [
    {
      group: 'seasonal',
      outcome: 'success',
      durationMs: 2,
      winnerMirror: 2
    }
  ],
  attempts: [
    {
      group: 'seasonal',
      mirror: 1,
      hedgeOffsetMs: 0,
      durationMs: 1,
      outcome: 'http-error',
      status: 503
    },
    {
      group: 'seasonal',
      mirror: 2,
      hedgeOffsetMs: 1,
      durationMs: 1,
      outcome: 'success'
    }
  ]
}
[discovery] provider-chain {
  mode: 'date-night',
  strategy: 'hedged',
  source: 'live',
  durationMs: 1,
  budgetExhausted: false,
  requestedGroups: 1,
  successfulGroups: 1,
  failedGroups: 0,
  partial: false,
  groups: [
    {
      group: 'seasonal',
      outcome: 'success',
      durationMs: 1,
      winnerMirror: 2
    }
  ],
  attempts: [
    {
      group: 'seasonal',
      mirror: 1,
      hedgeOffsetMs: 0,
      durationMs: 0,
      outcome: 'http-error',
      status: 503
    },
    {
      group: 'seasonal',
      mirror: 2,
      hedgeOffsetMs: 0,
      durationMs: 1,
      outcome: 'success'
    }
  ]
}
[discovery] provider-chain {
  mode: 'date-night',
  strategy: 'hedged',
  source: 'live',
  durationMs: 3,
  budgetExhausted: false,
  requestedGroups: 4,
  successfulGroups: 4,
  failedGroups: 0,
  partial: false,
  groups: [
    {
      group: 'seasonal',
      outcome: 'success',
      durationMs: 1,
      winnerMirror: 2
    },
    {
      group: 'entertainment',
      outcome: 'success',
      durationMs: 2,
      winnerMirror: 2
    },
    {
      group: 'culture',
      outcome: 'success',
      durationMs: 1,
      winnerMirror: 2
    },
    {
      group: 'outdoor',
      outcome: 'success',
      durationMs: 2,
      winnerMirror: 2
    }
  ],
  attempts: [
    {
      group: 'culture',
      mirror: 1,
      hedgeOffsetMs: 0,
      durationMs: 0,
      outcome: 'http-error',
      status: 503
    },
    {
      group: 'culture',
      mirror: 2,
      hedgeOffsetMs: 0,
      durationMs: 1,
      outcome: 'success'
    },
    {
      group: 'entertainment',
      mirror: 1,
      hedgeOffsetMs: 0,
      durationMs: 0,
      outcome: 'http-error',
      status: 503
    },
    {
      group: 'entertainment',
      mirror: 2,
      hedgeOffsetMs: 0,
      durationMs: 1,
      outcome: 'success'
    },
    {
      group: 'outdoor',
      mirror: 1,
      hedgeOffsetMs: 0,
      durationMs: 0,
      outcome: 'http-error',
      status: 503
    },
    {
      group: 'outdoor',
      mirror: 2,
      hedgeOffsetMs: 0,
      durationMs: 2,
      outcome: 'success'
    },
    {
      group: 'seasonal',
      mirror: 1,
      hedgeOffsetMs: 0,
      durationMs: 0,
      outcome: 'http-error',
      status: 503
    },
    {
      group: 'seasonal',
      mirror: 2,
      hedgeOffsetMs: 0,
      durationMs: 1,
      outcome: 'success'
    }
  ]
}
[discovery] provider-chain {
  mode: 'date-night',
  strategy: 'hedged',
  source: 'live',
  durationMs: 1,
  budgetExhausted: false,
  requestedGroups: 1,
  successfulGroups: 1,
  failedGroups: 0,
  partial: false,
  groups: [
    {
      group: 'seasonal',
      outcome: 'success',
      durationMs: 1,
      winnerMirror: 2
    }
  ],
  attempts: [
    {
      group: 'seasonal',
      mirror: 1,
      hedgeOffsetMs: 0,
      durationMs: 0,
      outcome: 'http-error',
      status: 503
    },
    {
      group: 'seasonal',
      mirror: 2,
      hedgeOffsetMs: 0,
      durationMs: 0,
      outcome: 'success'
    }
  ]
}
[discovery] provider-chain {
  mode: 'date-night',
  strategy: 'hedged',
  source: 'live',
  durationMs: 1,
  budgetExhausted: false,
  requestedGroups: 1,
  successfulGroups: 1,
  failedGroups: 0,
  partial: false,
  groups: [
    {
      group: 'seasonal',
      outcome: 'success',
      durationMs: 1,
      winnerMirror: 2
    }
  ],
  attempts: [
    {
      group: 'seasonal',
      mirror: 1,
      hedgeOffsetMs: 0,
      durationMs: 0,
      outcome: 'http-error',
      status: 503
    },
    {
      group: 'seasonal',
      mirror: 2,
      hedgeOffsetMs: 0,
      durationMs: 1,
      outcome: 'success'
    }
  ]
}
[discovery] provider-chain {
  mode: 'date-night',
  strategy: 'hedged',
  source: 'live',
  durationMs: 2,
  budgetExhausted: false,
  requestedGroups: 4,
  successfulGroups: 4,
  failedGroups: 0,
  partial: false,
  groups: [
    {
      group: 'seasonal',
      outcome: 'success',
      durationMs: 2,
      winnerMirror: 2
    },
    {
      group: 'entertainment',
      outcome: 'success',
      durationMs: 2,
      winnerMirror: 2
    },
    {
      group: 'culture',
      outcome: 'success',
      durationMs: 1,
      winnerMirror: 2
    },
    {
      group: 'outdoor',
      outcome: 'success',
      durationMs: 2,
      winnerMirror: 2
    }
  ],
  attempts: [
    {
      group: 'culture',
      mirror: 1,
      hedgeOffsetMs: 0,
      durationMs: 0,
      outcome: 'http-error',
      status: 503
    },
    {
      group: 'culture',
      mirror: 2,
      hedgeOffsetMs: 0,
      durationMs: 1,
      outcome: 'success'
    },
    {
      group: 'entertainment',
      mirror: 1,
      hedgeOffsetMs: 0,
      durationMs: 0,
      outcome: 'http-error',
      status: 503
    },
    {
      group: 'entertainment',
      mirror: 2,
      hedgeOffsetMs: 0,
      durationMs: 1,
      outcome: 'success'
    },
    {
      group: 'outdoor',
      mirror: 1,
      hedgeOffsetMs: 0,
      durationMs: 0,
      outcome: 'http-error',
      status: 503
    },
    {
      group: 'outdoor',
      mirror: 2,
      hedgeOffsetMs: 0,
      durationMs: 2,
      outcome: 'success'
    },
    {
      group: 'seasonal',
      mirror: 1,
      hedgeOffsetMs: 0,
      durationMs: 0,
      outcome: 'http-error',
      status: 503
    },
    {
      group: 'seasonal',
      mirror: 2,
      hedgeOffsetMs: 0,
      durationMs: 1,
      outcome: 'success'
    }
  ]
}
[discovery] provider-chain {
  mode: 'date-night',
  strategy: 'hedged',
  source: 'live',
  durationMs: 1,
  budgetExhausted: false,
  requestedGroups: 1,
  successfulGroups: 1,
  failedGroups: 0,
  partial: false,
  groups: [
    {
      group: 'culture',
      outcome: 'success',
      durationMs: 1,
      winnerMirror: 2
    }
  ],
  attempts: [
    {
      group: 'culture',
      mirror: 1,
      hedgeOffsetMs: 0,
      durationMs: 0,
      outcome: 'http-error',
      status: 503
    },
    {
      group: 'culture',
      mirror: 2,
      hedgeOffsetMs: 0,
      durationMs: 0,
      outcome: 'success'
    }
  ]
}
[discovery] provider-chain {
  mode: 'date-night',
  strategy: 'hedged',
  source: 'live',
  durationMs: 1,
  budgetExhausted: false,
  requestedGroups: 1,
  successfulGroups: 1,
  failedGroups: 0,
  partial: false,
  groups: [
    {
      group: 'culture',
      outcome: 'success',
      durationMs: 1,
      winnerMirror: 2
    }
  ],
  attempts: [
    {
      group: 'culture',
      mirror: 1,
      hedgeOffsetMs: 0,
      durationMs: 0,
      outcome: 'http-error',
      status: 503
    },
    {
      group: 'culture',
      mirror: 2,
      hedgeOffsetMs: 0,
      durationMs: 0,
      outcome: 'success'
    }
  ]
}
[discovery] provider-chain {
  mode: 'date-night',
  strategy: 'hedged',
  source: 'live',
  durationMs: 2,
  budgetExhausted: false,
  requestedGroups: 4,
  successfulGroups: 4,
  failedGroups: 0,
  partial: false,
  groups: [
    {
      group: 'seasonal',
      outcome: 'success',
      durationMs: 1,
      winnerMirror: 2
    },
    {
      group: 'entertainment',
      outcome: 'success',
      durationMs: 2,
      winnerMirror: 2
    },
    {
      group: 'culture',
      outcome: 'success',
      durationMs: 1,
      winnerMirror: 2
    },
    {
      group: 'outdoor',
      outcome: 'success',
      durationMs: 2,
      winnerMirror: 2
    }
  ],
  attempts: [
    {
      group: 'culture',
      mirror: 1,
      hedgeOffsetMs: 0,
      durationMs: 0,
      outcome: 'http-error',
      status: 503
    },
    {
      group: 'culture',
      mirror: 2,
      hedgeOffsetMs: 0,
      durationMs: 1,
      outcome: 'success'
    },
    {
      group: 'entertainment',
      mirror: 1,
      hedgeOffsetMs: 0,
      durationMs: 0,
      outcome: 'http-error',
      status: 503
    },
    {
      group: 'entertainment',
      mirror: 2,
      hedgeOffsetMs: 0,
      durationMs: 1,
      outcome: 'success'
    },
    {
      group: 'outdoor',
      mirror: 1,
      hedgeOffsetMs: 0,
      durationMs: 0,
      outcome: 'http-error',
      status: 503
    },
    {
      group: 'outdoor',
      mirror: 2,
      hedgeOffsetMs: 0,
      durationMs: 2,
      outcome: 'success'
    },
    {
      group: 'seasonal',
      mirror: 1,
      hedgeOffsetMs: 0,
      durationMs: 0,
      outcome: 'http-error',
      status: 503
    },
    {
      group: 'seasonal',
      mirror: 2,
      hedgeOffsetMs: 0,
      durationMs: 1,
      outcome: 'success'
    }
  ]
}
[discovery] provider-chain {
  mode: 'date-night',
  strategy: 'hedged',
  source: 'live',
  durationMs: 1,
  budgetExhausted: false,
  requestedGroups: 1,
  successfulGroups: 1,
  failedGroups: 0,
  partial: false,
  groups: [
    {
      group: 'culture',
      outcome: 'success',
      durationMs: 0,
      winnerMirror: 2
    }
  ],
  attempts: [
    {
      group: 'culture',
      mirror: 1,
      hedgeOffsetMs: 0,
      durationMs: 0,
      outcome: 'http-error',
      status: 503
    },
    {
      group: 'culture',
      mirror: 2,
      hedgeOffsetMs: 0,
      durationMs: 0,
      outcome: 'success'
    }
  ]
}
[discovery] provider-chain {
  mode: 'date-night',
  strategy: 'hedged',
  source: 'live',
  durationMs: 1,
  budgetExhausted: false,
  requestedGroups: 1,
  successfulGroups: 1,
  failedGroups: 0,
  partial: false,
  groups: [
    {
      group: 'culture',
      outcome: 'success',
      durationMs: 1,
      winnerMirror: 2
    }
  ],
  attempts: [
    {
      group: 'culture',
      mirror: 1,
      hedgeOffsetMs: 0,
      durationMs: 0,
      outcome: 'http-error',
      status: 503
    },
    {
      group: 'culture',
      mirror: 2,
      hedgeOffsetMs: 0,
      durationMs: 1,
      outcome: 'success'
    }
  ]
}
[discovery] provider-chain {
  mode: 'date-night',
  strategy: 'hedged',
  source: 'live',
  durationMs: 3,
  budgetExhausted: false,
  requestedGroups: 4,
  successfulGroups: 4,
  failedGroups: 0,
  partial: false,
  groups: [
    {
      group: 'seasonal',
      outcome: 'success',
      durationMs: 2,
      winnerMirror: 2
    },
    {
      group: 'entertainment',
      outcome: 'success',
      durationMs: 2,
      winnerMirror: 2
    },
    {
      group: 'culture',
      outcome: 'success',
      durationMs: 1,
      winnerMirror: 2
    },
    {
      group: 'outdoor',
      outcome: 'success',
      durationMs: 3,
      winnerMirror: 2
    }
  ],
  attempts: [
    {
      group: 'culture',
      mirror: 1,
      hedgeOffsetMs: 0,
      durationMs: 0,
      outcome: 'http-error',
      status: 503
    },
    {
      group: 'culture',
      mirror: 2,
      hedgeOffsetMs: 0,
      durationMs: 1,
      outcome: 'success'
    },
    {
      group: 'entertainment',
      mirror: 1,
      hedgeOffsetMs: 0,
      durationMs: 0,
      outcome: 'http-error',
      status: 503
    },
    {
      group: 'entertainment',
      mirror: 2,
      hedgeOffsetMs: 0,
      durationMs: 1,
      outcome: 'success'
    },
    {
      group: 'outdoor',
      mirror: 1,
      hedgeOffsetMs: 0,
      durationMs: 0,
      outcome: 'http-error',
      status: 503
    },
    {
      group: 'outdoor',
      mirror: 2,
      hedgeOffsetMs: 0,
      durationMs: 2,
      outcome: 'success'
    },
    {
      group: 'seasonal',
      mirror: 1,
      hedgeOffsetMs: 0,
      durationMs: 0,
      outcome: 'http-error',
      status: 503
    },
    {
      group: 'seasonal',
      mirror: 2,
      hedgeOffsetMs: 1,
      durationMs: 1,
      outcome: 'success'
    }
  ]
}
[discovery] provider-chain {
  mode: 'date-night',
  strategy: 'hedged',
  source: 'live',
  durationMs: 1,
  budgetExhausted: false,
  requestedGroups: 1,
  successfulGroups: 1,
  failedGroups: 0,
  partial: false,
  groups: [
    {
      group: 'culture',
      outcome: 'success',
      durationMs: 1,
      winnerMirror: 2
    }
  ],
  attempts: [
    {
      group: 'culture',
      mirror: 1,
      hedgeOffsetMs: 0,
      durationMs: 0,
      outcome: 'http-error',
      status: 503
    },
    {
      group: 'culture',
      mirror: 2,
      hedgeOffsetMs: 0,
      durationMs: 1,
      outcome: 'success'
    }
  ]
}
[discovery] provider-chain {
  mode: 'date-night',
  strategy: 'hedged',
  source: 'live',
  durationMs: 2,
  budgetExhausted: false,
  requestedGroups: 2,
  successfulGroups: 2,
  failedGroups: 0,
  partial: false,
  groups: [
    {
      group: 'entertainment',
      outcome: 'success',
      durationMs: 2,
      winnerMirror: 2
    },
    {
      group: 'culture',
      outcome: 'success',
      durationMs: 1,
      winnerMirror: 2
    }
  ],
  attempts: [
    {
      group: 'culture',
      mirror: 1,
      hedgeOffsetMs: 0,
      durationMs: 0,
      outcome: 'http-error',
      status: 503
    },
    {
      group: 'culture',
      mirror: 2,
      hedgeOffsetMs: 0,
      durationMs: 1,
      outcome: 'success'
    },
    {
      group: 'entertainment',
      mirror: 1,
      hedgeOffsetMs: 0,
      durationMs: 0,
      outcome: 'http-error',
      status: 503
    },
    {
      group: 'entertainment',
      mirror: 2,
      hedgeOffsetMs: 0,
      durationMs: 1,
      outcome: 'success'
    }
  ]
}
[discovery] provider-chain {
  mode: 'date-night',
  strategy: 'hedged',
  source: 'live',
  durationMs: 5,
  budgetExhausted: false,
  requestedGroups: 4,
  successfulGroups: 4,
  failedGroups: 0,
  partial: false,
  groups: [
    {
      group: 'seasonal',
      outcome: 'success',
      durationMs: 4,
      winnerMirror: 2
    },
    {
      group: 'entertainment',
      outcome: 'success',
      durationMs: 4,
      winnerMirror: 2
    },
    {
      group: 'culture',
      outcome: 'success',
      durationMs: 3,
      winnerMirror: 2
    },
    {
      group: 'outdoor',
      outcome: 'success',
      durationMs: 4,
      winnerMirror: 2
    }
  ],
  attempts: [
    {
      group: 'culture',
      mirror: 1,
      hedgeOffsetMs: 0,
      durationMs: 1,
      outcome: 'http-error',
      status: 503
    },
    {
      group: 'culture',
      mirror: 2,
      hedgeOffsetMs: 1,
      durationMs: 2,
      outcome: 'success'
    },
    {
      group: 'entertainment',
      mirror: 1,
      hedgeOffsetMs: 0,
      durationMs: 1,
      outcome: 'http-error',
      status: 503
    },
    {
      group: 'entertainment',
      mirror: 2,
      hedgeOffsetMs: 1,
      durationMs: 3,
      outcome: 'success'
    },
    {
      group: 'outdoor',
      mirror: 1,
      hedgeOffsetMs: 0,
      durationMs: 1,
      outcome: 'http-error',
      status: 503
    },
    {
      group: 'outdoor',
      mirror: 2,
      hedgeOffsetMs: 2,
      durationMs: 3,
      outcome: 'success'
    },
    {
      group: 'seasonal',
      mirror: 1,
      hedgeOffsetMs: 0,
      durationMs: 1,
      outcome: 'http-error',
      status: 503
    },
    {
      group: 'seasonal',
      mirror: 2,
      hedgeOffsetMs: 1,
      durationMs: 3,
      outcome: 'success'
    }
  ]
}
✔ real handler disused: forward/reverse seasonal and ordinary flags, result order, later mirror (49.480504ms)
✔ real handler disused: reconstructed contextual seasonal evidence and ordinary namespace parity (19.302447ms)
[discovery] provider-chain {
  mode: 'date-night',
  strategy: 'hedged',
  source: 'live',
  durationMs: 2,
  budgetExhausted: false,
  requestedGroups: 1,
  successfulGroups: 1,
  failedGroups: 0,
  partial: false,
  groups: [
    {
      group: 'seasonal',
      outcome: 'success',
      durationMs: 1,
      winnerMirror: 2
    }
  ],
  attempts: [
    {
      group: 'seasonal',
      mirror: 1,
      hedgeOffsetMs: 0,
      durationMs: 1,
      outcome: 'http-error',
      status: 503
    },
    {
      group: 'seasonal',
      mirror: 2,
      hedgeOffsetMs: 1,
      durationMs: 1,
      outcome: 'success'
    }
  ]
}
[discovery] provider-chain {
  mode: 'date-night',
  strategy: 'hedged',
  source: 'live',
  durationMs: 1,
  budgetExhausted: false,
  requestedGroups: 1,
  successfulGroups: 1,
  failedGroups: 0,
  partial: false,
  groups: [
    {
      group: 'seasonal',
      outcome: 'success',
      durationMs: 1,
      winnerMirror: 2
    }
  ],
  attempts: [
    {
      group: 'seasonal',
      mirror: 1,
      hedgeOffsetMs: 0,
      durationMs: 0,
      outcome: 'http-error',
      status: 503
    },
    {
      group: 'seasonal',
      mirror: 2,
      hedgeOffsetMs: 0,
      durationMs: 1,
      outcome: 'success'
    }
  ]
}
[discovery] provider-chain {
  mode: 'date-night',
  strategy: 'hedged',
  source: 'live',
  durationMs: 3,
  budgetExhausted: false,
  requestedGroups: 4,
  successfulGroups: 4,
  failedGroups: 0,
  partial: false,
  groups: [
    {
      group: 'seasonal',
      outcome: 'success',
      durationMs: 2,
      winnerMirror: 2
    },
    {
      group: 'entertainment',
      outcome: 'success',
      durationMs: 2,
      winnerMirror: 2
    },
    {
      group: 'culture',
      outcome: 'success',
      durationMs: 1,
      winnerMirror: 2
    },
    {
      group: 'outdoor',
      outcome: 'success',
      durationMs: 2,
      winnerMirror: 2
    }
  ],
  attempts: [
    {
      group: 'culture',
      mirror: 1,
      hedgeOffsetMs: 0,
      durationMs: 0,
      outcome: 'http-error',
      status: 503
    },
    {
      group: 'culture',
      mirror: 2,
      hedgeOffsetMs: 1,
      durationMs: 1,
      outcome: 'success'
    },
    {
      group: 'entertainment',
      mirror: 1,
      hedgeOffsetMs: 0,
      durationMs: 1,
      outcome: 'http-error',
      status: 503
    },
    {
      group: 'entertainment',
      mirror: 2,
      hedgeOffsetMs: 1,
      durationMs: 1,
      outcome: 'success'
    },
    {
      group: 'outdoor',
      mirror: 1,
      hedgeOffsetMs: 0,
      durationMs: 0,
      outcome: 'http-error',
      status: 503
    },
    {
      group: 'outdoor',
      mirror: 2,
      hedgeOffsetMs: 0,
      durationMs: 2,
      outcome: 'success'
    },
    {
      group: 'seasonal',
      mirror: 1,
      hedgeOffsetMs: 0,
      durationMs: 1,
      outcome: 'http-error',
      status: 503
    },
    {
      group: 'seasonal',
      mirror: 2,
      hedgeOffsetMs: 1,
      durationMs: 1,
      outcome: 'success'
    }
  ]
}
[discovery] provider-chain {
  mode: 'date-night',
  strategy: 'hedged',
  source: 'live',
  durationMs: 1,
  budgetExhausted: false,
  requestedGroups: 1,
  successfulGroups: 1,
  failedGroups: 0,
  partial: false,
  groups: [
    {
      group: 'seasonal',
      outcome: 'success',
      durationMs: 1,
      winnerMirror: 2
    }
  ],
  attempts: [
    {
      group: 'seasonal',
      mirror: 1,
      hedgeOffsetMs: 0,
      durationMs: 0,
      outcome: 'http-error',
      status: 503
    },
    {
      group: 'seasonal',
      mirror: 2,
      hedgeOffsetMs: 0,
      durationMs: 0,
      outcome: 'success'
    }
  ]
}
[discovery] provider-chain {
  mode: 'date-night',
  strategy: 'hedged',
  source: 'live',
  durationMs: 1,
  budgetExhausted: false,
  requestedGroups: 1,
  successfulGroups: 1,
  failedGroups: 0,
  partial: false,
  groups: [
    {
      group: 'seasonal',
      outcome: 'success',
      durationMs: 1,
      winnerMirror: 2
    }
  ],
  attempts: [
    {
      group: 'seasonal',
      mirror: 1,
      hedgeOffsetMs: 0,
      durationMs: 0,
      outcome: 'http-error',
      status: 503
    },
    {
      group: 'seasonal',
      mirror: 2,
      hedgeOffsetMs: 0,
      durationMs: 1,
      outcome: 'success'
    }
  ]
}
[discovery] provider-chain {
  mode: 'date-night',
  strategy: 'hedged',
  source: 'live',
  durationMs: 2,
  budgetExhausted: false,
  requestedGroups: 4,
  successfulGroups: 4,
  failedGroups: 0,
  partial: false,
  groups: [
    {
      group: 'seasonal',
      outcome: 'success',
      durationMs: 2,
      winnerMirror: 2
    },
    {
      group: 'entertainment',
      outcome: 'success',
      durationMs: 2,
      winnerMirror: 2
    },
    {
      group: 'culture',
      outcome: 'success',
      durationMs: 1,
      winnerMirror: 2
    },
    {
      group: 'outdoor',
      outcome: 'success',
      durationMs: 2,
      winnerMirror: 2
    }
  ],
  attempts: [
    {
      group: 'culture',
      mirror: 1,
      hedgeOffsetMs: 0,
      durationMs: 0,
      outcome: 'http-error',
      status: 503
    },
    {
      group: 'culture',
      mirror: 2,
      hedgeOffsetMs: 0,
      durationMs: 1,
      outcome: 'success'
    },
    {
      group: 'entertainment',
      mirror: 1,
      hedgeOffsetMs: 0,
      durationMs: 0,
      outcome: 'http-error',
      status: 503
    },
    {
      group: 'entertainment',
      mirror: 2,
      hedgeOffsetMs: 0,
      durationMs: 1,
      outcome: 'success'
    },
    {
      group: 'outdoor',
      mirror: 1,
      hedgeOffsetMs: 0,
      durationMs: 0,
      outcome: 'http-error',
      status: 503
    },
    {
      group: 'outdoor',
      mirror: 2,
      hedgeOffsetMs: 0,
      durationMs: 2,
      outcome: 'success'
    },
    {
      group: 'seasonal',
      mirror: 1,
      hedgeOffsetMs: 0,
      durationMs: 0,
      outcome: 'http-error',
      status: 503
    },
    {
      group: 'seasonal',
      mirror: 2,
      hedgeOffsetMs: 0,
      durationMs: 1,
      outcome: 'success'
    }
  ]
}
[discovery] provider-chain {
  mode: 'date-night',
  strategy: 'hedged',
  source: 'live',
  durationMs: 1,
  budgetExhausted: false,
  requestedGroups: 1,
  successfulGroups: 1,
  failedGroups: 0,
  partial: false,
  groups: [
    {
      group: 'culture',
      outcome: 'success',
      durationMs: 0,
      winnerMirror: 2
    }
  ],
  attempts: [
    {
      group: 'culture',
      mirror: 1,
      hedgeOffsetMs: 0,
      durationMs: 0,
      outcome: 'http-error',
      status: 503
    },
    {
      group: 'culture',
      mirror: 2,
      hedgeOffsetMs: 0,
      durationMs: 0,
      outcome: 'success'
    }
  ]
}
[discovery] provider-chain {
  mode: 'date-night',
  strategy: 'hedged',
  source: 'live',
  durationMs: 1,
  budgetExhausted: false,
  requestedGroups: 1,
  successfulGroups: 1,
  failedGroups: 0,
  partial: false,
  groups: [
    {
      group: 'culture',
      outcome: 'success',
      durationMs: 0,
      winnerMirror: 2
    }
  ],
  attempts: [
    {
      group: 'culture',
      mirror: 1,
      hedgeOffsetMs: 0,
      durationMs: 0,
      outcome: 'http-error',
      status: 503
    },
    {
      group: 'culture',
      mirror: 2,
      hedgeOffsetMs: 0,
      durationMs: 0,
      outcome: 'success'
    }
  ]
}
[discovery] provider-chain {
  mode: 'date-night',
  strategy: 'hedged',
  source: 'live',
  durationMs: 2,
  budgetExhausted: false,
  requestedGroups: 4,
  successfulGroups: 4,
  failedGroups: 0,
  partial: false,
  groups: [
    {
      group: 'seasonal',
      outcome: 'success',
      durationMs: 2,
      winnerMirror: 2
    },
    {
      group: 'entertainment',
      outcome: 'success',
      durationMs: 2,
      winnerMirror: 2
    },
    {
      group: 'culture',
      outcome: 'success',
      durationMs: 1,
      winnerMirror: 2
    },
    {
      group: 'outdoor',
      outcome: 'success',
      durationMs: 2,
      winnerMirror: 2
    }
  ],
  attempts: [
    {
      group: 'culture',
      mirror: 1,
      hedgeOffsetMs: 0,
      durationMs: 0,
      outcome: 'http-error',
      status: 503
    },
    {
      group: 'culture',
      mirror: 2,
      hedgeOffsetMs: 0,
      durationMs: 1,
      outcome: 'success'
    },
    {
      group: 'entertainment',
      mirror: 1,
      hedgeOffsetMs: 0,
      durationMs: 0,
      outcome: 'http-error',
      status: 503
    },
    {
      group: 'entertainment',
      mirror: 2,
      hedgeOffsetMs: 0,
      durationMs: 2,
      outcome: 'success'
    },
    {
      group: 'outdoor',
      mirror: 1,
      hedgeOffsetMs: 0,
      durationMs: 0,
      outcome: 'http-error',
      status: 503
    },
    {
      group: 'outdoor',
      mirror: 2,
      hedgeOffsetMs: 0,
      durationMs: 2,
      outcome: 'success'
    },
    {
      group: 'seasonal',
      mirror: 1,
      hedgeOffsetMs: 0,
      durationMs: 0,
      outcome: 'http-error',
      status: 503
    },
    {
      group: 'seasonal',
      mirror: 2,
      hedgeOffsetMs: 0,
      durationMs: 1,
      outcome: 'success'
    }
  ]
}
[discovery] provider-chain {
  mode: 'date-night',
  strategy: 'hedged',
  source: 'live',
  durationMs: 1,
  budgetExhausted: false,
  requestedGroups: 1,
  successfulGroups: 1,
  failedGroups: 0,
  partial: false,
  groups: [
    {
      group: 'culture',
      outcome: 'success',
      durationMs: 1,
      winnerMirror: 2
    }
  ],
  attempts: [
    {
      group: 'culture',
      mirror: 1,
      hedgeOffsetMs: 0,
      durationMs: 0,
      outcome: 'http-error',
      status: 503
    },
    {
      group: 'culture',
      mirror: 2,
      hedgeOffsetMs: 0,
      durationMs: 1,
      outcome: 'success'
    }
  ]
}
[discovery] provider-chain {
  mode: 'date-night',
  strategy: 'hedged',
  source: 'live',
  durationMs: 1,
  budgetExhausted: false,
  requestedGroups: 1,
  successfulGroups: 1,
  failedGroups: 0,
  partial: false,
  groups: [
    {
      group: 'culture',
      outcome: 'success',
      durationMs: 0,
      winnerMirror: 2
    }
  ],
  attempts: [
    {
      group: 'culture',
      mirror: 1,
      hedgeOffsetMs: 0,
      durationMs: 0,
      outcome: 'http-error',
      status: 503
    },
    {
      group: 'culture',
      mirror: 2,
      hedgeOffsetMs: 0,
      durationMs: 0,
      outcome: 'success'
    }
  ]
}
[discovery] provider-chain {
  mode: 'date-night',
  strategy: 'hedged',
  source: 'live',
  durationMs: 3,
  budgetExhausted: false,
  requestedGroups: 4,
  successfulGroups: 4,
  failedGroups: 0,
  partial: false,
  groups: [
    {
      group: 'seasonal',
      outcome: 'success',
      durationMs: 2,
      winnerMirror: 2
    },
    {
      group: 'entertainment',
      outcome: 'success',
      durationMs: 3,
      winnerMirror: 2
    },
    {
      group: 'culture',
      outcome: 'success',
      durationMs: 1,
      winnerMirror: 2
    },
    {
      group: 'outdoor',
      outcome: 'success',
      durationMs: 3,
      winnerMirror: 2
    }
  ],
  attempts: [
    {
      group: 'culture',
      mirror: 1,
      hedgeOffsetMs: 0,
      durationMs: 1,
      outcome: 'http-error',
      status: 503
    },
    {
      group: 'culture',
      mirror: 2,
      hedgeOffsetMs: 1,
      durationMs: 1,
      outcome: 'success'
    },
    {
      group: 'entertainment',
      mirror: 1,
      hedgeOffsetMs: 0,
      durationMs: 1,
      outcome: 'http-error',
      status: 503
    },
    {
      group: 'entertainment',
      mirror: 2,
      hedgeOffsetMs: 1,
      durationMs: 2,
      outcome: 'success'
    },
    {
      group: 'outdoor',
      mirror: 1,
      hedgeOffsetMs: 0,
      durationMs: 1,
      outcome: 'http-error',
      status: 503
    },
    {
      group: 'outdoor',
      mirror: 2,
      hedgeOffsetMs: 1,
      durationMs: 2,
      outcome: 'success'
    },
    {
      group: 'seasonal',
      mirror: 1,
      hedgeOffsetMs: 0,
      durationMs: 1,
      outcome: 'http-error',
      status: 503
    },
    {
      group: 'seasonal',
      mirror: 2,
      hedgeOffsetMs: 1,
      durationMs: 1,
      outcome: 'success'
    }
  ]
}
[discovery] provider-chain {
  mode: 'date-night',
  strategy: 'hedged',
  source: 'live',
  durationMs: 1,
  budgetExhausted: false,
  requestedGroups: 1,
  successfulGroups: 1,
  failedGroups: 0,
  partial: false,
  groups: [
    {
      group: 'culture',
      outcome: 'success',
      durationMs: 1,
      winnerMirror: 2
    }
  ],
  attempts: [
    {
      group: 'culture',
      mirror: 1,
      hedgeOffsetMs: 0,
      durationMs: 0,
      outcome: 'http-error',
      status: 503
    },
    {
      group: 'culture',
      mirror: 2,
      hedgeOffsetMs: 0,
      durationMs: 1,
      outcome: 'success'
    }
  ]
}
[discovery] provider-chain {
  mode: 'date-night',
  strategy: 'hedged',
  source: 'live',
  durationMs: 2,
  budgetExhausted: false,
  requestedGroups: 2,
  successfulGroups: 2,
  failedGroups: 0,
  partial: false,
  groups: [
    {
      group: 'entertainment',
      outcome: 'success',
      durationMs: 2,
      winnerMirror: 2
    },
    {
      group: 'culture',
      outcome: 'success',
      durationMs: 1,
      winnerMirror: 2
    }
  ],
  attempts: [
    {
      group: 'culture',
      mirror: 1,
      hedgeOffsetMs: 0,
      durationMs: 0,
      outcome: 'http-error',
      status: 503
    },
    {
      group: 'culture',
      mirror: 2,
      hedgeOffsetMs: 0,
      durationMs: 1,
      outcome: 'success'
    },
    {
      group: 'entertainment',
      mirror: 1,
      hedgeOffsetMs: 0,
      durationMs: 0,
      outcome: 'http-error',
      status: 503
    },
    {
      group: 'entertainment',
      mirror: 2,
      hedgeOffsetMs: 0,
      durationMs: 1,
      outcome: 'success'
    }
  ]
}
[discovery] provider-chain {
  mode: 'date-night',
  strategy: 'hedged',
  source: 'live',
  durationMs: 6,
  budgetExhausted: false,
  requestedGroups: 4,
  successfulGroups: 4,
  failedGroups: 0,
  partial: false,
  groups: [
    {
      group: 'seasonal',
      outcome: 'success',
      durationMs: 3,
      winnerMirror: 2
    },
    {
      group: 'entertainment',
      outcome: 'success',
      durationMs: 5,
      winnerMirror: 2
    },
    {
      group: 'culture',
      outcome: 'success',
      durationMs: 3,
      winnerMirror: 2
    },
    {
      group: 'outdoor',
      outcome: 'success',
      durationMs: 6,
      winnerMirror: 2
    }
  ],
  attempts: [
    {
      group: 'culture',
      mirror: 1,
      hedgeOffsetMs: 0,
      durationMs: 1,
      outcome: 'http-error',
      status: 503
    },
    {
      group: 'culture',
      mirror: 2,
      hedgeOffsetMs: 1,
      durationMs: 2,
      outcome: 'success'
    },
    {
      group: 'entertainment',
      mirror: 1,
      hedgeOffsetMs: 0,
      durationMs: 1,
      outcome: 'http-error',
      status: 503
    },
    {
      group: 'entertainment',
      mirror: 2,
      hedgeOffsetMs: 1,
      durationMs: 5,
      outcome: 'success'
    },
    {
      group: 'outdoor',
      mirror: 1,
      hedgeOffsetMs: 0,
      durationMs: 1,
      outcome: 'http-error',
      status: 503
    },
    {
      group: 'outdoor',
      mirror: 2,
      hedgeOffsetMs: 1,
      durationMs: 5,
      outcome: 'success'
    },
    {
      group: 'seasonal',
      mirror: 1,
      hedgeOffsetMs: 0,
      durationMs: 1,
      outcome: 'http-error',
      status: 503
    },
    {
      group: 'seasonal',
      mirror: 2,
      hedgeOffsetMs: 1,
      durationMs: 3,
      outcome: 'success'
    }
  ]
}
✔ real handler abandoned: forward/reverse seasonal and ordinary flags, result order, later mirror (58.333231ms)
✔ real handler abandoned: reconstructed contextual seasonal evidence and ordinary namespace parity (7.991332ms)
[discovery] provider-chain {
  mode: 'date-night',
  strategy: 'hedged',
  source: 'live',
  durationMs: 1,
  budgetExhausted: false,
  requestedGroups: 1,
  successfulGroups: 1,
  failedGroups: 0,
  partial: false,
  groups: [
    {
      group: 'seasonal',
      outcome: 'success',
      durationMs: 1,
      winnerMirror: 2
    }
  ],
  attempts: [
    {
      group: 'seasonal',
      mirror: 1,
      hedgeOffsetMs: 0,
      durationMs: 0,
      outcome: 'http-error',
      status: 503
    },
    {
      group: 'seasonal',
      mirror: 2,
      hedgeOffsetMs: 0,
      durationMs: 1,
      outcome: 'success'
    }
  ]
}
[discovery] provider-chain {
  mode: 'date-night',
  strategy: 'hedged',
  source: 'live',
  durationMs: 2,
  budgetExhausted: false,
  requestedGroups: 1,
  successfulGroups: 1,
  failedGroups: 0,
  partial: false,
  groups: [
    {
      group: 'seasonal',
      outcome: 'success',
      durationMs: 1,
      winnerMirror: 2
    }
  ],
  attempts: [
    {
      group: 'seasonal',
      mirror: 1,
      hedgeOffsetMs: 0,
      durationMs: 0,
      outcome: 'http-error',
      status: 503
    },
    {
      group: 'seasonal',
      mirror: 2,
      hedgeOffsetMs: 0,
      durationMs: 1,
      outcome: 'success'
    }
  ]
}
[discovery] provider-chain {
  mode: 'date-night',
  strategy: 'hedged',
  source: 'live',
  durationMs: 5,
  budgetExhausted: false,
  requestedGroups: 4,
  successfulGroups: 4,
  failedGroups: 0,
  partial: false,
  groups: [
    {
      group: 'seasonal',
      outcome: 'success',
      durationMs: 4,
      winnerMirror: 2
    },
    {
      group: 'entertainment',
      outcome: 'success',
      durationMs: 3,
      winnerMirror: 2
    },
    {
      group: 'culture',
      outcome: 'success',
      durationMs: 2,
      winnerMirror: 2
    },
    {
      group: 'outdoor',
      outcome: 'success',
      durationMs: 3,
      winnerMirror: 2
    }
  ],
  attempts: [
    {
      group: 'culture',
      mirror: 1,
      hedgeOffsetMs: 0,
      durationMs: 1,
      outcome: 'http-error',
      status: 503
    },
    {
      group: 'culture',
      mirror: 2,
      hedgeOffsetMs: 1,
      durationMs: 1,
      outcome: 'success'
    },
    {
      group: 'entertainment',
      mirror: 1,
      hedgeOffsetMs: 0,
      durationMs: 1,
      outcome: 'http-error',
      status: 503
    },
    {
      group: 'entertainment',
      mirror: 2,
      hedgeOffsetMs: 1,
      durationMs: 2,
      outcome: 'success'
    },
    {
      group: 'outdoor',
      mirror: 1,
      hedgeOffsetMs: 0,
      durationMs: 1,
      outcome: 'http-error',
      status: 503
    },
    {
      group: 'outdoor',
      mirror: 2,
      hedgeOffsetMs: 1,
      durationMs: 3,
      outcome: 'success'
    },
    {
      group: 'seasonal',
      mirror: 1,
      hedgeOffsetMs: 0,
      durationMs: 2,
      outcome: 'http-error',
      status: 503
    },
    {
      group: 'seasonal',
      mirror: 2,
      hedgeOffsetMs: 2,
      durationMs: 2,
      outcome: 'success'
    }
  ]
}
[discovery] provider-chain {
  mode: 'date-night',
  strategy: 'hedged',
  source: 'live',
  durationMs: 1,
  budgetExhausted: false,
  requestedGroups: 1,
  successfulGroups: 1,
  failedGroups: 0,
  partial: false,
  groups: [
    {
      group: 'seasonal',
      outcome: 'success',
      durationMs: 1,
      winnerMirror: 2
    }
  ],
  attempts: [
    {
      group: 'seasonal',
      mirror: 1,
      hedgeOffsetMs: 0,
      durationMs: 0,
      outcome: 'http-error',
      status: 503
    },
    {
      group: 'seasonal',
      mirror: 2,
      hedgeOffsetMs: 0,
      durationMs: 1,
      outcome: 'success'
    }
  ]
}
[discovery] provider-chain {
  mode: 'date-night',
  strategy: 'hedged',
  source: 'live',
  durationMs: 1,
  budgetExhausted: false,
  requestedGroups: 1,
  successfulGroups: 1,
  failedGroups: 0,
  partial: false,
  groups: [
    {
      group: 'seasonal',
      outcome: 'success',
      durationMs: 1,
      winnerMirror: 2
    }
  ],
  attempts: [
    {
      group: 'seasonal',
      mirror: 1,
      hedgeOffsetMs: 0,
      durationMs: 0,
      outcome: 'http-error',
      status: 503
    },
    {
      group: 'seasonal',
      mirror: 2,
      hedgeOffsetMs: 0,
      durationMs: 1,
      outcome: 'success'
    }
  ]
}
[discovery] provider-chain {
  mode: 'date-night',
  strategy: 'hedged',
  source: 'live',
  durationMs: 4,
  budgetExhausted: false,
  requestedGroups: 4,
  successfulGroups: 4,
  failedGroups: 0,
  partial: false,
  groups: [
    {
      group: 'seasonal',
      outcome: 'success',
      durationMs: 2,
      winnerMirror: 2
    },
    {
      group: 'entertainment',
      outcome: 'success',
      durationMs: 3,
      winnerMirror: 2
    },
    {
      group: 'culture',
      outcome: 'success',
      durationMs: 2,
      winnerMirror: 2
    },
    {
      group: 'outdoor',
      outcome: 'success',
      durationMs: 3,
      winnerMirror: 2
    }
  ],
  attempts: [
    {
      group: 'culture',
      mirror: 1,
      hedgeOffsetMs: 0,
      durationMs: 1,
      outcome: 'http-error',
      status: 503
    },
    {
      group: 'culture',
      mirror: 2,
      hedgeOffsetMs: 1,
      durationMs: 1,
      outcome: 'success'
    },
    {
      group: 'entertainment',
      mirror: 1,
      hedgeOffsetMs: 0,
      durationMs: 1,
      outcome: 'http-error',
      status: 503
    },
    {
      group: 'entertainment',
      mirror: 2,
      hedgeOffsetMs: 1,
      durationMs: 2,
      outcome: 'success'
    },
    {
      group: 'outdoor',
      mirror: 1,
      hedgeOffsetMs: 0,
      durationMs: 1,
      outcome: 'http-error',
      status: 503
    },
    {
      group: 'outdoor',
      mirror: 2,
      hedgeOffsetMs: 1,
      durationMs: 2,
      outcome: 'success'
    },
    {
      group: 'seasonal',
      mirror: 1,
      hedgeOffsetMs: 0,
      durationMs: 1,
      outcome: 'http-error',
      status: 503
    },
    {
      group: 'seasonal',
      mirror: 2,
      hedgeOffsetMs: 1,
      durationMs: 2,
      outcome: 'success'
    }
  ]
}
[discovery] provider-chain {
  mode: 'date-night',
  strategy: 'hedged',
  source: 'live',
  durationMs: 1,
  budgetExhausted: false,
  requestedGroups: 1,
  successfulGroups: 1,
  failedGroups: 0,
  partial: false,
  groups: [
    {
      group: 'culture',
      outcome: 'success',
      durationMs: 1,
      winnerMirror: 2
    }
  ],
  attempts: [
    {
      group: 'culture',
      mirror: 1,
      hedgeOffsetMs: 0,
      durationMs: 0,
      outcome: 'http-error',
      status: 503
    },
    {
      group: 'culture',
      mirror: 2,
      hedgeOffsetMs: 0,
      durationMs: 1,
      outcome: 'success'
    }
  ]
}
[discovery] provider-chain {
  mode: 'date-night',
  strategy: 'hedged',
  source: 'live',
  durationMs: 1,
  budgetExhausted: false,
  requestedGroups: 1,
  successfulGroups: 1,
  failedGroups: 0,
  partial: false,
  groups: [
    {
      group: 'culture',
      outcome: 'success',
      durationMs: 1,
      winnerMirror: 2
    }
  ],
  attempts: [
    {
      group: 'culture',
      mirror: 1,
      hedgeOffsetMs: 0,
      durationMs: 0,
      outcome: 'http-error',
      status: 503
    },
    {
      group: 'culture',
      mirror: 2,
      hedgeOffsetMs: 0,
      durationMs: 1,
      outcome: 'success'
    }
  ]
}
[discovery] provider-chain {
  mode: 'date-night',
  strategy: 'hedged',
  source: 'live',
  durationMs: 4,
  budgetExhausted: false,
  requestedGroups: 4,
  successfulGroups: 4,
  failedGroups: 0,
  partial: false,
  groups: [
    {
      group: 'seasonal',
      outcome: 'success',
      durationMs: 2,
      winnerMirror: 2
    },
    {
      group: 'entertainment',
      outcome: 'success',
      durationMs: 3,
      winnerMirror: 2
    },
    {
      group: 'culture',
      outcome: 'success',
      durationMs: 2,
      winnerMirror: 2
    },
    {
      group: 'outdoor',
      outcome: 'success',
      durationMs: 3,
      winnerMirror: 2
    }
  ],
  attempts: [
    {
      group: 'culture',
      mirror: 1,
      hedgeOffsetMs: 0,
      durationMs: 1,
      outcome: 'http-error',
      status: 503
    },
    {
      group: 'culture',
      mirror: 2,
      hedgeOffsetMs: 1,
      durationMs: 1,
      outcome: 'success'
    },
    {
      group: 'entertainment',
      mirror: 1,
      hedgeOffsetMs: 0,
      durationMs: 1,
      outcome: 'http-error',
      status: 503
    },
    {
      group: 'entertainment',
      mirror: 2,
      hedgeOffsetMs: 1,
      durationMs: 2,
      outcome: 'success'
    },
    {
      group: 'outdoor',
      mirror: 1,
      hedgeOffsetMs: 0,
      durationMs: 1,
      outcome: 'http-error',
      status: 503
    },
    {
      group: 'outdoor',
      mirror: 2,
      hedgeOffsetMs: 1,
      durationMs: 2,
      outcome: 'success'
    },
    {
      group: 'seasonal',
      mirror: 1,
      hedgeOffsetMs: 0,
      durationMs: 1,
      outcome: 'http-error',
      status: 503
    },
    {
      group: 'seasonal',
      mirror: 2,
      hedgeOffsetMs: 1,
      durationMs: 2,
      outcome: 'success'
    }
  ]
}
[discovery] provider-chain {
  mode: 'date-night',
  strategy: 'hedged',
  source: 'live',
  durationMs: 4,
  budgetExhausted: false,
  requestedGroups: 1,
  successfulGroups: 1,
  failedGroups: 0,
  partial: false,
  groups: [
    {
      group: 'culture',
      outcome: 'success',
      durationMs: 3,
      winnerMirror: 2
    }
  ],
  attempts: [
    {
      group: 'culture',
      mirror: 1,
      hedgeOffsetMs: 0,
      durationMs: 0,
      outcome: 'http-error',
      status: 503
    },
    {
      group: 'culture',
      mirror: 2,
      hedgeOffsetMs: 0,
      durationMs: 3,
      outcome: 'success'
    }
  ]
}
[discovery] provider-chain {
  mode: 'date-night',
  strategy: 'hedged',
  source: 'live',
  durationMs: 1,
  budgetExhausted: false,
  requestedGroups: 1,
  successfulGroups: 1,
  failedGroups: 0,
  partial: false,
  groups: [
    {
      group: 'culture',
      outcome: 'success',
      durationMs: 1,
      winnerMirror: 2
    }
  ],
  attempts: [
    {
      group: 'culture',
      mirror: 1,
      hedgeOffsetMs: 0,
      durationMs: 0,
      outcome: 'http-error',
      status: 503
    },
    {
      group: 'culture',
      mirror: 2,
      hedgeOffsetMs: 0,
      durationMs: 1,
      outcome: 'success'
    }
  ]
}
[discovery] provider-chain {
  mode: 'date-night',
  strategy: 'hedged',
  source: 'live',
  durationMs: 4,
  budgetExhausted: false,
  requestedGroups: 4,
  successfulGroups: 4,
  failedGroups: 0,
  partial: false,
  groups: [
    {
      group: 'seasonal',
      outcome: 'success',
      durationMs: 3,
      winnerMirror: 2
    },
    {
      group: 'entertainment',
      outcome: 'success',
      durationMs: 3,
      winnerMirror: 2
    },
    {
      group: 'culture',
      outcome: 'success',
      durationMs: 1,
      winnerMirror: 2
    },
    {
      group: 'outdoor',
      outcome: 'success',
      durationMs: 3,
      winnerMirror: 2
    }
  ],
  attempts: [
    {
      group: 'culture',
      mirror: 1,
      hedgeOffsetMs: 0,
      durationMs: 0,
      outcome: 'http-error',
      status: 503
    },
    {
      group: 'culture',
      mirror: 2,
      hedgeOffsetMs: 0,
      durationMs: 1,
      outcome: 'success'
    },
    {
      group: 'entertainment',
      mirror: 1,
      hedgeOffsetMs: 0,
      durationMs: 0,
      outcome: 'http-error',
      status: 503
    },
    {
      group: 'entertainment',
      mirror: 2,
      hedgeOffsetMs: 0,
      durationMs: 3,
      outcome: 'success'
    },
    {
      group: 'outdoor',
      mirror: 1,
      hedgeOffsetMs: 0,
      durationMs: 0,
      outcome: 'http-error',
      status: 503
    },
    {
      group: 'outdoor',
      mirror: 2,
      hedgeOffsetMs: 0,
      durationMs: 3,
      outcome: 'success'
    },
    {
      group: 'seasonal',
      mirror: 1,
      hedgeOffsetMs: 0,
      durationMs: 1,
      outcome: 'http-error',
      status: 503
    },
    {
      group: 'seasonal',
      mirror: 2,
      hedgeOffsetMs: 1,
      durationMs: 2,
      outcome: 'success'
    }
  ]
}
[discovery] provider-chain {
  mode: 'date-night',
  strategy: 'hedged',
  source: 'live',
  durationMs: 1,
  budgetExhausted: false,
  requestedGroups: 1,
  successfulGroups: 1,
  failedGroups: 0,
  partial: false,
  groups: [
    {
      group: 'culture',
      outcome: 'success',
      durationMs: 1,
      winnerMirror: 2
    }
  ],
  attempts: [
    {
      group: 'culture',
      mirror: 1,
      hedgeOffsetMs: 0,
      durationMs: 0,
      outcome: 'http-error',
      status: 503
    },
    {
      group: 'culture',
      mirror: 2,
      hedgeOffsetMs: 0,
      durationMs: 1,
      outcome: 'success'
    }
  ]
}
[discovery] provider-chain {
  mode: 'date-night',
  strategy: 'hedged',
  source: 'live',
  durationMs: 2,
  budgetExhausted: false,
  requestedGroups: 2,
  successfulGroups: 2,
  failedGroups: 0,
  partial: false,
  groups: [
    {
      group: 'entertainment',
      outcome: 'success',
      durationMs: 2,
      winnerMirror: 2
    },
    {
      group: 'culture',
      outcome: 'success',
      durationMs: 1,
      winnerMirror: 2
    }
  ],
  attempts: [
    {
      group: 'culture',
      mirror: 1,
      hedgeOffsetMs: 0,
      durationMs: 0,
      outcome: 'http-error',
      status: 503
    },
    {
      group: 'culture',
      mirror: 2,
      hedgeOffsetMs: 0,
      durationMs: 1,
      outcome: 'success'
    },
    {
      group: 'entertainment',
      mirror: 1,
      hedgeOffsetMs: 0,
      durationMs: 0,
      outcome: 'http-error',
      status: 503
    },
    {
      group: 'entertainment',
      mirror: 2,
      hedgeOffsetMs: 0,
      durationMs: 1,
      outcome: 'success'
    }
  ]
}
[discovery] provider-chain {
  mode: 'date-night',
  strategy: 'hedged',
  source: 'live',
  durationMs: 3,
  budgetExhausted: false,
  requestedGroups: 4,
  successfulGroups: 4,
  failedGroups: 0,
  partial: false,
  groups: [
    {
      group: 'seasonal',
      outcome: 'success',
      durationMs: 2,
      winnerMirror: 2
    },
    {
      group: 'entertainment',
      outcome: 'success',
      durationMs: 3,
      winnerMirror: 2
    },
    {
      group: 'culture',
      outcome: 'success',
      durationMs: 2,
      winnerMirror: 2
    },
    {
      group: 'outdoor',
      outcome: 'success',
      durationMs: 3,
      winnerMirror: 2
    }
  ],
  attempts: [
    {
      group: 'culture',
      mirror: 1,
      hedgeOffsetMs: 0,
      durationMs: 1,
      outcome: 'http-error',
      status: 503
    },
    {
      group: 'culture',
      mirror: 2,
      hedgeOffsetMs: 1,
      durationMs: 1,
      outcome: 'success'
    },
    {
      group: 'entertainment',
      mirror: 1,
      hedgeOffsetMs: 0,
      durationMs: 1,
      outcome: 'http-error',
      status: 503
    },
    {
      group: 'entertainment',
      mirror: 2,
      hedgeOffsetMs: 1,
      durationMs: 2,
      outcome: 'success'
    },
    {
      group: 'outdoor',
      mirror: 1,
      hedgeOffsetMs: 0,
      durationMs: 1,
      outcome: 'http-error',
      status: 503
    },
    {
      group: 'outdoor',
      mirror: 2,
      hedgeOffsetMs: 1,
      durationMs: 3,
      outcome: 'success'
    },
    {
      group: 'seasonal',
      mirror: 1,
      hedgeOffsetMs: 0,
      durationMs: 1,
      outcome: 'http-error',
      status: 503
    },
    {
      group: 'seasonal',
      mirror: 2,
      hedgeOffsetMs: 1,
      durationMs: 2,
      outcome: 'success'
    }
  ]
}
✔ real handler was: forward/reverse seasonal and ordinary flags, result order, later mirror (62.329798ms)
✔ real handler was: reconstructed contextual seasonal evidence and ordinary namespace parity (9.200374ms)
✔ all supported active seasonal contexts carry simple lifecycle flags independent of category (7.094902ms)
✔ different groups, completion order, duplicate identities and disused/permanent conflicts remain deterministic (8.616945ms)
✔ lifecycle-only, false flags, generic contexts and unsupported status tags never create eligible seasonal leakage (12.908783ms)
✔ negative-key search is exclusively set-bounded, positive queries stay narrow and hostile input never interpolates (1.014328ms)
✔ seasonal live success survives stalled parks and merges saved coverage with honest partial metadata (45.032441ms)
✔ entertainment survives seasonal HTTP failure with selected failed coverage retained (5.747662ms)
✔ valid empty requested group is successful coverage, distinct from missing venues and failed acquisition (1.822767ms)
✔ valid empty success with a failed sibling remains partial live, not fallback or terminal error (2.960151ms)
✔ cross-group equal OSM identity unions disjoint classifications despite changed provider name (2.087366ms)
✔ identical cross-group evidence is deduplicated and permanently closed evidence dominates active siblings (4.700724ms)
✔ malformed missing-elements sibling cannot erase valid seasonal live response (2.314077ms)
✔ malformed remark sibling cannot erase valid seasonal live response (2.814371ms)
✔ malformed invalid-json sibling cannot erase valid seasonal live response (2.325375ms)
✔ all four groups/mirrors stalled settle honest saved fallback at 12.5s (7.936039ms)
✔ all four groups/mirrors stalled settle terminal error at 12.5s (3.471271ms)
✔ all valid-empty groups are live coverage rather than outage even with zero venues (3.74232ms)
✔ Date Night ordinary partial UI preserves live picks and discloses failed groups (578.641268ms)
✔ Date Night seasonal partial UI preserves live picks and discloses failed groups (6.953558ms)
✔ query cost: leisure uses the complete finite exact-value carrier in every independent group (2.60785ms)
✔ query cost: amenity uses the complete finite exact-value carrier in every independent group (0.777381ms)
✔ query cost: tourism uses the complete finite exact-value carrier in every independent group (0.737221ms)
✔ query cost: attraction uses the complete finite exact-value carrier in every independent group (0.421735ms)
✔ query cost: sport uses the complete finite exact-value carrier in every independent group (1.450506ms)
✔ query cost: landuse uses the complete finite exact-value carrier in every independent group (5.774822ms)
✔ query cost: exact acquisition has no extra keys, duplicate clauses or unbounded selectors (1.055981ms)
✔ query cost: the structure guard rejects the diagnosed cinema regex even when shorter (1.358658ms)
✔ query cost: positive query statements and prefixed carrier statements remain unchanged for every measured plan (1.583056ms)
✔ query cost: all 154 audited interpretations and all 111 negative acquisitions survive every requested group (266.596029ms)
✔ query cost: arbitrary permanent suffixes and non-finite lifecycle values remain set-bounded and reachable (18.762854ms)
✔ query cost: equality preserves old acquisition for finite values and near misses, with and without lifecycle flags (423.21226ms)
✔ query cost: four independent groups and the four fixed mirrors remain unchanged (0.459141ms)
[discovery] provider-chain {
  mode: 'date-night',
  strategy: 'hedged',
  source: 'live',
  durationMs: 2,
  budgetExhausted: false,
  requestedGroups: 1,
  successfulGroups: 1,
  failedGroups: 0,
  partial: false,
  groups: [
    {
      group: 'seasonal',
      outcome: 'success',
      durationMs: 2,
      winnerMirror: 2
    }
  ],
  attempts: [
    {
      group: 'seasonal',
      mirror: 1,
      hedgeOffsetMs: 0,
      durationMs: 1,
      outcome: 'http-error',
      status: 503
    },
    {
      group: 'seasonal',
      mirror: 2,
      hedgeOffsetMs: 1,
      durationMs: 1,
      outcome: 'success'
    }
  ]
}
[discovery] provider-chain {
  mode: 'date-night',
  strategy: 'hedged',
  source: 'live',
  durationMs: 1,
  budgetExhausted: false,
  requestedGroups: 1,
  successfulGroups: 1,
  failedGroups: 0,
  partial: false,
  groups: [
    {
      group: 'seasonal',
      outcome: 'success',
      durationMs: 1,
      winnerMirror: 2
    }
  ],
  attempts: [
    {
      group: 'seasonal',
      mirror: 1,
      hedgeOffsetMs: 0,
      durationMs: 0,
      outcome: 'http-error',
      status: 503
    },
    {
      group: 'seasonal',
      mirror: 2,
      hedgeOffsetMs: 0,
      durationMs: 1,
      outcome: 'success'
    }
  ]
}
[discovery] provider-chain {
  mode: 'date-night',
  strategy: 'hedged',
  source: 'live',
  durationMs: 1,
  budgetExhausted: false,
  requestedGroups: 1,
  successfulGroups: 1,
  failedGroups: 0,
  partial: false,
  groups: [
    {
      group: 'seasonal',
      outcome: 'success',
      durationMs: 1,
      winnerMirror: 2
    }
  ],
  attempts: [
    {
      group: 'seasonal',
      mirror: 1,
      hedgeOffsetMs: 0,
      durationMs: 0,
      outcome: 'http-error',
      status: 503
    },
    {
      group: 'seasonal',
      mirror: 2,
      hedgeOffsetMs: 0,
      durationMs: 1,
      outcome: 'success'
    }
  ]
}
[discovery] provider-chain {
  mode: 'date-night',
  strategy: 'hedged',
  source: 'live',
  durationMs: 1,
  budgetExhausted: false,
  requestedGroups: 1,
  successfulGroups: 1,
  failedGroups: 0,
  partial: false,
  groups: [
    {
      group: 'seasonal',
      outcome: 'success',
      durationMs: 1,
      winnerMirror: 2
    }
  ],
  attempts: [
    {
      group: 'seasonal',
      mirror: 1,
      hedgeOffsetMs: 0,
      durationMs: 0,
      outcome: 'http-error',
      status: 503
    },
    {
      group: 'seasonal',
      mirror: 2,
      hedgeOffsetMs: 0,
      durationMs: 1,
      outcome: 'success'
    }
  ]
}
[discovery] provider-chain {
  mode: 'date-night',
  strategy: 'hedged',
  source: 'live',
  durationMs: 1,
  budgetExhausted: false,
  requestedGroups: 1,
  successfulGroups: 1,
  failedGroups: 0,
  partial: false,
  groups: [
    {
      group: 'seasonal',
      outcome: 'success',
      durationMs: 1,
      winnerMirror: 2
    }
  ],
  attempts: [
    {
      group: 'seasonal',
      mirror: 1,
      hedgeOffsetMs: 0,
      durationMs: 0,
      outcome: 'http-error',
      status: 503
    },
    {
      group: 'seasonal',
      mirror: 2,
      hedgeOffsetMs: 0,
      durationMs: 1,
      outcome: 'success'
    }
  ]
}
[discovery] provider-chain {
  mode: 'date-night',
  strategy: 'hedged',
  source: 'live',
  durationMs: 1,
  budgetExhausted: false,
  requestedGroups: 1,
  successfulGroups: 1,
  failedGroups: 0,
  partial: false,
  groups: [
    {
      group: 'seasonal',
      outcome: 'success',
      durationMs: 1,
      winnerMirror: 2
    }
  ],
  attempts: [
    {
      group: 'seasonal',
      mirror: 1,
      hedgeOffsetMs: 0,
      durationMs: 0,
      outcome: 'http-error',
      status: 503
    },
    {
      group: 'seasonal',
      mirror: 2,
      hedgeOffsetMs: 0,
      durationMs: 1,
      outcome: 'success'
    }
  ]
}
[discovery] provider-chain {
  mode: 'date-night',
  strategy: 'hedged',
  source: 'live',
  durationMs: 4,
  budgetExhausted: false,
  requestedGroups: 4,
  successfulGroups: 4,
  failedGroups: 0,
  partial: false,
  groups: [
    {
      group: 'seasonal',
      outcome: 'success',
      durationMs: 4,
      winnerMirror: 2
    },
    {
      group: 'entertainment',
      outcome: 'success',
      durationMs: 4,
      winnerMirror: 2
    },
    {
      group: 'culture',
      outcome: 'success',
      durationMs: 4,
      winnerMirror: 2
    },
    {
      group: 'outdoor',
      outcome: 'success',
      durationMs: 4,
      winnerMirror: 2
    }
  ],
  attempts: [
    {
      group: 'culture',
      mirror: 1,
      hedgeOffsetMs: 0,
      durationMs: 1,
      outcome: 'http-error',
      status: 503
    },
    {
      group: 'culture',
      mirror: 2,
      hedgeOffsetMs: 1,
      durationMs: 3,
      outcome: 'success'
    },
    {
      group: 'entertainment',
      mirror: 1,
      hedgeOffsetMs: 0,
      durationMs: 1,
      outcome: 'http-error',
      status: 503
    },
    {
      group: 'entertainment',
      mirror: 2,
      hedgeOffsetMs: 1,
      durationMs: 3,
      outcome: 'success'
    },
    {
      group: 'outdoor',
      mirror: 1,
      hedgeOffsetMs: 0,
      durationMs: 1,
      outcome: 'http-error',
      status: 503
    },
    {
      group: 'outdoor',
      mirror: 2,
      hedgeOffsetMs: 1,
      durationMs: 3,
      outcome: 'success'
    },
    {
      group: 'seasonal',
      mirror: 1,
      hedgeOffsetMs: 0,
      durationMs: 1,
      outcome: 'http-error',
      status: 503
    },
    {
      group: 'seasonal',
      mirror: 2,
      hedgeOffsetMs: 1,
      durationMs: 3,
      outcome: 'success'
    }
  ]
}
[discovery] provider-chain {
  mode: 'date-night',
  strategy: 'hedged',
  source: 'live',
  durationMs: 4,
  budgetExhausted: false,
  requestedGroups: 4,
  successfulGroups: 4,
  failedGroups: 0,
  partial: false,
  groups: [
    {
      group: 'seasonal',
      outcome: 'success',
      durationMs: 4,
      winnerMirror: 2
    },
    {
      group: 'entertainment',
      outcome: 'success',
      durationMs: 4,
      winnerMirror: 2
    },
    {
      group: 'culture',
      outcome: 'success',
      durationMs: 3,
      winnerMirror: 2
    },
    {
      group: 'outdoor',
      outcome: 'success',
      durationMs: 3,
      winnerMirror: 2
    }
  ],
  attempts: [
    {
      group: 'culture',
      mirror: 1,
      hedgeOffsetMs: 0,
      durationMs: 1,
      outcome: 'http-error',
      status: 503
    },
    {
      group: 'culture',
      mirror: 2,
      hedgeOffsetMs: 1,
      durationMs: 3,
      outcome: 'success'
    },
    {
      group: 'entertainment',
      mirror: 1,
      hedgeOffsetMs: 0,
      durationMs: 1,
      outcome: 'http-error',
      status: 503
    },
    {
      group: 'entertainment',
      mirror: 2,
      hedgeOffsetMs: 1,
      durationMs: 3,
      outcome: 'success'
    },
    {
      group: 'outdoor',
      mirror: 1,
      hedgeOffsetMs: 0,
      durationMs: 1,
      outcome: 'http-error',
      status: 503
    },
    {
      group: 'outdoor',
      mirror: 2,
      hedgeOffsetMs: 1,
      durationMs: 3,
      outcome: 'success'
    },
    {
      group: 'seasonal',
      mirror: 1,
      hedgeOffsetMs: 0,
      durationMs: 1,
      outcome: 'http-error',
      status: 503
    },
    {
      group: 'seasonal',
      mirror: 2,
      hedgeOffsetMs: 1,
      durationMs: 3,
      outcome: 'success'
    }
  ]
}
[discovery] provider-chain {
  mode: 'date-night',
  strategy: 'hedged',
  source: 'live',
  durationMs: 3,
  budgetExhausted: false,
  requestedGroups: 3,
  successfulGroups: 3,
  failedGroups: 0,
  partial: false,
  groups: [
    {
      group: 'entertainment',
      outcome: 'empty',
      durationMs: 2,
      winnerMirror: 1
    },
    {
      group: 'culture',
      outcome: 'success',
      durationMs: 2,
      winnerMirror: 1
    },
    {
      group: 'outdoor',
      outcome: 'empty',
      durationMs: 2,
      winnerMirror: 1
    }
  ],
  attempts: [
    {
      group: 'culture',
      mirror: 1,
      hedgeOffsetMs: 0,
      durationMs: 2,
      outcome: 'success'
    },
    {
      group: 'entertainment',
      mirror: 1,
      hedgeOffsetMs: 0,
      durationMs: 2,
      outcome: 'empty'
    },
    {
      group: 'outdoor',
      mirror: 1,
      hedgeOffsetMs: 0,
      durationMs: 2,
      outcome: 'empty'
    }
  ]
}
[discovery] provider-chain {
  mode: 'date-night',
  strategy: 'hedged',
  source: 'merged',
  durationMs: 2,
  budgetExhausted: false,
  requestedGroups: 1,
  successfulGroups: 1,
  failedGroups: 0,
  partial: false,
  groups: [
    {
      group: 'culture',
      outcome: 'empty',
      durationMs: 0,
      winnerMirror: 1
    }
  ],
  attempts: [
    {
      group: 'culture',
      mirror: 1,
      hedgeOffsetMs: 0,
      durationMs: 0,
      outcome: 'empty'
    }
  ]
}
[discovery] provider-chain {
  mode: 'date-night',
  strategy: 'hedged',
  source: 'merged',
  durationMs: 1,
  budgetExhausted: false,
  requestedGroups: 1,
  successfulGroups: 1,
  failedGroups: 0,
  partial: false,
  groups: [
    {
      group: 'seasonal',
      outcome: 'empty',
      durationMs: 0,
      winnerMirror: 1
    }
  ],
  attempts: [
    {
      group: 'seasonal',
      mirror: 1,
      hedgeOffsetMs: 0,
      durationMs: 0,
      outcome: 'empty'
    }
  ]
}
[discovery] provider-chain {
  mode: 'date-night',
  strategy: 'hedged',
  source: 'merged',
  durationMs: 1,
  budgetExhausted: false,
  requestedGroups: 1,
  successfulGroups: 1,
  failedGroups: 0,
  partial: false,
  groups: [
    {
      group: 'culture',
      outcome: 'empty',
      durationMs: 0,
      winnerMirror: 1
    }
  ],
  attempts: [
    {
      group: 'culture',
      mirror: 1,
      hedgeOffsetMs: 0,
      durationMs: 0,
      outcome: 'empty'
    }
  ]
}
✔ all Date Night database selectors use exact keys; lifecycle regex keys are bounded to a named set (20.976831ms)
✔ all 6167 canonical fixtures preserve selected positive semantics and broad identity-negative lifecycle acquisition (1497.812333ms)
✔ bounded context preselection never leaks generic places into seasonal output (26.468617ms)
✔ precise and lifecycle selectors stay independent of the active context set (13.285891ms)
✔ query fixture interpreter rejects missing/unknown sets, unbounded selectors and unexpected output grammar (4.814155ms)
✔ exact text keys preserve classifier key casing while still matching case-insensitive values (4.972003ms)
✔ Anything, omitted and empty category input produce all and only active query groups (0.984544ms)
✔ specific categories plan only required groups and combine selected siblings (0.312731ms)
✔ query plans and normalized coverage signatures are deterministic without mutating caller input (0.333242ms)
✔ Halloween OFF strips stale seasonal selections and preserves existing Anything fallback (3.142024ms)
✔ activity validation rejects malformed, inherited, unknown and query-injection inputs (0.772074ms)
✔ every ordinary category owns exact active clauses and shares supported identity-negative companions (140.740578ms)
✔ query construction independently enforces concrete whitelist input, finite coordinates and capped radius (0.773506ms)
✔ seasonal-only queries do not acquire unrelated ordinary or seasonal offerings (6.293755ms)
✔ precise seasonal attraction and agricultural maze representations remain reachable (3.647016ms)
✔ selected seasonal metadata remains reachable across every supported context, field and separator (80.495392ms)
✔ retained Exeter theme-park record remains acquired by a Corn Maze-only plan (0.603409ms)
✔ narrowed seasonal acquisition retains lifecycle-only evidence previously reached through broad contexts (10.035012ms)
✔ real selected query cannot resurrect an active duplicate by dropping its lifecycle-only theme-park record (19.307125ms)
✔ RV2 demolished=yes real acquisition parity: anything (9.819607ms)
ℹ {"selection":["anything"],"source":"live","partial":false,"eligible":[],"acquired":["date-night-osm-node-9201","date-night-osm-node-9202"]}
✔ RV2 demolished=yes real acquisition parity: corn-maze + pumpkin-patch (4.966814ms)
ℹ {"selection":["corn-maze","pumpkin-patch"],"source":"live","partial":false,"eligible":[],"acquired":["date-night-osm-node-9201","date-night-osm-node-9202"]}
✔ RV2 demolished=yes real acquisition parity: pumpkin-patch (5.211093ms)
ℹ {"selection":["pumpkin-patch"],"source":"live","partial":false,"eligible":[],"acquired":["date-night-osm-node-9202"]}
✔ RV2 demolished=yes real acquisition parity: corn-maze (1.789556ms)
ℹ {"selection":["corn-maze"],"source":"live","partial":false,"eligible":[],"acquired":["date-night-osm-node-9201","date-night-osm-node-9202"]}
✔ V-DR-01 cross-tag demolition excludes active Corn identity for corn-maze in either provider/result order (8.546089ms)
✔ V-DR-01 cross-tag demolition excludes active Corn identity for pumpkin-patch in either provider/result order (5.552317ms)
✔ V-DR-01 cross-tag demolition excludes active Corn identity for corn-maze + pumpkin-patch in either provider/result order (8.147748ms)
✔ V-DR-01 cross-tag demolition excludes active Corn identity for anything in either provider/result order (16.580396ms)
✔ V-DR-01 Pumpkin-only retains reverse demolished:corn_maze lifecycle companion (2.738036ms)
✔ V-DR-01 Pumpkin-only retains reverse disused:haunted_house lifecycle companion (2.199094ms)
✔ V-DR-01 ordinary Movies narrowing retains matching Museum demolition with Halloween both OFF and ON (3.814148ms)
✔ V-DR-01 Halloween OFF preserves the same seasonal-classification boundary for Anything and narrowed ordinary queries (6.21106ms)
✔ V-DR-01 unrelated negatives cannot suppress an active identity or leak into eligible positive results (3.291611ms)
✔ V-DR-01 negative companions span supported categories while affirmative clauses remain narrow (30.535074ms)
✔ narrowed acquisition never turns generic, negative or unrelated evidence into seasonal classification (7.487904ms)
✔ real server validator rejects hostile category input before any provider request (0.763821ms)
✔ real server request uses validated selected clauses, normalizes inactive seasonal input and preserves radius cap (3.77577ms)
✔ radial cache counts valid-empty successful patches as proof and outer success never covers missing core (23.354614ms)
✔ a failed outermost patch preserves 0–40 completeness; retry work is only missing patch/category (5.723335ms)
✔ radial cache rejects fallback as coverage (0.512783ms)
✔ radial cache rejects failed as coverage (0.352601ms)
✔ radial cache rejects cancelled as coverage (0.385841ms)
✔ radial cache rejects cache-hit as coverage (0.256106ms)
✔ radial cache rejects legacy as coverage (0.257157ms)
✔ radial cache rejects wrong-patch as coverage (0.350348ms)
✔ radial cache rejects wrong-version as coverage (0.323307ms)
✔ positive circle overlap is owned once; identities/evidence dedupe without clipping classifications (10.096945ms)
✔ radial V-DR-02: maxEntries eviction cannot resurrect superseded patch/category authority (1.050132ms)
✔ radial V-DR-02: maxVenues eviction cannot resurrect superseded patch/category authority (3.069696ms)
✔ radial cross-patch/category negative evidence suppresses positives and eviction cannot resurrect them (7.487143ms)
✔ legacy disk authority and patch authority never satisfy or supersede one another (0.643079ms)
✔ TTL/eviction remove proof; radius and semantic changes are scoped; local eligibility strictly clips (8.131398ms)
✔ succeeded-nonempty: core first, then exactly 250ms after a slow successful outer settlement (27.963459ms)
✔ succeeded-empty: core first, then exactly 250ms after a slow successful outer settlement (19.929027ms)
✔ outer start floor with 0ms latency survives repeated compatible updates (12.169208ms)
✔ outer start floor with 100ms latency survives repeated compatible updates (16.782851ms)
✔ outer start floor with 749ms latency survives repeated compatible updates (13.302636ms)
✔ outer start floor with 750ms latency survives repeated compatible updates (16.877714ms)
✔ outer start floor with 900ms latency survives repeated compatible updates (18.37454ms)
✔ failed: outer degradation retains 1000ms settlement delay, even on explicit retry (10.735307ms)
✔ throw: outer degradation retains 1000ms settlement delay, even on explicit retry (9.55589ms)
✔ partial: outer degradation retains 1000ms settlement delay, even on explicit retry (24.582774ms)
✔ explicit retry of older missing work honors the most recent successful outer start (12.603973ms)
✔ dispose clears a pending success timer (7.436677ms)
✔ shrink clears a pending success timer (4.043594ms)
✔ radius shrink cancels outer work; immediate re-expansion is spaced and ignores late settlement (5.433789ms)
✔ generation replacement rejects late abort-ignoring outer response and remains serial (18.634171ms)
✔ incomplete core blocks expansion with no automatic retry loop (4.679542ms)
✔ three consecutive degraded outer patches pause without retrying attempted work (21.296022ms)
✔ 32-start cap also blocks newly requested categories after a complete successful-empty pass (85.84894ms)
✔ synthetic 6-second cold pass measures 199750ms; baseline model is 223000ms (93.404104ms)
✔ radial IDs and geometry are deterministic; larger plans preserve the exact inner prefix (2.832398ms)
✔ radial partition has no sampled holes or double owners at 37.176447,-94.310223 (114.658603ms)
✔ radial partition has no sampled holes or double owners at 0,179.99 (80.740651ms)
✔ radial partition has no sampled holes or double owners at 80,-179.99 (96.589038ms)
✔ radial partition has no sampled holes or double owners at -80,30 (87.551795ms)
✔ every sector corner fits its bounded circle; no patch approaches a 50-mile monolith (0.469638ms)
✔ exact poles have a deterministic bearing frame and complete bounded coverage (4.277005ms)
✔ out-of-radius points have no logical owner and overlap maps to only one patch (0.368426ms)
✔ server resolves only enumerated patch IDs and rejects arbitrary geometry and hostile inputs (0.810561ms)
✔ continuous coverage requires every inner patch and requested category; outer success cannot fill a gap (5.296932ms)
✔ eviction/removal of a required proof makes continuous coverage incomplete; smaller maximum clips the claim (0.435877ms)
✔ actual patch RPC derives bounded geometry on the server and clips overlapping positive rows (18.74014ms)
✔ patch RPC rejects geometry/query injection, unknown IDs, and unauthorized outer patches before fetch (2.390122ms)
✔ patch group valid-empty remains authoritative and is not saved fallback (1.415493ms)
✔ patch provider cancellation forwards request signal, aborts attempts and stops hedges (177.993861ms)
✔ actual UI: core completes first, actions enable before maximum coverage and outer work continues serially (425.223717ms)
✔ actual UI: open ResultOverlay stays stable when outer venues arrive; next action uses fresh pool (22.158341ms)
✔ actual UI: open OptionsOverlay stays stable when outer venues arrive; next action uses fresh pool (20.832803ms)
✔ actual UI: open DateNightPlanOverlay stays stable when outer venues arrive; next action uses fresh pool (30.50583ms)
✔ middle failure leaves a truthful gap, retains nearby picks, and retry targets only the failed sector (50.235332ms)
✔ outermost failure preserves complete 0–40 and no failure triggers runaway auto-retry (684.953098ms)
✔ three consecutive degraded outer patches stop the bounded pass and preserve inner results (19.822861ms)
✔ 15→50 schedules only missing outer work; decreasing cancels obsolete work without refetch or late admission (18.822765ms)
✔ shrinking while core is in flight retains the necessary core request and strictly clips future venues (7.335094ms)
✔ all local-only filters cause zero RPCs and do not cancel background expansion (14.408673ms)
✔ location changes invalidate incompatible coverage and late outer responses cannot mutate new origin (9.415529ms)
✔ all-stall core settles by watchdog, does not expand, and explicit retry reacquires only core (8.775374ms)
✔ saved core fallback remains usable and exposes an explicit missing-area retry without false coverage (9.199023ms)
✔ dinner: success settles active UI and clears watchdog before deadline (298.155993ms)
✔ dinner: fallback settles active UI and clears watchdog before deadline (6.126752ms)
✔ dinner: error settles active UI and clears watchdog before deadline (3.862971ms)
✔ dinner: AbortError settles active UI and clears watchdog before deadline (4.246054ms)
✔ dinner: never-settling/abort-ignoring RPC exits loading at 25s (4.34276ms)
✔ dinner: abort-compliant RPC exits loading at 25s (4.469936ms)
✔ dinner: late post-timeout success cannot overwrite timeout or a successful retry (7.068001ms)
✔ dinner: late post-timeout rejection cannot overwrite timeout or a successful retry (6.580366ms)
✔ dinner: replacement aborts old success; old settles first (7.734526ms)
✔ dinner: replacement aborts old success; new settles first (9.723182ms)
✔ dinner: replacement aborts old rejection; old settles first (18.029599ms)
✔ dinner: replacement aborts old rejection; new settles first (7.110435ms)
✔ dinner: unmount aborts/cleans up; success cannot write after unmount (4.521434ms)
✔ dinner: unmount aborts/cleans up; rejection cannot write after unmount (7.068967ms)
✔ dinner: unmount aborts/cleans up; pending cannot write after unmount (6.041073ms)
✔ dinner: radius update cancels obsolete transport or retains still-needed core; normal selection works (14.809507ms)
✔ dinner: timeout then retry success remains current when the first RPC finally resolves (7.765292ms)
✔ date-night: success settles active UI and clears watchdog before deadline (138.109097ms)
✔ date-night: fallback settles active UI and clears watchdog before deadline (3.550941ms)
✔ date-night: error settles active UI and clears watchdog before deadline (2.788092ms)
✔ date-night: AbortError settles active UI and clears watchdog before deadline (4.663758ms)
✔ date-night: never-settling/abort-ignoring RPC exits loading at 25s (2.853821ms)
✔ date-night: abort-compliant RPC exits loading at 25s (3.292021ms)
✔ date-night: late post-timeout success cannot overwrite timeout or a successful retry (8.681783ms)
✔ date-night: late post-timeout rejection cannot overwrite timeout or a successful retry (13.070687ms)
✔ date-night: replacement aborts old success; old settles first (4.736127ms)
✔ date-night: replacement aborts old success; new settles first (3.09874ms)
✔ date-night: replacement aborts old rejection; old settles first (8.12264ms)
✔ date-night: replacement aborts old rejection; new settles first (15.801101ms)
✔ date-night: unmount aborts/cleans up; success cannot write after unmount (7.042323ms)
✔ date-night: unmount aborts/cleans up; rejection cannot write after unmount (6.097399ms)
✔ date-night: unmount aborts/cleans up; pending cannot write after unmount (5.879671ms)
✔ date-night: radius update cancels obsolete transport or retains still-needed core; normal selection works (35.504048ms)
✔ date-night: timeout then retry success remains current when the first RPC finally resolves (8.322582ms)
✔ nightlife: success settles active UI and clears watchdog before deadline (57.572217ms)
✔ nightlife: fallback settles active UI and clears watchdog before deadline (2.893991ms)
✔ nightlife: error settles active UI and clears watchdog before deadline (2.018101ms)
✔ nightlife: AbortError settles active UI and clears watchdog before deadline (1.464167ms)
✔ nightlife: never-settling/abort-ignoring RPC exits loading at 25s (5.225474ms)
✔ nightlife: abort-compliant RPC exits loading at 25s (2.305744ms)
✔ nightlife: late post-timeout success cannot overwrite timeout or a successful retry (2.754991ms)
✔ nightlife: late post-timeout rejection cannot overwrite timeout or a successful retry (2.566668ms)
✔ nightlife: replacement aborts old success; old settles first (3.296688ms)
✔ nightlife: replacement aborts old success; new settles first (2.599527ms)
✔ nightlife: replacement aborts old rejection; old settles first (2.720961ms)
✔ nightlife: replacement aborts old rejection; new settles first (2.809614ms)
✔ nightlife: unmount aborts/cleans up; success cannot write after unmount (2.229089ms)
✔ nightlife: unmount aborts/cleans up; rejection cannot write after unmount (2.045062ms)
✔ nightlife: unmount aborts/cleans up; pending cannot write after unmount (2.202138ms)
✔ nightlife: radius update cancels obsolete transport or retains still-needed core; normal selection works (3.590991ms)
✔ nightlife: timeout then retry success remains current when the first RPC finally resolves (2.238844ms)
✔ Date Night: seasonal dependency replacement aborts the previous request (4.131777ms)
✔ pinned TanStack RPC forwards the exact controller signal to fetch and settles on abort (43.443176ms)
✔ shared lifecycle also settles synchronous RPC throws without leaving a watchdog (4.904962ms)
✔ dinner: headers stalls settle fallback within the provider bound (27.592981ms)
✔ dinner: headers stalls settle error within the provider bound (1.30767ms)
✔ dinner: body stalls settle fallback within the provider bound (11.130803ms)
✔ dinner: body stalls settle error within the provider bound (1.086818ms)
✔ dinner: first stall then second success returns at 8s and clears timers (4.951241ms)
✔ dinner: immediate 429 advances without delay; saved coverage and terminal error preserved (9.326665ms)
✔ dinner: immediate 500 advances without delay; saved coverage and terminal error preserved (8.652519ms)
✔ dinner: immediate 504 advances without delay; saved coverage and terminal error preserved (18.149109ms)
✔ dinner: immediate missing-elements advances without delay; saved coverage and terminal error preserved (10.612682ms)
✔ dinner: immediate remark advances without delay; saved coverage and terminal error preserved (22.68139ms)
✔ dinner: immediate invalid-json advances without delay; saved coverage and terminal error preserved (19.592375ms)
✔ dinner: valid empty results retain mode-specific mirror and source semantics (2.950146ms)
✔ dinner: normal first success is quiet, abort errors categorized, raw exceptions never logged (11.368802ms)
✔ date-night: headers stalls settle fallback within the provider bound (166.260345ms)
✔ date-night: headers stalls settle error within the provider bound (1.161951ms)
✔ date-night: body stalls settle fallback within the provider bound (1.257845ms)
✔ date-night: body stalls settle error within the provider bound (1.555284ms)
✔ date-night: first stall then second success returns at 1.5s and clears timers (2.343581ms)
✔ date-night: immediate 429 advances without delay; saved coverage and terminal error preserved (1.816457ms)
✔ date-night: immediate 500 advances without delay; saved coverage and terminal error preserved (1.057323ms)
✔ date-night: immediate 504 advances without delay; saved coverage and terminal error preserved (1.286689ms)
✔ date-night: immediate missing-elements advances without delay; saved coverage and terminal error preserved (1.68552ms)
✔ date-night: immediate remark advances without delay; saved coverage and terminal error preserved (2.020945ms)
✔ date-night: immediate invalid-json advances without delay; saved coverage and terminal error preserved (1.773883ms)
✔ date-night: valid empty results retain mode-specific mirror and source semantics (0.839916ms)
✔ date-night: normal first success is quiet, abort errors categorized, raw exceptions never logged (1.429625ms)
✔ nightlife: headers stalls settle fallback within the provider bound (2.191021ms)
✔ nightlife: headers stalls settle error within the provider bound (1.084043ms)
✔ nightlife: body stalls settle fallback within the provider bound (0.694286ms)
✔ nightlife: body stalls settle error within the provider bound (0.671562ms)
✔ nightlife: first stall then second success returns at 8s and clears timers (1.430706ms)
✔ nightlife: immediate 429 advances without delay; saved coverage and terminal error preserved (0.979626ms)
✔ nightlife: immediate 500 advances without delay; saved coverage and terminal error preserved (0.803822ms)
✔ nightlife: immediate 504 advances without delay; saved coverage and terminal error preserved (0.779334ms)
✔ nightlife: immediate missing-elements advances without delay; saved coverage and terminal error preserved (1.148351ms)
✔ nightlife: immediate remark advances without delay; saved coverage and terminal error preserved (0.966206ms)
✔ nightlife: immediate invalid-json advances without delay; saved coverage and terminal error preserved (1.031835ms)
✔ nightlife: valid empty results retain mode-specific mirror and source semantics (0.393643ms)
✔ nightlife: normal first success is quiet, abort errors categorized, raw exceptions never logged (0.9355ms)
✔ Dinner retains successful-empty precedence when subsequent mirrors exhaust the budget (8.909086ms)
✔ shared provider attempt uses native timer and real fetch body abort (115.768425ms)
✔ Nitro final streaming head: pickforus.app/ (21.243102ms)
✔ Nitro final streaming head: pickforus.app/settings (5.018533ms)
✔ Nitro final streaming head: pickforus.app/history (4.773193ms)
✔ Nitro final streaming head: pickforus.app/favorites (4.960155ms)
✔ Nitro final streaming head: dinner-roulette-chi.vercel.app/ (4.159598ms)
✔ Nitro final streaming head: dinner-roulette-chi.vercel.app/settings (3.72292ms)
✔ Nitro final streaming head: dinner-roulette-chi.vercel.app/history (2.365565ms)
✔ Nitro final streaming head: dinner-roulette-chi.vercel.app/favorites (2.983386ms)
✔ Nitro final streaming head: dinner-roulette-candidate-minions.vercel.app/ (10.768548ms)
✔ Nitro final streaming head: dinner-roulette-candidate-minions.vercel.app/settings (8.798849ms)
✔ Nitro final streaming head: dinner-roulette-candidate-minions.vercel.app/history (5.934473ms)
✔ Nitro final streaming head: dinner-roulette-candidate-minions.vercel.app/favorites (4.608685ms)
✔ canonical authority ignores stale public-host env and strips query/hash/trailing slash (1.304425ms)
✔ unknown/system/local hosts cannot become indexable canonical origins (0.885133ms)
✔ Nitro compatibility manifests match static public manifest without a workspace filesystem (4.027449ms)
✔ Nitro install tutorial has coherent identity, relative app link and noindex (1.337466ms)
✔ Nitro preserves non-document, non-GET and encoded responses (0.582408ms)
✔ Vite dev final response and installation endpoints (185.907712ms)
✔ Vite preview final response and installation endpoints (72.746464ms)
✔ injects before </head> (2.144862ms)
✔ injects the extensions script without a project id (0.337238ms)
✔ injects project id on the script and meta when provided (1.203253ms)
✔ does not duplicate grok:app_id (0.644041ms)
✔ omits x:creator tags without both creator values (0.692614ms)
✔ injects x:creator tags when both creator values are set (0.269306ms)
✔ escapes x:creator values (0.14615ms)
✔ does not duplicate x:creator tags (0.448165ms)
✔ platform chrome overwrites share-card metas and always sets og:title (0.398291ms)
✔ does not duplicate twitter:card or og:title (0.3585ms)
✔ a baked site.image is treated as a custom card (0.588757ms)
✔ baked identity does not need a workspace filesystem (0.293893ms)
✔ a public card file wins over a baked site without card=custom (0.386212ms)
✔ public/og.png wins when jpg is absent (0.2589ms)
✔ resolveOgCardAsset: disk file, then bake, then empty (placeholder) (0.318069ms)
✔ snapshotOgIdentity stamps card=custom from a public card file (0.251609ms)
✔ snapshotOgIdentity stamps banner from public/x-banner.jpg (0.27883ms)
✔ emits x:game:image for a public host when site.banner is set (0.183727ms)
✔ does not emit x:game:image without a public host or banner (0.20549ms)
✔ site title Grok App is a real name, not a sentinel (0.240021ms)
✔ published grok.me slug is still a title fallback (0.266582ms)
✔ rejects Vercel system hosts as og:image origins (0.114953ms)
✔ published VITE_PUBLIC_HOSTNAME wins over request Host for og:image (0.228264ms)
✔ vercel Host without a public hostname emits no og:image (0.133872ms)
✔ emits og:image for a public host and prefers a custom card (0.228364ms)
✔ placeholder og:image appends site.color when it is 6-digit hex (0.264489ms)
✔ document title entities are not double-escaped on og:title (0.160251ms)
✔ site.json title wins over the host slug (0.123346ms)
✔ injects into documents with no head element (0.221414ms)
✔ streaming injector matches </HEAD> case-insensitively (0.416819ms)
✔ does not duplicate the extensions script (2.470653ms)
✔ is idempotent (0.878123ms)
✔ uses the app name in the injected title tag (0.171168ms)
✔ streaming injector handles </head> split across chunks (0.351149ms)
✔ streaming injector passes post-head chunks through untouched (2.933671ms)
✔ streaming injector falls back when no </head> is seen (0.224138ms)
✔ detects install query (0.203697ms)
✔ filters non-document paths (0.422277ms)
✔ strips install params from the app link (0.129004ms)
✔ uses product identity as the host-name fallback (0.077026ms)
✔ rejects hosts that are not plain slugs (0.054492ms)
✔ renders install page markup (0.205039ms)
✔ escapes host-derived values in the install page (0.116296ms)
✔ renders the compatibility manifest with the product identity (0.189616ms)
✔ vite config keeps the nitro serverDir wiring (0.148524ms)
✔ nitro middleware and its bundled assets exist (0.572092ms)
✔ vite plugin bakes og identity as a virtual module (0.13916ms)
✔ live favicon metadata uses the approved PNG with MIME and size (0.968299ms)
✔ public manifest has the exact unified PNG icon set (0.665633ms)
[discovery] provider-chain {
  mode: 'dinner',
  source: 'live',
  durationMs: 2,
  budgetExhausted: false,
  attempts: [
    { mirror: 1, durationMs: 0, outcome: 'empty' },
    { mirror: 2, durationMs: 0, outcome: 'empty' },
    { mirror: 3, durationMs: 0, outcome: 'empty' },
    { mirror: 4, durationMs: 0, outcome: 'empty' }
  ]
}
[discovery] provider-chain {
  mode: 'dinner',
  source: 'error',
  durationMs: 2,
  budgetExhausted: false,
  attempts: [
    { mirror: 1, durationMs: 1, outcome: 'malformed' },
    { mirror: 2, durationMs: 0, outcome: 'malformed' },
    { mirror: 3, durationMs: 0, outcome: 'malformed' },
    { mirror: 4, durationMs: 0, outcome: 'malformed' }
  ]
}
[discovery] provider-chain {
  mode: 'dinner',
  source: 'error',
  durationMs: 1,
  budgetExhausted: false,
  attempts: [
    { mirror: 1, durationMs: 0, outcome: 'malformed' },
    { mirror: 2, durationMs: 0, outcome: 'malformed' },
    { mirror: 3, durationMs: 0, outcome: 'malformed' },
    { mirror: 4, durationMs: 0, outcome: 'malformed' }
  ]
}
[discovery] provider-chain {
  mode: 'dinner',
  source: 'error',
  durationMs: 0,
  budgetExhausted: false,
  attempts: [
    { mirror: 1, durationMs: 0, outcome: 'network-error' },
    { mirror: 2, durationMs: 0, outcome: 'network-error' },
    { mirror: 3, durationMs: 0, outcome: 'network-error' },
    { mirror: 4, durationMs: 0, outcome: 'network-error' }
  ]
}
[discovery] provider-chain {
  mode: 'dinner',
  source: 'fallback',
  durationMs: 0,
  budgetExhausted: false,
  attempts: [
    { mirror: 1, durationMs: 0, outcome: 'network-error' },
    { mirror: 2, durationMs: 0, outcome: 'network-error' },
    { mirror: 3, durationMs: 0, outcome: 'network-error' },
    { mirror: 4, durationMs: 0, outcome: 'network-error' }
  ]
}
[discovery] provider-chain {
  mode: 'nightlife',
  source: 'live',
  durationMs: 0,
  budgetExhausted: false,
  attempts: [ { mirror: 1, durationMs: 0, outcome: 'empty' } ]
}
[discovery] provider-chain {
  mode: 'nightlife',
  source: 'error',
  durationMs: 1,
  budgetExhausted: false,
  attempts: [
    { mirror: 1, durationMs: 0, outcome: 'malformed' },
    { mirror: 2, durationMs: 0, outcome: 'malformed' },
    { mirror: 3, durationMs: 0, outcome: 'malformed' },
    { mirror: 4, durationMs: 0, outcome: 'malformed' }
  ]
}
[discovery] provider-chain {
  mode: 'nightlife',
  source: 'error',
  durationMs: 1,
  budgetExhausted: false,
  attempts: [
    { mirror: 1, durationMs: 0, outcome: 'malformed' },
    { mirror: 2, durationMs: 0, outcome: 'malformed' },
    { mirror: 3, durationMs: 0, outcome: 'malformed' },
    { mirror: 4, durationMs: 0, outcome: 'malformed' }
  ]
}
[discovery] provider-chain {
  mode: 'nightlife',
  source: 'error',
  durationMs: 0,
  budgetExhausted: false,
  attempts: [
    { mirror: 1, durationMs: 0, outcome: 'network-error' },
    { mirror: 2, durationMs: 0, outcome: 'network-error' },
    { mirror: 3, durationMs: 0, outcome: 'network-error' },
    { mirror: 4, durationMs: 0, outcome: 'network-error' }
  ]
}
[discovery] provider-chain {
  mode: 'nightlife',
  source: 'fallback',
  durationMs: 0,
  budgetExhausted: false,
  attempts: [
    { mirror: 1, durationMs: 0, outcome: 'network-error' },
    { mirror: 2, durationMs: 0, outcome: 'network-error' },
    { mirror: 3, durationMs: 0, outcome: 'network-error' },
    { mirror: 4, durationMs: 0, outcome: 'network-error' }
  ]
}
[discovery] provider-chain {
  mode: 'date-night',
  strategy: 'hedged',
  source: 'live',
  durationMs: 1,
  budgetExhausted: false,
  requestedGroups: 3,
  successfulGroups: 3,
  failedGroups: 0,
  partial: false,
  groups: [
    {
      group: 'entertainment',
      outcome: 'empty',
      durationMs: 1,
      winnerMirror: 1
    },
    {
      group: 'culture',
      outcome: 'empty',
      durationMs: 1,
      winnerMirror: 1
    },
    {
      group: 'outdoor',
      outcome: 'empty',
      durationMs: 0,
      winnerMirror: 1
    }
  ],
  attempts: [
    {
      group: 'culture',
      mirror: 1,
      hedgeOffsetMs: 0,
      durationMs: 1,
      outcome: 'empty'
    },
    {
      group: 'entertainment',
      mirror: 1,
      hedgeOffsetMs: 0,
      durationMs: 1,
      outcome: 'empty'
    },
    {
      group: 'outdoor',
      mirror: 1,
      hedgeOffsetMs: 0,
      durationMs: 0,
      outcome: 'empty'
    }
  ]
}
[discovery] provider-chain {
  mode: 'date-night',
  strategy: 'hedged',
  source: 'error',
  durationMs: 2,
  budgetExhausted: false,
  requestedGroups: 3,
  successfulGroups: 0,
  failedGroups: 3,
  partial: false,
  groups: [
    { group: 'entertainment', outcome: 'failed', durationMs: 2 },
    { group: 'culture', outcome: 'failed', durationMs: 2 },
    { group: 'outdoor', outcome: 'failed', durationMs: 2 }
  ],
  attempts: [
    {
      group: 'culture',
      mirror: 1,
      hedgeOffsetMs: 0,
      durationMs: 1,
      outcome: 'malformed'
    },
    {
      group: 'culture',
      mirror: 2,
      hedgeOffsetMs: 1,
      durationMs: 0,
      outcome: 'malformed'
    },
    {
      group: 'culture',
      mirror: 3,
      hedgeOffsetMs: 1,
      durationMs: 0,
      outcome: 'malformed'
    },
    {
      group: 'culture',
      mirror: 4,
      hedgeOffsetMs: 1,
      durationMs: 0,
      outcome: 'malformed'
    },
    {
      group: 'entertainment',
      mirror: 1,
      hedgeOffsetMs: 0,
      durationMs: 1,
      outcome: 'malformed'
    },
    {
      group: 'entertainment',
      mirror: 2,
      hedgeOffsetMs: 1,
      durationMs: 0,
      outcome: 'malformed'
    },
    {
      group: 'entertainment',
      mirror: 3,
      hedgeOffsetMs: 1,
      durationMs: 0,
      outcome: 'malformed'
    },
    {
      group: 'entertainment',
      mirror: 4,
      hedgeOffsetMs: 2,
      durationMs: 0,
      outcome: 'malformed'
    },
    {
      group: 'outdoor',
      mirror: 1,
      hedgeOffsetMs: 0,
      durationMs: 1,
      outcome: 'malformed'
    },
    {
      group: 'outdoor',
      mirror: 2,
      hedgeOffsetMs: 1,
      durationMs: 0,
      outcome: 'malformed'
    },
    {
      group: 'outdoor',
      mirror: 3,
      hedgeOffsetMs: 1,
      durationMs: 0,
      outcome: 'malformed'
    },
    {
      group: 'outdoor',
      mirror: 4,
      hedgeOffsetMs: 1,
      durationMs: 0,
      outcome: 'malformed'
    }
  ]
}
[discovery] provider-chain {
  mode: 'date-night',
  strategy: 'hedged',
  source: 'error',
  durationMs: 2,
  budgetExhausted: false,
  requestedGroups: 3,
  successfulGroups: 0,
  failedGroups: 3,
  partial: false,
  groups: [
    { group: 'entertainment', outcome: 'failed', durationMs: 2 },
    { group: 'culture', outcome: 'failed', durationMs: 2 },
    { group: 'outdoor', outcome: 'failed', durationMs: 2 }
  ],
  attempts: [
    {
      group: 'culture',
      mirror: 1,
      hedgeOffsetMs: 0,
      durationMs: 0,
      outcome: 'malformed'
    },
    {
      group: 'culture',
      mirror: 2,
      hedgeOffsetMs: 0,
      durationMs: 0,
      outcome: 'malformed'
    },
    {
      group: 'culture',
      mirror: 3,
      hedgeOffsetMs: 1,
      durationMs: 0,
      outcome: 'malformed'
    },
    {
      group: 'culture',
      mirror: 4,
      hedgeOffsetMs: 1,
      durationMs: 0,
      outcome: 'malformed'
    },
    {
      group: 'entertainment',
      mirror: 1,
      hedgeOffsetMs: 0,
      durationMs: 0,
      outcome: 'malformed'
    },
    {
      group: 'entertainment',
      mirror: 2,
      hedgeOffsetMs: 1,
      durationMs: 0,
      outcome: 'malformed'
    },
    {
      group: 'entertainment',
      mirror: 3,
      hedgeOffsetMs: 1,
      durationMs: 0,
      outcome: 'malformed'
    },
    {
      group: 'entertainment',
      mirror: 4,
      hedgeOffsetMs: 1,
      durationMs: 0,
      outcome: 'malformed'
    },
    {
      group: 'outdoor',
      mirror: 1,
      hedgeOffsetMs: 0,
      durationMs: 0,
      outcome: 'malformed'
    },
    {
      group: 'outdoor',
      mirror: 2,
      hedgeOffsetMs: 0,
      durationMs: 0,
      outcome: 'malformed'
    },
    {
      group: 'outdoor',
      mirror: 3,
      hedgeOffsetMs: 1,
      durationMs: 0,
      outcome: 'malformed'
    },
    {
      group: 'outdoor',
      mirror: 4,
      hedgeOffsetMs: 1,
      durationMs: 0,
      outcome: 'malformed'
    }
  ]
}
[discovery] provider-chain {
  mode: 'date-night',
  strategy: 'hedged',
  source: 'error',
  durationMs: 1,
  budgetExhausted: false,
  requestedGroups: 3,
  successfulGroups: 0,
  failedGroups: 3,
  partial: false,
  groups: [
    { group: 'entertainment', outcome: 'failed', durationMs: 1 },
    { group: 'culture', outcome: 'failed', durationMs: 1 },
    { group: 'outdoor', outcome: 'failed', durationMs: 1 }
  ],
  attempts: [
    {
      group: 'culture',
      mirror: 1,
      hedgeOffsetMs: 0,
      durationMs: 0,
      outcome: 'network-error'
    },
    {
      group: 'culture',
      mirror: 2,
      hedgeOffsetMs: 0,
      durationMs: 0,
      outcome: 'network-error'
    },
    {
      group: 'culture',
      mirror: 3,
      hedgeOffsetMs: 0,
      durationMs: 0,
      outcome: 'network-error'
    },
    {
      group: 'culture',
      mirror: 4,
      hedgeOffsetMs: 1,
      durationMs: 0,
      outcome: 'network-error'
    },
    {
      group: 'entertainment',
      mirror: 1,
      hedgeOffsetMs: 0,
      durationMs: 0,
      outcome: 'network-error'
    },
    {
      group: 'entertainment',
      mirror: 2,
      hedgeOffsetMs: 0,
      durationMs: 0,
      outcome: 'network-error'
    },
    {
      group: 'entertainment',
      mirror: 3,
      hedgeOffsetMs: 1,
      durationMs: 0,
      outcome: 'network-error'
    },
    {
      group: 'entertainment',
      mirror: 4,
      hedgeOffsetMs: 1,
      durationMs: 0,
      outcome: 'network-error'
    },
    {
      group: 'outdoor',
      mirror: 1,
      hedgeOffsetMs: 0,
      durationMs: 0,
      outcome: 'network-error'
    },
    {
      group: 'outdoor',
      mirror: 2,
      hedgeOffsetMs: 0,
      durationMs: 0,
      outcome: 'network-error'
    },
    {
      group: 'outdoor',
      mirror: 3,
      hedgeOffsetMs: 0,
      durationMs: 0,
      outcome: 'network-error'
    },
    {
      group: 'outdoor',
      mirror: 4,
      hedgeOffsetMs: 0,
      durationMs: 0,
      outcome: 'network-error'
    }
  ]
}
[discovery] provider-chain {
  mode: 'date-night',
  strategy: 'hedged',
  source: 'fallback',
  durationMs: 1,
  budgetExhausted: false,
  requestedGroups: 3,
  successfulGroups: 0,
  failedGroups: 3,
  partial: false,
  groups: [
    { group: 'entertainment', outcome: 'failed', durationMs: 1 },
    { group: 'culture', outcome: 'failed', durationMs: 0 },
    { group: 'outdoor', outcome: 'failed', durationMs: 0 }
  ],
  attempts: [
    {
      group: 'culture',
      mirror: 1,
      hedgeOffsetMs: 0,
      durationMs: 0,
      outcome: 'network-error'
    },
    {
      group: 'culture',
      mirror: 2,
      hedgeOffsetMs: 0,
      durationMs: 0,
      outcome: 'network-error'
    },
    {
      group: 'culture',
      mirror: 3,
      hedgeOffsetMs: 0,
      durationMs: 0,
      outcome: 'network-error'
    },
    {
      group: 'culture',
      mirror: 4,
      hedgeOffsetMs: 0,
      durationMs: 0,
      outcome: 'network-error'
    },
    {
      group: 'entertainment',
      mirror: 1,
      hedgeOffsetMs: 0,
      durationMs: 0,
      outcome: 'network-error'
    },
    {
      group: 'entertainment',
      mirror: 2,
      hedgeOffsetMs: 0,
      durationMs: 0,
      outcome: 'network-error'
    },
    {
      group: 'entertainment',
      mirror: 3,
      hedgeOffsetMs: 0,
      durationMs: 0,
      outcome: 'network-error'
    },
    {
      group: 'entertainment',
      mirror: 4,
      hedgeOffsetMs: 0,
      durationMs: 0,
      outcome: 'network-error'
    },
    {
      group: 'outdoor',
      mirror: 1,
      hedgeOffsetMs: 0,
      durationMs: 0,
      outcome: 'network-error'
    },
    {
      group: 'outdoor',
      mirror: 2,
      hedgeOffsetMs: 0,
      durationMs: 0,
      outcome: 'network-error'
    },
    {
      group: 'outdoor',
      mirror: 3,
      hedgeOffsetMs: 0,
      durationMs: 0,
      outcome: 'network-error'
    },
    {
      group: 'outdoor',
      mirror: 4,
      hedgeOffsetMs: 0,
      durationMs: 0,
      outcome: 'network-error'
    }
  ]
}
[discovery] provider-chain {
  mode: 'nightlife',
  source: 'merged',
  durationMs: 0,
  budgetExhausted: false,
  attempts: [ { mirror: 1, durationMs: 0, outcome: 'empty' } ]
}
[discovery] provider-chain {
  mode: 'date-night',
  strategy: 'hedged',
  source: 'merged',
  durationMs: 1,
  budgetExhausted: false,
  requestedGroups: 3,
  successfulGroups: 3,
  failedGroups: 0,
  partial: false,
  groups: [
    {
      group: 'entertainment',
      outcome: 'empty',
      durationMs: 0,
      winnerMirror: 1
    },
    {
      group: 'culture',
      outcome: 'empty',
      durationMs: 0,
      winnerMirror: 1
    },
    {
      group: 'outdoor',
      outcome: 'empty',
      durationMs: 0,
      winnerMirror: 1
    }
  ],
  attempts: [
    {
      group: 'culture',
      mirror: 1,
      hedgeOffsetMs: 0,
      durationMs: 0,
      outcome: 'empty'
    },
    {
      group: 'entertainment',
      mirror: 1,
      hedgeOffsetMs: 0,
      durationMs: 0,
      outcome: 'empty'
    },
    {
      group: 'outdoor',
      mirror: 1,
      hedgeOffsetMs: 0,
      durationMs: 0,
      outcome: 'empty'
    }
  ]
}
✔ restaurants: six locations reach the real coordinate query and normalize local results (17.880484ms)
✔ restaurants: valid empty areas, all-mirror outage, and coordinate validation remain distinct (37.996028ms)
✔ nightlife and casinos: six locations reach the real coordinate query and normalize local results (8.300549ms)
✔ nightlife and casinos: valid empty areas, all-mirror outage, and coordinate validation remain distinct (5.740731ms)
✔ date night: six locations reach the real coordinate query and normalize local results (23.235445ms)
✔ date night: valid empty areas, all-mirror outage, and coordinate validation remain distinct (13.111899ms)
✔ restaurant distance, cuisine and price filters behave with Canadian results (1.455123ms)
✔ local closure exclusions do not hide same-named international businesses (5.123631ms)
✔ Maps destinations preserve exact Canadian/U.S. points and encode legacy international addresses (0.440994ms)
✔ stored legacy U.S. locations and country metadata survive hydration; corrupt coordinates fall back (60.666872ms)
✔ spatial restaurant dedupe exactly preserves name rules, source priority, ordering and radius boundaries (8.18231ms)
✔ spatial restaurant candidates preserve duplicates across the antimeridian and near both poles (0.390338ms)
✔ dense international pools preserve thousands of distinct restaurants and duplicate identities (144.641447ms)
✔ _migrations keys on basename, not path (1.239738ms)
✔ a file already applied from another directory does not re-apply (0.971093ms)
✔ pending migrations are returned in name order (8.355091ms)
✔ non-.sql entries are dropped (readdir also yields the auth/ directory) (0.235024ms)
✔ the auth schema ships outside the globbed directory (0.476768ms)
✔ this workspace's auth schema copy is byte-identical to its source (0.27216ms)
✔ the copy check reads both files and catches an edit (0.944213ms)
✔ absent external workspace package gets an explicit skip reason (1.074709ms)
✔ installed documentation contracts are not skipped (0.239932ms)
✔ required documentation cannot be skipped even when absent (0.226852ms)
✔ parsePreviewArgs accepts the two actions (1.415493ms)
✔ parsePreviewArgs rejects missing, unknown and extra arguments (0.209516ms)
✔ parsePid reads a pidfile and rejects junk (0.195365ms)
✔ parsePgid reads the pgrp field past a comm containing spaces (0.204368ms)
✔ parseListenerInodes picks LISTEN sockets on the wanted port only (0.286281ms)
✔ parseListenerInodes reads the tcp6 dump the same way (0.162405ms)
✔ looksLikePreviewProcess matches the npm wrapper and its vite child (0.357589ms)
✔ looksLikePreviewProcess spares the sibling scripts and re-used pids (0.157337ms)
✔ previewOwners trusts port owners and dedupes the pidfile pid (0.171729ms)
✔ previewOwners adds a pidfile pid whose command line is still the preview (0.192781ms)
✔ previewOwners drops a stale pidfile pid re-used by another process (0.160312ms)
✔ previewOwners drops a pidfile pid that no longer exists (0.129035ms)
✔ previewOwners on a free port with no pidfile signals nothing (3.346774ms)
✔ stopOutcome fails when a pid survives or the port is still held (0.173091ms)
✔ stopOutcome reports a verified free port (0.164308ms)
✔ stopOutcome fails on a listener whose owner cannot be attributed (1.317977ms)
✔ terminatePids SIGTERMs live pids and skips dead ones (0.327043ms)
✔ terminatePids escalates to SIGKILL when SIGTERM is ignored (1.463174ms)
✔ terminatePids reports a pid that survives SIGKILL as stubborn (0.294464ms)
✔ terminatePids on a free port signals nothing (0.09976ms)
✔ light Dinner artwork retains the visually correct cuisine in its own asset pack (0.837332ms)
✔ dark Dinner artwork preserves the accepted visually verified mapping (0.342687ms)
✔ specific Dinner cuisines outrank broad provider categories without guessing food for generic venues (0.225069ms)
✔ Nightlife result artwork covers all approved categories and preserves Casino precedence (0.201073ms)
[discovery] provider-chain {
  mode: 'date-night',
  strategy: 'hedged',
  source: 'merged',
  durationMs: 2,
  budgetExhausted: false,
  requestedGroups: 4,
  successfulGroups: 4,
  failedGroups: 0,
  partial: false,
  groups: [
    {
      group: 'seasonal',
      outcome: 'empty',
      durationMs: 1,
      winnerMirror: 1
    },
    {
      group: 'entertainment',
      outcome: 'empty',
      durationMs: 1,
      winnerMirror: 1
    },
    {
      group: 'culture',
      outcome: 'empty',
      durationMs: 1,
      winnerMirror: 1
    },
    {
      group: 'outdoor',
      outcome: 'empty',
      durationMs: 1,
      winnerMirror: 1
    }
  ],
  attempts: [
    {
      group: 'culture',
      mirror: 1,
      hedgeOffsetMs: 0,
      durationMs: 1,
      outcome: 'empty'
    },
    {
      group: 'entertainment',
      mirror: 1,
      hedgeOffsetMs: 0,
      durationMs: 1,
      outcome: 'empty'
    },
    {
      group: 'outdoor',
      mirror: 1,
      hedgeOffsetMs: 0,
      durationMs: 1,
      outcome: 'empty'
    },
    {
      group: 'seasonal',
      mirror: 1,
      hedgeOffsetMs: 0,
      durationMs: 1,
      outcome: 'empty'
    }
  ]
}
[discovery] provider-chain {
  mode: 'date-night',
  strategy: 'hedged',
  source: 'fallback',
  durationMs: 1,
  budgetExhausted: false,
  requestedGroups: 1,
  successfulGroups: 0,
  failedGroups: 1,
  partial: false,
  groups: [ { group: 'seasonal', outcome: 'failed', durationMs: 1 } ],
  attempts: [
    {
      group: 'seasonal',
      mirror: 1,
      hedgeOffsetMs: 0,
      durationMs: 0,
      outcome: 'network-error'
    },
    {
      group: 'seasonal',
      mirror: 2,
      hedgeOffsetMs: 0,
      durationMs: 0,
      outcome: 'network-error'
    },
    {
      group: 'seasonal',
      mirror: 3,
      hedgeOffsetMs: 0,
      durationMs: 0,
      outcome: 'network-error'
    },
    {
      group: 'seasonal',
      mirror: 4,
      hedgeOffsetMs: 1,
      durationMs: 0,
      outcome: 'network-error'
    }
  ]
}
[discovery] provider-chain {
  mode: 'date-night',
  strategy: 'hedged',
  source: 'live',
  durationMs: 1,
  budgetExhausted: false,
  requestedGroups: 3,
  successfulGroups: 3,
  failedGroups: 0,
  partial: false,
  groups: [
    {
      group: 'entertainment',
      outcome: 'empty',
      durationMs: 1,
      winnerMirror: 1
    },
    {
      group: 'culture',
      outcome: 'empty',
      durationMs: 1,
      winnerMirror: 1
    },
    {
      group: 'outdoor',
      outcome: 'empty',
      durationMs: 1,
      winnerMirror: 1
    }
  ],
  attempts: [
    {
      group: 'culture',
      mirror: 1,
      hedgeOffsetMs: 0,
      durationMs: 1,
      outcome: 'empty'
    },
    {
      group: 'entertainment',
      mirror: 1,
      hedgeOffsetMs: 0,
      durationMs: 1,
      outcome: 'empty'
    },
    {
      group: 'outdoor',
      mirror: 1,
      hedgeOffsetMs: 0,
      durationMs: 1,
      outcome: 'empty'
    }
  ]
}
✔ Exeter's actual theme-park record is acquired by the real seasonal query and reaches the eligible pool (44.678097ms)
✔ precise activity evidence admits corn, pumpkin and haunted trail without admitting generic places (7.445179ms)
✔ same identity preserves C/P, provenance, stable ID and representative metadata in either provider order (11.100708ms)
✔ structured lifecycle cannot survive eligibility or be resurrected by an active duplicate (3.561107ms)
✔ all availability states share one OFF/ON policy, including expiry and next-year revalidation (2.360007ms)
✔ all seven seasonal selections preserve union and the radius boundary (14.105125ms)
✔ saved-only successful sparse coverage, missing categories and provider outage remain distinct (12.2336ms)
✔ per-category provenance never labels a saved haunt as live because its ordinary park duplicate is live (3.883152ms)
✔ ordinary Date Night and seasonal toggle still work internationally; unknown hours fail strict ON (4.046287ms)
✔ Halloween caution: live loading/settlement retains controls, counts and selections (324.393256ms)
✔ Halloween caution: merged loading/settlement retains controls, counts and selections (215.705904ms)
✔ Halloween caution: fallback loading/settlement retains controls, counts and selections (193.391499ms)
✔ ordinary Date Night caution absent: seasonal toggle off; controls/count/selection remain (149.668875ms)
✔ ordinary Date Night caution absent: outside Halloween season; controls/count/selection remain (182.092225ms)
✔ dinner: Halloween caution remains absent during loading and after settlement (119.898147ms)
✔ nightlife: Halloween caution remains absent during loading and after settlement (13.74127ms)
[discovery] provider-chain {
  mode: 'date-night',
  strategy: 'hedged',
  source: 'merged',
  durationMs: 1,
  budgetExhausted: false,
  requestedGroups: 4,
  successfulGroups: 4,
  failedGroups: 0,
  partial: false,
  groups: [
    {
      group: 'seasonal',
      outcome: 'empty',
      durationMs: 1,
      winnerMirror: 1
    },
    {
      group: 'entertainment',
      outcome: 'empty',
      durationMs: 1,
      winnerMirror: 1
    },
    {
      group: 'culture',
      outcome: 'empty',
      durationMs: 1,
      winnerMirror: 1
    },
    {
      group: 'outdoor',
      outcome: 'empty',
      durationMs: 1,
      winnerMirror: 1
    }
  ],
  attempts: [
    {
      group: 'culture',
      mirror: 1,
      hedgeOffsetMs: 0,
      durationMs: 1,
      outcome: 'empty'
    },
    {
      group: 'entertainment',
      mirror: 1,
      hedgeOffsetMs: 0,
      durationMs: 1,
      outcome: 'empty'
    },
    {
      group: 'outdoor',
      mirror: 1,
      hedgeOffsetMs: 0,
      durationMs: 1,
      outcome: 'empty'
    },
    {
      group: 'seasonal',
      mirror: 1,
      hedgeOffsetMs: 0,
      durationMs: 1,
      outcome: 'empty'
    }
  ]
}
[discovery] provider-chain {
  mode: 'date-night',
  strategy: 'hedged',
  source: 'merged',
  durationMs: 2,
  budgetExhausted: false,
  requestedGroups: 1,
  successfulGroups: 1,
  failedGroups: 0,
  partial: false,
  groups: [
    {
      group: 'seasonal',
      outcome: 'empty',
      durationMs: 2,
      winnerMirror: 1
    }
  ],
  attempts: [
    {
      group: 'seasonal',
      mirror: 1,
      hedgeOffsetMs: 0,
      durationMs: 2,
      outcome: 'empty'
    }
  ]
}
✔ actual component: handler → count/options/pick/plan and all seven category combinations (187.569385ms)
✔ actual component: OFF/ON/OFF, labels, saved-only disclosure, and clock-dependent pool/overlay refresh (124.737131ms)
✔ actual component displays schedule uncertainty distinctly for live weekly-hours-only venues (105.312034ms)
✔ V-F03-01 actual component: not-operating stays excluded before and after revalidation expiry (157.349641ms)
✔ V-F03-01 actual component: an expired negative cannot fill a plan until stored positive evidence replaces it (343.140749ms)
✔ V-F03-01 control: positive calendar expiry remains uncertain OFF and refreshes ON result/options/plan (111.900244ms)
✔ real clock hook refreshes at minute boundaries and focus/visibility resume, then cleans up (7.723009ms)
✔ retained regional provider captures replay through the new handler without generic-maze false positives (6708.427056ms)
✔ envelope omission rejected: contentType (8.40071ms)
✔ envelope explicit undefined rejected: contentType (0.549168ms)
✔ envelope inherited-only field rejected: contentType (0.421305ms)
✔ envelope omission rejected: headerBytes (0.224729ms)
✔ envelope explicit undefined rejected: headerBytes (0.336708ms)
✔ envelope inherited-only field rejected: headerBytes (1.060488ms)
✔ envelope omission rejected: wireBytes (0.269607ms)
✔ envelope explicit undefined rejected: wireBytes (0.423217ms)
✔ envelope inherited-only field rejected: wireBytes (0.308685ms)
✔ envelope omission rejected: decompressedBytes (0.409457ms)
✔ envelope explicit undefined rejected: decompressedBytes (0.199791ms)
✔ envelope inherited-only field rejected: decompressedBytes (0.510239ms)
✔ envelope omission rejected: elapsedMs (0.569969ms)
✔ envelope explicit undefined rejected: elapsedMs (0.202284ms)
✔ envelope inherited-only field rejected: elapsedMs (0.366533ms)
✔ envelope omission rejected: domNodes (0.209576ms)
✔ envelope explicit undefined rejected: domNodes (0.136897ms)
✔ envelope inherited-only field rejected: domNodes (0.123416ms)
✔ envelope omission rejected: depth (0.198139ms)
✔ envelope explicit undefined rejected: depth (0.11974ms)
✔ envelope inherited-only field rejected: depth (0.140131ms)
✔ envelope omission rejected: jsonLdBytes (0.375095ms)
✔ envelope explicit undefined rejected: jsonLdBytes (0.12561ms)
✔ envelope inherited-only field rejected: jsonLdBytes (0.144798ms)
✔ envelope omission rejected: requests (0.114833ms)
✔ envelope explicit undefined rejected: requests (0.147242ms)
✔ envelope inherited-only field rejected: requests (0.1457ms)
✔ envelope non-plain input rejected: null (0.15954ms)
✔ envelope non-plain input rejected: undefined (0.102855ms)
✔ envelope non-plain input rejected: array (0.101433ms)
✔ envelope non-plain input rejected: array with metrics (0.095063ms)
✔ envelope non-plain input rejected: string (0.095133ms)
✔ envelope non-plain input rejected: number (0.09281ms)
✔ envelope non-plain input rejected: boolean (0.102234ms)
✔ envelope non-plain input rejected: function (0.207193ms)
✔ envelope non-plain input rejected: date with metrics (0.127152ms)
✔ envelope non-plain input rejected: inherited envelope (0.107181ms)
✔ envelope invalid numeric NaN: headerBytes (0.151568ms)
✔ envelope invalid numeric NaN: wireBytes (0.104498ms)
✔ envelope invalid numeric NaN: decompressedBytes (0.131738ms)
✔ envelope invalid numeric NaN: elapsedMs (0.108694ms)
✔ envelope invalid numeric NaN: domNodes (0.101032ms)
✔ envelope invalid numeric NaN: depth (0.135334ms)
✔ envelope invalid numeric NaN: jsonLdBytes (0.109645ms)
✔ envelope invalid numeric NaN: requests (0.231038ms)
✔ envelope invalid numeric Infinity: headerBytes (0.140031ms)
✔ envelope invalid numeric Infinity: wireBytes (1.441532ms)
✔ envelope invalid numeric Infinity: decompressedBytes (0.187983ms)
✔ envelope invalid numeric Infinity: elapsedMs (0.143887ms)
✔ envelope invalid numeric Infinity: domNodes (0.409968ms)
✔ envelope invalid numeric Infinity: depth (0.136306ms)
✔ envelope invalid numeric Infinity: jsonLdBytes (0.110026ms)
✔ envelope invalid numeric Infinity: requests (0.119189ms)
✔ envelope invalid numeric negative Infinity: headerBytes (0.103136ms)
✔ envelope invalid numeric negative Infinity: wireBytes (0.097217ms)
✔ envelope invalid numeric negative Infinity: decompressedBytes (0.094703ms)
✔ envelope invalid numeric negative Infinity: elapsedMs (0.094182ms)
✔ envelope invalid numeric negative Infinity: domNodes (0.097777ms)
✔ envelope invalid numeric negative Infinity: depth (0.093251ms)
✔ envelope invalid numeric negative Infinity: jsonLdBytes (0.095324ms)
✔ envelope invalid numeric negative Infinity: requests (0.159521ms)
✔ envelope invalid numeric fraction: headerBytes (0.293433ms)
✔ envelope invalid numeric fraction: wireBytes (0.113631ms)
✔ envelope invalid numeric fraction: decompressedBytes (0.196967ms)
✔ envelope invalid numeric fraction: elapsedMs (0.120311ms)
✔ envelope invalid numeric fraction: domNodes (0.234773ms)
✔ envelope invalid numeric fraction: depth (0.101443ms)
✔ envelope invalid numeric fraction: jsonLdBytes (0.095164ms)
✔ envelope invalid numeric fraction: requests (0.17229ms)
✔ envelope invalid numeric negative: headerBytes (0.11228ms)
✔ envelope invalid numeric negative: wireBytes (0.092829ms)
✔ envelope invalid numeric negative: decompressedBytes (0.164238ms)
✔ envelope invalid numeric negative: elapsedMs (0.107772ms)
✔ envelope invalid numeric negative: domNodes (0.1063ms)
✔ envelope invalid numeric negative: depth (0.094853ms)
✔ envelope invalid numeric negative: jsonLdBytes (0.088093ms)
✔ envelope invalid numeric negative: requests (0.091117ms)
✔ envelope invalid numeric unsafe integer: headerBytes (2.280006ms)
✔ envelope invalid numeric unsafe integer: wireBytes (0.202365ms)
✔ envelope invalid numeric unsafe integer: decompressedBytes (0.104508ms)
✔ envelope invalid numeric unsafe integer: elapsedMs (0.102665ms)
✔ envelope invalid numeric unsafe integer: domNodes (0.090446ms)
✔ envelope invalid numeric unsafe integer: depth (0.08572ms)
✔ envelope invalid numeric unsafe integer: jsonLdBytes (0.085999ms)
✔ envelope invalid numeric unsafe integer: requests (0.140642ms)
✔ envelope invalid numeric string: headerBytes (0.125549ms)
✔ envelope invalid numeric string: wireBytes (0.11963ms)
✔ envelope invalid numeric string: decompressedBytes (0.08645ms)
✔ envelope invalid numeric string: elapsedMs (0.076746ms)
✔ envelope invalid numeric string: domNodes (0.07321ms)
✔ envelope invalid numeric string: depth (0.107251ms)
✔ envelope invalid numeric string: jsonLdBytes (0.075354ms)
✔ envelope invalid numeric string: requests (0.069785ms)
✔ envelope invalid numeric null: headerBytes (0.071207ms)
✔ envelope invalid numeric null: wireBytes (0.068513ms)
✔ envelope invalid numeric null: decompressedBytes (0.068383ms)
✔ envelope invalid numeric null: elapsedMs (0.066821ms)
✔ envelope invalid numeric null: domNodes (0.066841ms)
✔ envelope invalid numeric null: depth (0.161764ms)
✔ envelope invalid numeric null: jsonLdBytes (0.096235ms)
✔ envelope invalid numeric null: requests (0.116946ms)
✔ envelope invalid numeric boolean: headerBytes (0.080661ms)
✔ envelope invalid numeric boolean: wireBytes (0.111298ms)
✔ envelope invalid numeric boolean: decompressedBytes (0.077747ms)
✔ envelope invalid numeric boolean: elapsedMs (0.069575ms)
✔ envelope invalid numeric boolean: domNodes (0.082515ms)
✔ envelope invalid numeric boolean: depth (0.069634ms)
✔ envelope invalid numeric boolean: jsonLdBytes (0.07249ms)
✔ envelope invalid numeric boolean: requests (0.069805ms)
✔ envelope invalid numeric bigint: headerBytes (0.102504ms)
✔ envelope invalid numeric bigint: wireBytes (0.104687ms)
✔ envelope invalid numeric bigint: decompressedBytes (0.073922ms)
✔ envelope invalid numeric bigint: elapsedMs (0.101473ms)
✔ envelope invalid numeric bigint: domNodes (0.07991ms)
✔ envelope invalid numeric bigint: depth (0.070146ms)
✔ envelope invalid numeric bigint: jsonLdBytes (0.06615ms)
✔ envelope invalid numeric bigint: requests (0.065829ms)
✔ contentType rejected: number (0.138599ms)
✔ contentType rejected: null (0.08648ms)
✔ contentType rejected: boxed string (0.080221ms)
✔ contentType rejected: disallowed string (0.112429ms)
✔ envelope unexpected enumerable key rejected (0.213251ms)
✔ envelope unexpected hidden key rejected (0.087752ms)
✔ envelope unexpected symbol key rejected (0.074782ms)
✔ envelope exact ceiling passes: headerBytes (0.187963ms)
✔ envelope ceiling plus one fails: headerBytes (0.122314ms)
✔ envelope lowered source ceiling enforced: headerBytes (0.179611ms)
✔ envelope non-enumerable invalid metric rejected: headerBytes (0.151468ms)
✔ envelope exact ceiling passes: wireBytes (3.118239ms)
✔ envelope ceiling plus one fails: wireBytes (0.125048ms)
✔ envelope lowered source ceiling enforced: wireBytes (0.095504ms)
✔ envelope non-enumerable invalid metric rejected: wireBytes (0.117036ms)
✔ envelope exact ceiling passes: decompressedBytes (0.105799ms)
✔ envelope ceiling plus one fails: decompressedBytes (0.096215ms)
✔ envelope lowered source ceiling enforced: decompressedBytes (0.109174ms)
✔ envelope non-enumerable invalid metric rejected: decompressedBytes (0.108043ms)
✔ envelope exact ceiling passes: elapsedMs (0.089005ms)
✔ envelope ceiling plus one fails: elapsedMs (0.087341ms)
✔ envelope lowered source ceiling enforced: elapsedMs (0.094422ms)
✔ envelope non-enumerable invalid metric rejected: elapsedMs (0.10631ms)
✔ envelope exact ceiling passes: domNodes (0.126771ms)
✔ envelope ceiling plus one fails: domNodes (0.126651ms)
✔ envelope lowered source ceiling enforced: domNodes (0.135164ms)
✔ envelope non-enumerable invalid metric rejected: domNodes (0.117006ms)
✔ envelope exact ceiling passes: depth (0.082955ms)
✔ envelope ceiling plus one fails: depth (0.096706ms)
✔ envelope lowered source ceiling enforced: depth (0.117457ms)
✔ envelope non-enumerable invalid metric rejected: depth (0.107121ms)
✔ envelope exact ceiling passes: jsonLdBytes (0.082725ms)
✔ envelope ceiling plus one fails: jsonLdBytes (0.087772ms)
✔ envelope lowered source ceiling enforced: jsonLdBytes (0.215064ms)
✔ envelope non-enumerable invalid metric rejected: jsonLdBytes (0.114873ms)
✔ envelope exact ceiling passes: requests (0.08571ms)
✔ envelope ceiling plus one fails: requests (0.088403ms)
✔ envelope lowered source ceiling enforced: requests (0.092509ms)
✔ envelope non-enumerable invalid metric rejected: requests (0.101482ms)
✔ all exact bounds pass together (0.156546ms)
✔ zero numeric values pass (0.201975ms)
✔ complete null-prototype plain envelope passes (0.689288ms)
✔ complete non-enumerable own metric passes (0.191749ms)
✔ allowed contentType passes: text/html (0.136997ms)
✔ allowed contentType passes: text/plain (3.078459ms)
✔ allowed contentType passes: application/ld+json (0.131307ms)
✔ redirect malformed chain rejected: one hole (0.203797ms)
✔ redirect malformed chain rejected: two slots missing first (0.102474ms)
✔ redirect malformed chain rejected: two slots missing last (2.868953ms)
✔ redirect malformed chain rejected: three slots missing middle (1.12784ms)
✔ redirect malformed chain rejected: explicit undefined (3.557941ms)
✔ redirect malformed chain rejected: null hop (0.375156ms)
✔ redirect malformed chain rejected: numeric hop (0.327965ms)
✔ redirect malformed chain rejected: boxed string hop (0.150306ms)
✔ redirect malformed chain rejected: empty (0.328125ms)
✔ redirect malformed chain rejected: over limit (0.15255ms)
✔ redirect malformed chain rejected: null chain (0.149015ms)
✔ redirect malformed chain rejected: string chain (0.125379ms)
✔ redirect malformed chain rejected: array-like (0.115774ms)
✔ redirect malformed chain rejected: array-like with forEach (0.148995ms)
✔ dense 1-URL chain passes at redirect budget (0.295626ms)
✔ dense 1-URL chain revalidates hostile hop 0 (0.288885ms)
✔ redirect inherited-only index 0 of 1 rejected (0.253122ms)
✔ dense 2-URL chain passes at redirect budget (0.306262ms)
✔ dense 2-URL chain exceeds lower source budget (0.174613ms)
✔ dense 2-URL chain revalidates hostile hop 0 (0.240122ms)
✔ redirect inherited-only index 0 of 2 rejected (0.185099ms)
✔ dense 2-URL chain revalidates hostile hop 1 (3.615208ms)
✔ redirect inherited-only index 1 of 2 rejected (0.25881ms)
✔ dense 3-URL chain passes at redirect budget (0.240303ms)
✔ dense 3-URL chain exceeds lower source budget (0.088724ms)
✔ dense 3-URL chain revalidates hostile hop 0 (0.116045ms)
✔ redirect inherited-only index 0 of 3 rejected (0.085539ms)
✔ dense 3-URL chain revalidates hostile hop 1 (0.149856ms)
✔ redirect inherited-only index 1 of 3 rejected (0.170968ms)
✔ dense 3-URL chain revalidates hostile hop 2 (0.182255ms)
✔ redirect inherited-only index 2 of 3 rejected (0.163366ms)
✔ deleting a hostile middle hop cannot turn a denied chain into an accepted chain (0.307764ms)
✔ remediation suite made zero unmocked collector network attempts (0.057948ms)
OFFLINE_NETWORK_PROOF unmocked_attempts=0
✔ invented identity matrix produces seven eligible occurrences, four quarantines and closure tombstone (119.311895ms)
✔ strict unknown field rejection: root (2.575982ms)
✔ strict unknown field rejection: occurrence (1.233308ms)
✔ strict unknown field rejection: source (3.244289ms)
✔ strict unknown field rejection: assertion (1.536095ms)
✔ strict unknown field rejection: coordinate (4.948868ms)
✔ strict unknown field rejection: address (1.527372ms)
✔ fact-only rejection: review (1.881345ms)
✔ fact-only rejection: description (2.26299ms)
✔ fact-only rejection: photos (2.186025ms)
✔ fact-only rejection: logos (1.271646ms)
✔ fact-only rejection: screenshots (1.515634ms)
✔ fact-only rejection: ranking (2.139814ms)
✔ fact-only rejection: popularity (1.089452ms)
✔ fact-only rejection: rating (1.115992ms)
✔ fact-only rejection: price (0.992515ms)
✔ fact-only rejection: articleText (1.070093ms)
✔ malformed schema/version, nonfinite coordinate and invalid date are rejected (3.065419ms)
✔ name/address/URL overflow fails explicitly (3.905796ms)
✔ exact 100 publication limit accepted, 101 rejected (355.25611ms)
✔ 512 reviewed identities includes locations, quarantined and tombstone records (17.136393ms)
✔ 20 observations accepted, 21 rejected without provenance truncation (10.892845ms)
✔ runtime byte ceiling fails rather than truncating (746.454667ms)
✔ Unicode NFC and whitespace normalize while display capitalization is preserved (3.744243ms)
✔ conflicts quarantine, explicit review resolves and preserves all assertion/source IDs (7.291309ms)
✔ incomplete resolution, selected conflicts and overlapping sets are rejected (3.867238ms)
✔ current footer year is not season evidence: footer-only (3.184159ms)
✔ current footer year is not season evidence: absent (2.814952ms)
✔ historical/unconfirmed and mismatched season/year evidence quarantine (28.148773ms)
✔ all scoped negative lifecycle states survive in tombstones and exclude affected occurrences (14.742298ms)
✔ occurrence cancellation does not close other events at the venue (5.439588ms)
✔ operator lifecycle applies to its events (4.68438ms)
✔ venue lifecycle applies to its events (4.37934ms)
✔ past seasonal cancellation interval does not cancel this year's event (3.690322ms)
✔ unscoped negative, wrong scope and unsupported lifecycle evidence fail (3.893908ms)
✔ closed attraction with active duplicate is excluded and terminal evidence retained (28.225198ms)
✔ moved venue uses the new location version and explicit moved-from relationship (17.445302ms)
✔ same address, category and generic farm preserve distinct event identity (16.296551ms)
✔ missing OSM eligible; explicit OSM/web/catalog crosswalk has one event (15.160008ms)
✔ recurring next-year occurrences retain different IDs and prior-year relation (20.926518ms)
✔ explicit same-event and alias decisions combine evidence before any dedupe (6.787108ms)
✔ do-not-merge overrides direct and transitive equivalence (1.374111ms)
✔ cyclic identity and unsupported crosswalk decisions reject (5.761884ms)
✔ stable IDs reject mutable name/address derivation and do not change with spelling (2.719238ms)
✔ entire output and content revision are deterministic independent of input ordering (75.312944ms)
✔ candidate and unresolved coordinates never enter radius-ready facts (4.157346ms)
✔ coordinate review and fingerprint are required; moved address cannot reuse old point (1.464327ms)
✔ calendar/timezone remain explicit with local overnight closing semantics (5.160898ms)
✔ missing field/record is not deletion; previous facts retain their checkedAt (8.449735ms)
✔ failed refresh preserves last-good bytes and freshness; immutable evidence cannot be replaced (9.502241ms)
✔ terminal negatives survive omission in later refresh (5.908274ms)
✔ schema/manifest mismatch fails atomically and leaves output bytes unchanged (14.659183ms)
✔ tampered manifest freshness/count or runtime data is rejected (13.532815ms)
✔ adapters are disabled by default; true cannot be parsed (0.566393ms)
✔ permission review cannot be bypassed by public reachability, approval flag, expiry or automatic mode (0.752234ms)
✔ hostile URL rejected: http://seasonal.invalid/events/a (0.169095ms)
✔ hostile URL rejected: https://seasonal.invalid:444/events/a (0.129665ms)
✔ hostile URL rejected: https://u:p@seasonal.invalid/events/a (0.129745ms)
✔ hostile URL rejected: https://@seasonal.invalid/events/a (0.137037ms)
✔ hostile URL rejected: https://127.0.0.1/events/a (0.099841ms)
✔ hostile URL rejected: https://2130706433/events/a (0.101973ms)
✔ hostile URL rejected: https://0x7f000001/events/a (0.09321ms)
✔ hostile URL rejected: https://[::ffff:127.0.0.1]/events/a (0.086561ms)
✔ hostile URL rejected: https://seasonal.invalid.evil.invalid/events/a (0.129134ms)
✔ hostile URL rejected: https://seasonal.invalid./events/a (0.102715ms)
✔ hostile URL rejected: https://seasonal.invalid/other (0.108564ms)
✔ hostile URL rejected: https://seasonal.invalid/events-other (0.144498ms)
✔ hostile URL rejected: https://seasonal.invalid/events/../events/a (0.102925ms)
✔ hostile URL rejected: https://seasonal.invalid/events/%2e%2e/a (0.123616ms)
✔ hostile URL rejected: https://seasonal.invalid/events/%252f/a (0.097738ms)
✔ hostile URL rejected: https://seasonal.invalid/events/a#x (0.114863ms)
✔ hostile URL rejected: https://seasonal.invalid/events/a?redirect=https://bad.invalid (0.096465ms)
✔ hostile URL rejected: https://seasonal.invalid/events/a?year=2026&year=2027 (0.120992ms)
✔ hostile URL rejected: https://seasonal.invalid/events/a?year=2025 (0.13959ms)
✔ hostile URL rejected: https://seasonal.invalid\@bad.invalid/events/a (0.105449ms)
✔ hostile URL rejected: file:///events/a (0.108534ms)
✔ exact synthetic HTTPS host, port 443, path and allowed query pass pure policy (0.182455ms)
✔ SSRF reserved/private/mapped address denied: 0.0.0.0 (0.263457ms)
✔ SSRF reserved/private/mapped address denied: 10.1.2.3 (0.070196ms)
✔ SSRF reserved/private/mapped address denied: 100.100.100.200 (0.13273ms)
✔ SSRF reserved/private/mapped address denied: 127.0.0.1 (0.090957ms)
✔ SSRF reserved/private/mapped address denied: 169.254.169.254 (0.062194ms)
✔ SSRF reserved/private/mapped address denied: 172.31.255.255 (0.050977ms)
✔ SSRF reserved/private/mapped address denied: 192.168.1.1 (0.054191ms)
✔ SSRF reserved/private/mapped address denied: 192.0.2.1 (0.05977ms)
✔ SSRF reserved/private/mapped address denied: 198.18.0.1 (0.054773ms)
✔ SSRF reserved/private/mapped address denied: 198.51.100.1 (0.04634ms)
✔ SSRF reserved/private/mapped address denied: 203.0.113.1 (0.045118ms)
✔ SSRF reserved/private/mapped address denied: 224.0.0.1 (0.043625ms)
✔ SSRF reserved/private/mapped address denied: 255.255.255.255 (0.07942ms)
✔ SSRF reserved/private/mapped address denied: 168.63.129.16 (0.053981ms)
✔ SSRF reserved/private/mapped address denied: :: (0.168915ms)
✔ SSRF reserved/private/mapped address denied: ::1 (0.074653ms)
✔ SSRF reserved/private/mapped address denied: ::ffff:127.0.0.1 (0.070506ms)
✔ SSRF reserved/private/mapped address denied: ::ffff:7f00:1 (0.047742ms)
✔ SSRF reserved/private/mapped address denied: ::ffff:8.8.8.8 (0.04617ms)
✔ SSRF reserved/private/mapped address denied: 64:ff9b::a00:1 (0.049654ms)
✔ SSRF reserved/private/mapped address denied: fc00::1 (0.051648ms)
✔ SSRF reserved/private/mapped address denied: fe80::1 (0.040451ms)
✔ SSRF reserved/private/mapped address denied: ff02::1 (0.038018ms)
✔ SSRF reserved/private/mapped address denied: 2001:db8::1 (0.069515ms)
✔ SSRF reserved/private/mapped address denied: 2002:7f00:1:: (0.049905ms)
✔ SSRF reserved/private/mapped address denied: 3fff::1 (0.079319ms)
✔ SSRF reserved/private/mapped address denied: fe80::1%eth0 (0.074172ms)
✔ DNS answers all validated, peer pinned; equivalent public IPv6 spellings compare equal (0.625132ms)
✔ each redirect target revalidated, maximum two redirects (0.651241ms)
✔ bounded headers/wire/decompressed body/deadline/DOM/JSON-LD/request budget (0.647636ms)
✔ no executable extraction or fallback capability is exposed (0.085529ms)
✔ unmocked network attempts remain zero when guard is preloaded (0.618842ms)
✔ reused verified coordinates cannot cite another physical location's evidence (1.279429ms)
✔ source IDs, URLs and checkedAt facts cannot misstate observation metadata (2.779098ms)
✔ core offline dependencies are existing Zod and Node builtins, without paid SDKs (0.707777ms)
✔ preview: a successful sign-out clears the token, then redirects (1.755255ms)
✔ preview: a rejected sign-out still clears the token and redirects (0.277257ms)
✔ preview: a sign-out that throws synchronously still clears and redirects (0.178028ms)
✔ preview: a sign-out that never settles clears and redirects once the wait expires (8.263603ms)
✔ preview: no bearer means nothing to invalidate, so no request is made (0.302756ms)
✔ preview: a stored bearer is still invalidated server-side (0.138879ms)
✔ deployed: a confirmed sign-out clears the token, then redirects (0.328616ms)
✔ deployed: a sign-out that never settles throws and does NOT redirect (20.826484ms)
✔ deployed: a rejected sign-out throws and does NOT redirect (1.034369ms)
✔ deployed: the timeout is distinguishable from a rejection (20.504869ms)
✔ settleWithin reports the outcome and never rejects (21.067398ms)
✔ settleWithin waits its full window, then gives up rather than hanging (0.932365ms)
✔ pre-sign-in: the preview clear gives up at the preview bound (0.500204ms)
✔ pre-sign-in: a deployed session gets the deployed window, not the preview one (2.349991ms)
✔ pre-sign-in: a failed clear never blocks sign-in (0.251999ms)
✔ pre-sign-in: the preview skips the request when there is no bearer (0.103035ms)
✔ every sign-out bound comes from one rule (0.116085ms)
✔ the defaults are bounded, and deployed waits longer than preview (0.220763ms)
✔ all five actual compiled application POST functions succeed through the client codec (1458.818553ms)
✔ Date Night seasonal on/off survives real transport with a fixed October date (7.96244ms)
✔ invalid application coordinates and queries produce decoded Errors without providers (15.099787ms)
✔ GET legitimate Seroval values, thrown Errors and falsy returns (27.121084ms)
✔ GET ignores inert internal result/error fields, including failed validation (5.34122ms)
✔ GET safely serializes response-shaped data and preserves real Response (1.085727ms)
✔ POST legitimate Seroval values, thrown Errors and falsy returns (3.270319ms)
✔ POST ignores inert internal result/error fields, including failed validation (2.098813ms)
✔ POST safely serializes response-shaped data and preserves real Response (0.805183ms)
✔ compiled application and fixture enforce CSRF and methods before providers (6.525625ms)
[discovery] provider-chain {
  mode: 'dinner',
  source: 'error',
  durationMs: 20000,
  budgetExhausted: true,
  attempts: [
    { mirror: 1, durationMs: 8000, outcome: 'timeout' },
    { mirror: 2, durationMs: 8000, outcome: 'timeout' },
    { mirror: 3, durationMs: 4000, outcome: 'timeout' }
  ]
}
✔ searchRestaurants compiled provider chain terminates at its total deadline with aborted attempts (11.722427ms)
[discovery] provider-chain {
  mode: 'date-night',
  strategy: 'hedged',
  source: 'error',
  durationMs: 12500,
  budgetExhausted: false,
  requestedGroups: 1,
  successfulGroups: 0,
  failedGroups: 1,
  partial: false,
  groups: [ { group: 'culture', outcome: 'failed', durationMs: 12500 } ],
  attempts: [
    {
      group: 'culture',
      mirror: 1,
      hedgeOffsetMs: 0,
      durationMs: 8000,
      outcome: 'timeout'
    },
    {
      group: 'culture',
      mirror: 2,
      hedgeOffsetMs: 1500,
      durationMs: 8000,
      outcome: 'timeout'
    },
    {
      group: 'culture',
      mirror: 3,
      hedgeOffsetMs: 3000,
      durationMs: 8000,
      outcome: 'timeout'
    },
    {
      group: 'culture',
      mirror: 4,
      hedgeOffsetMs: 4500,
      durationMs: 8000,
      outcome: 'timeout'
    }
  ]
}
✔ searchDateNight compiled provider chain terminates at its total deadline with aborted attempts (4.717099ms)
[discovery] provider-chain {
  mode: 'nightlife',
  source: 'error',
  durationMs: 20000,
  budgetExhausted: true,
  attempts: [
    { mirror: 1, durationMs: 8000, outcome: 'timeout' },
    { mirror: 2, durationMs: 8000, outcome: 'timeout' },
    { mirror: 3, durationMs: 4000, outcome: 'timeout' }
  ]
}
✔ searchNightlife compiled provider chain terminates at its total deadline with aborted attempts (1.475393ms)
✔ real client transport cancels an in-flight HTTP request within a bounded deadline (38.426563ms)
✔ both suites execute with the current Node and success exits zero (1.983118ms)
✔ script failure cannot suppress application tests or become success (0.193231ms)
✔ application failures make the overall command fail (0.154222ms)
✔ spawn errors and terminated children are failures, not false greens (0.176637ms)
✔ keeps VITE_-prefixed string entries (2.423712ms)
✔ drops non-VITE keys, non-string values and malformed documents (0.284108ms)
✔ a missing app-env.json is a clean no-op (0.509648ms)
✔ reads the app env from a workspace (0.462227ms)
✔ an explicit process-env override wins over the file (0.337719ms)
✔ the template ships auth off (0.450359ms)
✔ vite loadEnv resolves the wrapped value (0.376027ms)
✔ the wrapped command runs with the app env applied (155.464491ms)
✔ the wrapped command sees an explicit override, not the file value (130.999119ms)
✔ the wrapper propagates the command's exit code (175.161455ms)
✔ a signal-killed command is never reported as success (153.251194ms)
✔ the CLI still runs when invoked through a symlinked path (151.030977ms)
✔ parseWriteAtomicArgs needs exactly a staged file and a target (1.913364ms)
✔ stagingError refuses a temp inside public/ and a no-op move (0.233051ms)
✔ handOver replaces the target and clears the staged file (0.906375ms)
✔ handOver creates a missing target directory (0.436337ms)
✔ an interrupted pass leaves the target on its old bytes, temp-free (0.599534ms)
✔ a failed hand-over creates no directory for the target it never wrote (0.285591ms)
✔ a staged file on another filesystem is refused, not copied (0.429007ms)
✔ cli: hands the file over, and refuses a temp staged in public/ (165.585879ms)
✔ cli: relative paths follow the script's root, not the caller's cwd (79.682321ms)
﹣ every hand-over the og skill prints is one this script accepts (0.327974ms) # External workspace OG documentation package is not installed in this checkout
✔ cli: a missing staged file fails without touching the target (75.634392ms)
ℹ tests 989
ℹ suites 0
ℹ pass 985
ℹ fail 0
ℹ cancelled 0
ℹ skipped 4
ℹ todo 0
ℹ duration_ms 15210.894253
▶ callTool failure memo
  ✔ replays an identical failure within the memo window without refetching (3.502999ms)
  ✔ keys by token identity so a reminted token shares the memo entry (0.771953ms)
  ✔ sweeps expired entries on write so unique keys do not accumulate (1.382243ms)
  ✔ never memoizes login-required 401s (0.800005ms)
✔ callTool failure memo (7.26563ms)
▶ callTool
  ✔ resolves ok:false for non-serializable args instead of rejecting (0.435887ms)
✔ callTool (0.539743ms)
▶ isLoginRequired
  ✔ is true only for login-required failures (0.176867ms)
✔ isLoginRequired (0.280142ms)
▶ redirectToLoginIfRequired
  ✔ no-ops when login is not required (0.276717ms)
  ✔ navigates to the server-built loginUrl in the browser (0.157627ms)
  ✔ opens a new tab instead of navigating when framed (0.149014ms)
  ✔ falls back to navigation when framed and the popup is blocked (0.184578ms)
  ✔ returns false when the result has no loginUrl (0.111127ms)
  ✔ returns false on the server (no window) (0.063826ms)
✔ redirectToLoginIfRequired (1.191446ms)
▶ classifyCallToolError
  ✔ returns null for successful results (0.132249ms)
  ✔ classifies login-required before message matching (0.131818ms)
  ✔ classifies not_connected and failed_precondition (0.134913ms)
  ✔ classifies scope_denied without claiming a missing grant (0.083977ms)
  ✔ classifies access_denied (0.051948ms)
  ✔ falls back to a generic error with the raw message (0.064838ms)
✔ classifyCallToolError (0.737792ms)
▶ verifyGateIdentityToken
  ✔ returns the identity for a valid token (20.10847ms)
  ✔ omits optional claims as nulls (2.022288ms)
  ✔ rejects a wrong audience (2.649323ms)
  ✔ rejects a wrong issuer (1.152226ms)
  ✔ rejects an expired token (1.614258ms)
  ✔ rejects a token without exp (1.092647ms)
  ✔ rejects a token signed by a different key with the same kid (1.065636ms)
  ✔ refetches the JWKS when the kid rotates (1.820443ms)
✔ verifyGateIdentityToken (33.26357ms)
▶ gateIdentityFromHeaders
  ✔ verifies the header token end to end and fails closed without it (2.312255ms)
  ✔ activates on a deployed-shaped request without GROK_GATE_ORIGIN (2.546898ms)
  ✔ verifies a preview-audience token with no gate env vars via the loopback default (1.327631ms)
  ✔ rejects a wrong-issuer token in the loopback default mode (3.806267ms)
  ✔ verifies a preview-audience token when only GROK_GATE_ORIGIN is set (1.206949ms)
  ✔ rejects a preview-audience token when GROK_PROJECT_ID is set (0.781047ms)
  ✔ rejects an app-audience token in preview mode (0.80316ms)
✔ gateIdentityFromHeaders (13.316509ms)
▶ gateIdentityEnabled
  ✔ is enabled by default with no gate env vars (0.094122ms)
  ✔ is disabled when VITE_AUTH_ENABLED is false (0.097937ms)
✔ gateIdentityEnabled (0.621877ms)
▶ gateTokenAudience
  ✔ pins app:<id> when GROK_PROJECT_ID is set, even alongside GROK_GATE_ORIGIN (0.095624ms)
  ✔ pins preview when GROK_PROJECT_ID is unset (0.062444ms)
✔ gateTokenAudience (0.221493ms)
▶ gateIdentityUserInfo
  ✔ falls back to a synthetic email and name for sub-only claims (0.124638ms)
  ✔ keeps real claims, lowercasing the email and marking it verified (0.088263ms)
✔ gateIdentityUserInfo (0.332221ms)
▶ sessionBoundToGateIdentity
  ✔ keeps the session when it is bound to the same gate sub (0.104938ms)
  ✔ rotates when the session belongs to a different gate sub (0.052128ms)
  ✔ rotates when the session user has no gate-bound account (0.045889ms)
✔ sessionBoundToGateIdentity (0.273853ms)
▶ resolveSignInGateState
  ✔ is pending while the session check is in flight, user or not (0.632414ms)
  ✔ is signed_in once a user is present (0.112139ms)
  ✔ is signed_out only after the check resolved with no user (0.123807ms)
✔ resolveSignInGateState (1.716688ms)
▶ seasonal date-night availability
  ✔ keeps The Werehouse closed before its verified 2026 season starts (0.999817ms)
  ✔ allows The Werehouse during the conservative verified season window (0.158369ms)
  ✔ closes The Werehouse after the conservative verified window (0.143607ms)
  ✔ uses Myer's retained operator 2026 calendar (0.144848ms)
  ✔ fails closed for Open now when hours or the seasonal date are not confirmed (0.248525ms)
  ✔ requires different real venues for a Scare/Settle pair (0.213702ms)
✔ seasonal date-night availability (2.889575ms)
✔ global manual resolution preserves Joplin, Missouri, USA (5.287498ms)
✔ global manual resolution preserves Toronto, Ontario, Canada (1.577357ms)
✔ global manual resolution preserves Vancouver, British Columbia, Canada (0.479282ms)
✔ global manual resolution preserves Montréal, Québec, Canada (0.403298ms)
✔ global manual resolution preserves London, United Kingdom (0.425171ms)
✔ countries without regions and provider province/locality variants remain valid (0.156736ms)
✔ invalid coordinates and malformed geocoder hits cannot become active locations (0.20532ms)
✔ manual input preserves international addresses and postal codes without a U.S. parser (0.317018ms)
✔ no-result, provider errors and malformed payloads are distinct from valid places (1.257746ms)
✔ reverse lookup enriches metadata while preserving the original GPS coordinates (0.648948ms)
✔ all reverse failures retain a usable coordinate location; invalid input never fetches (0.884573ms)
✔ international business addresses retain province, postcode, country and full-address tags (0.241744ms)
✔ native geolocation is opt-in, bounded, and reports each failure accurately (0.559343ms)
✔ GPS commits before reverse resolves and preserves exact coordinates even if the label point differs (0.343848ms)
✔ reverse failure retains coordinates and reports success; GPS failure leaves the old location alone (0.268775ms)
✔ a newer manual choice wins over a delayed GPS callback (0.198449ms)
✔ manual editing and unmount invalidate stale reverse and manual completions (0.22537ms)
✔ manual no-result and invalid input retain active location and allow retry (0.170206ms)
✔ combined control suppresses repeated GPS calls through reverse enrichment (0.18601ms)
✔ cancelling a pending GPS request permits retry without reviving stale callbacks (0.347123ms)
ℹ tests 71
ℹ suites 13
ℹ pass 71
ℹ fail 0
ℹ cancelled 0
ℹ skipped 0
ℹ todo 0
ℹ duration_ms 256.824873
[test-runner] repository scripts: passed
[test-runner] application: passed
