npm warn Unknown env config "http-proxy". This will stop working in the next major version of npm.

> test
> node scripts/test-runner.mjs

✔ persistent Android identity, SDK, lockfile and approved artwork agree (7.86712ms)
✔ native audit rejects package drift, insecure content and exposed WebView debugging (2.304317ms)
✔ Android version parser accepts future releases and rejects invalid Play codes (2.356515ms)
✔ Android workflow is artifact-only and does not regenerate the project or migrate (0.361746ms)
✔ Settings does not advertise an Android artifact that has not been published (0.617882ms)
✔ non-canvas app with no custom card gets a soft BRAND NOTE (utility exception) (3.781015ms)
✔ non-canvas app with a compliant card is silent (4.273809ms)
✔ card file without site.json card=custom warns (2.219048ms)
✔ card file with missing site.json warns for card=custom (2.171256ms)
✔ card file with invalid site.json warns for card=custom (2.324417ms)
✔ oversized card warns for non-canvas apps too (5.826791ms)
✔ canvas app with no card warns 'missing' and missing og:type (0.946098ms)
✔ canvas card without type still warns for og:type (2.253099ms)
✔ oversized card warns on the scraper budget (jpg and legacy png) (14.797116ms)
✔ compliant game (custom card + site.json type + x-banner) is silent (3.770494ms)
✔ __root.tsx og:type no longer satisfies the canvas gate (3.3069ms)
✔ oversized x-banner warns on the same scraper budget as og.jpg (5.51448ms)
✔ legacy png + site.json type still needs the X feed card (1.681587ms)
✔ siteDeclaresOgTypeGame reads the site contract (1.98791ms)
✔ a fresh og-pending marker silences the whole gate view (0.942002ms)
✔ a stale og-pending marker is ignored and the warnings return (0.780557ms)
✔ the marker goes stale on the clock, not on the file (1.237567ms)
✔ no marker means nothing is in flight (0.92117ms)
✔ parseBrandCheckArgs takes --game, --placeholder-ok and --root, and rejects the rest (0.512663ms)
✔ cli: a game missing its card reports JSON and exits 1 (111.420534ms)
✔ cli: a compliant game passes (108.8193ms)
✔ cli: the task's own marker is reported, not honoured (168.947362ms)
✔ cli: a bad argument fails with JSON on stderr (110.759846ms)
✔ cli: a non-game with no card fails too — the pass exists to produce one (145.785315ms)
✔ cli: --placeholder-ok is how a plain-utility pass reports no card as expected (239.873808ms)
✔ cli: a non-game with a compliant card passes (107.875855ms)
﹣ SKILL.md and AGENTS.md name the marker path and bound this script uses (0.080361ms) # External workspace OG documentation package is not installed in this checkout
﹣ the sections that own the brand-task prohibition never affirm a wait (0.049484ms) # External workspace OG documentation package is not installed in this checkout
﹣ SKILL.md tells the pass to self-check with the flag this CLI accepts (0.037166ms) # External workspace OG documentation package is not installed in this checkout
✔ browser acceptance rejects source/output drift and auth-disabled previews (21.998471ms)
✔ unfinished builds and sources changed during compilation cannot be blessed (19.904692ms)
✔ normalizes whitespace before hashing (2.552101ms)
✔ nullish and blank body text normalize to the empty string (0.236327ms)
✔ body text prefix is normalized and capped (0.196276ms)
✔ identical runs do not diverge (1.061952ms)
✔ status change diverges (0.393454ms)
✔ title change diverges (0.204849ms)
✔ title comparison is skipped when either side lacks one (0.224058ms)
✔ canvas disappearing diverges; canvas appearing does not (0.480906ms)
✔ horizontal overflow appearing diverges; clearing does not (0.300423ms)
✔ new console errors diverge (0.28496ms)
✔ errors already present in the baseline do not re-diverge (5.873993ms)
✔ body text collapse diverges (0.24529ms)
✔ body text dropping to zero reports collapse (0.370919ms)
✔ zero-length baseline reports growth via the hash branch, not collapse (8.128314ms)
✔ hash mismatch with a trivial length delta and same page start is tolerated (0.203066ms)
✔ hash mismatch with a trivial length delta but changed page start diverges (0.140902ms)
✔ prefix check is skipped when either side lacks a prefix (0.21218ms)
✔ length-delta tolerance boundary: 50 tolerated, 51 diverges (500-char baseline) (0.171038ms)
✔ length-delta floor dominates small baselines: 20 tolerated, 21 diverges (100-char baseline) (0.137418ms)
✔ collapse boundary: exactly half is 'changed', one below is 'collapsed' (0.147413ms)
✔ missing baseline viewport diverges (0.133081ms)
✔ empty or null baseline diverges for every viewport (0.172701ms)
✔ degenerate current verdict fails closed (0.327234ms)
✔ multiple signals across viewports all accumulate (0.130486ms)
✔ baselineComparison round-trips a valid baseline (0.194874ms)
✔ baselineComparison fails closed on malformed or wrong-shape baselines (0.412542ms)
✔ parseSmokeArgs defaults (0.228385ms)
✔ parseSmokeArgs consumes --baseline without shifting positionals (0.120081ms)
✔ parseSmokeArgs rejects a trailing --baseline flag (0.105499ms)
✔ parseSmokeArgs supports the --baseline= form (0.121083ms)
✔ parseSmokeArgs rejects unknown flags instead of treating them as positionals (0.144728ms)
✔ parseSmokeArgs env fallback and flag precedence (0.126351ms)
✔ derivedPaths handles .png, .PNG, and extensionless inputs (0.997916ms)
✔ exitCodeFor: clean run exits 0 (0.175756ms)
✔ exitCodeFor: errors in any single viewport exit 2 (0.142194ms)
✔ exitCodeFor: navigation failure in any viewport exits 1, beating errors (2.934167ms)
✔ exitCodeFor: 4xx boundary and missing status (0.163717ms)
✔ exitCodeFor: no viewport data is a failure (0.113331ms)
✔ browser-smoke wires the guard and verdict helpers (0.435808ms)
✔ browser-smoke file I/O only touches guarded paths (0.480165ms)
✔ casino evidence JSON is parseable; truncated ledgers cannot masquerade as complete (55.138484ms)
✔ keyed manifests preserve state names and integration override precedence (2.550027ms)
✔ missing or malformed jurisdiction objects fail closed (0.806377ms)
✔ nearby same-name rows reconcile once with latest ID and metadata (1.375406ms)
✔ same ID at distinct locations remains a hard failure (0.309206ms)
✔ small successive moves cannot conceal a distant same-ID conflict (0.712505ms)
✔ distant same-name destinations with distinct IDs are retained (0.342858ms)
✔ complete jurisdiction counts reject both missing and excess destinations (0.43785ms)
✔ legacy IDs use exported jurisdiction metadata rather than ID prefixes (0.50398ms)
✔ invalid coordinates, jurisdictions and complete-count values fail closed (0.509719ms)
✔ pending decision universes are not treated as runtime quotas (0.456068ms)
✔ nearby same-ID records with a renamed property use latest metadata (3.047618ms)
✔ missing identities cannot silently disappear from the audit (0.345691ms)
✔ every active jurisdiction needs an explicit manifest status (2.878473ms)
✔ unknown totals are allowed only for explicitly pending jurisdictions (0.400995ms)
✔ a supplied pending count must still be a positive integer (0.32431ms)
✔ authoritative sources and allowed status values remain required (7.643803ms)
✔ Beau Rivage keeps its original stable ID and one latest-property destination (150.632939ms)
✔ MGM Grand Las Vegas keeps its original stable ID and one latest-property destination (76.071909ms)
✔ audit follows runtime registration, including renamed imports (9.945837ms)
✔ unregistered imports and unknown runtime arrays fail closed (5.928615ms)
✔ duplicate, skipped and out-of-order passes cannot change audit precedence (1.029122ms)
✔ empty or missing runtime registration cannot pass validation (0.550811ms)
✔ real exported factory IDs and metadata survive loading (48.33583ms)
✔ missing or empty module exports fail instead of undercounting (11.42009ms)
✔ resumed additions preserve explicit point evidence, casino schema and active canonical identity (8.102075ms)
✔ local operator aliases merge without losing canonical points or merging distant same-brand casinos (4.976899ms)
✔ neighboring Otoe-Missouria casino floors and related travel components retain separate identity (1.017395ms)
✔ Casino Oklahoma uses its named casino point and routing street, separately from Sugar Creek (0.573476ms)
✔ Golden Eagle casinos in Oklahoma and Kansas survive identical names across states (0.684062ms)
✔ Prairie Sun closure cannot be revived by stale live tags or suppress current Prairie Moon (2.499892ms)
✔ new operator aliases cannot merge nearby independently operated casino floors (1.107631ms)
✔ reconciled travel-center destinations use the right city and current postal identity (0.630671ms)
[discovery] provider-chain {
  mode: 'nightlife',
  source: 'live',
  durationMs: 6,
  budgetExhausted: false,
  attempts: [ { mirror: 1, durationMs: 5, outcome: 'empty' } ]
}
[discovery] provider-chain {
  mode: 'nightlife',
  source: 'fallback',
  durationMs: 0,
  budgetExhausted: false,
  attempts: [
    { mirror: 1, durationMs: 0, outcome: 'network-error' },
    { mirror: 2, durationMs: 0, outcome: 'network-error' },
    { mirror: 3, durationMs: 0, outcome: 'network-error' },
    { mirror: 4, durationMs: 0, outcome: 'network-error' }
  ]
}
✔ invalid query coordinates and nonfinite radii cannot reach providers (1.434624ms)
✔ malformed provider records are discarded individually (1.102063ms)
✔ casino words in an unrelated bar name do not satisfy the casino filter (0.334795ms)
✔ closed property holds are geographically scoped and cannot suppress successors (0.197208ms)
✔ lifecycle tags exclude inactive venues but preserve a current repurposed bar (0.138308ms)
✔ same-brand neighboring casino floors do not borrow each other's live metadata (0.566735ms)
✔ canonical casino location and identity survive live merging (0.257859ms)
✔ valid empty responses remain empty results; invalid JSON shape falls back (8.648608ms)
✔ provider outages preserve the complete local canonical casino pool (1.045527ms)
✔ malformed optional fields cannot poison a provider response or create unsafe actions (1.052959ms)
✔ generic casino names cannot collapse distinct nearby properties into an empty identity (2.726644ms)
✔ reviewed predecessor names merge only into the same nearby current property (2.02134ms)
✔ closed Oklahoma predecessors stay excluded without suppressing operating successors (0.508407ms)
✔ Golden Pony closure cannot be revived by stale live tags or suppress unrelated places (0.190928ms)
✔ final casino aliases preserve canonical routing and do not absorb distant same-name properties (3.330014ms)
✔ nearby final-pass casinos remain distinct even inside the alias distance threshold (1.536668ms)
✔ same-brand town names and Pawnee satellite aliases cannot redirect live details to another casino (0.727578ms)
✔ Gold Town closure rejects stale casino tags while nearby Pahrump properties survive (1.5906ms)
✔ conflicting casino map metadata cannot replace the reviewed property or component point (0.38494ms)
✔ freeze accounting preserves resolved holds, unresolved candidates and historical rows honestly (3.149772ms)
✔ captured live casino responses exclude closed aliases and reconcile the reviewed regional pools (4.079956ms)
✔ Pass 50 has exactly four distinct evidence-backed physical destinations (1.611572ms)
✔ runtime points use source destination fields, never map viewport centres (1.004515ms)
✔ Cadence Crossing remains tied to corrected named-property evidence (22.187968ms)
[discovery] provider-chain {
  mode: 'nightlife',
  source: 'fallback',
  durationMs: 3,
  budgetExhausted: false,
  attempts: [
    { mirror: 1, durationMs: 1, outcome: 'malformed' },
    { mirror: 2, durationMs: 0, outcome: 'malformed' },
    { mirror: 3, durationMs: 1, outcome: 'malformed' },
    { mirror: 4, durationMs: 0, outcome: 'malformed' }
  ]
}
[discovery] provider-chain {
  mode: 'nightlife',
  source: 'error',
  durationMs: 1,
  budgetExhausted: false,
  attempts: [
    { mirror: 1, durationMs: 0, outcome: 'malformed' },
    { mirror: 2, durationMs: 0, outcome: 'malformed' },
    { mirror: 3, durationMs: 0, outcome: 'malformed' },
    { mirror: 4, durationMs: 0, outcome: 'malformed' }
  ]
}
[discovery] provider-chain {
  mode: 'nightlife',
  source: 'live',
  durationMs: 0,
  budgetExhausted: false,
  attempts: [ { mirror: 1, durationMs: 0, outcome: 'empty' } ]
}
✔ global manual origins retain final-pass casino identities and routing through actual discovery handlers (14.187936ms)
✔ switching a casino origin internationally keeps bounded closures local and preserves exact GPS coordinates (6.838548ms)
✔ incomplete provider replies retain honest casino fallback and international errors while valid empty replies stay empty (7.78095ms)
✔ current RC points match observed destination or named source fields (7.399745ms)
✔ rejected map centres cannot silently replace verified casino points (1.206751ms)
✔ current casinos survive while all reviewed closure aliases remain out of the curated catalog (12.227208ms)
✔ newly registered destinations preserve numerical property evidence and scope decisions (1.804913ms)
✔ additions enter once while pin corrections retain IDs and historical evidence (2.320051ms)
✔ nearby branded buildings and separately operated Oneida venues survive canonicalization (1.217076ms)
✔ final adversarial additions and correction preserve observed property destinations (2.148922ms)
✔ Slot Palace routing uses its operator directions address and preserves the separate resort (0.656591ms)
✔ final frontier destinations retain property evidence and survive all closure scopes (8.329408ms)
✔ casino floors remain distinct from nearby casino properties, off-site lodges and closed predecessors (2.368273ms)
✔ recent legacy exports retain their latest source identity and property point (5.799039ms)
✔ every serialized runtime casino satisfies the application data schema (18.939996ms)
✔ missing required fields, duplicate type tags, wrong categories and malformed nulls fail (0.829211ms)
✔ coordinate range, state leakage and jurisdiction disagreement are rejected (0.2454ms)
✔ new passes cannot activate without identity and coordinate evidence (0.427234ms)
✔ unsafe website schemes cannot enter destination actions (3.295121ms)
✔ strict open-now requires known open hours; default exposes saved destinations honestly (4.9907ms)
✔ casino type, radius and known/unknown price filters compose (0.319612ms)
✔ favorites, permanent exclusions and expiring exclusions protect selection (0.258069ms)
✔ empty and singleton pools terminate with correct option counts (0.304029ms)
✔ options never return duplicate identifiers or mutate the input (2.261953ms)
✔ energy and repeat penalties influence weighted picks without excluding all shown places (0.391902ms)
✔ large catalog sampling retains Unicode names and distinct options (36.784579ms)
✔ the flag predicate matches src/lib/auth (1.293031ms)
✔ reads the value a live dev server resolved (0.365241ms)
✔ a server started without the flag reads as sign-in on (0.210708ms)
✔ agreement passes (0.295957ms)
✔ divergence fails in either direction (0.279622ms)
✔ an unobservable dev server is indeterminate, not agreement (0.154103ms)
✔ a dev server that cannot be reached probes as null (0.305671ms)
✔ a server without the endpoint probes as null, not as agreement (0.624572ms)
✔ only a divergence warns the smoke verdict (0.988771ms)
✔ the build side resolves the template's shipped app-env (0.575127ms)
✔ the CLI reports rather than silently passing when run via a symlink (126.659085ms)
✔ Anything coverage satisfies every later category and subset without acquiring again (6.201077ms)
✔ coverage is category-specific within a group; only missing types are requested (20.82541ms)
✔ valid-empty coverage is reusable and preserves its origin; failed/cancelled categories stay missing (0.617872ms)
✔ complete fallback and legacy missing metadata never establish reusable live coverage (0.247012ms)
✔ cached successes plus fresh failure preserve partial live data and disjoint category outcomes (0.806637ms)
✔ cached live success survives missing-category transport failure without asserting coverage (2.489166ms)
✔ radius narrowing reuses larger coverage but widening cannot use a narrower entry (0.990064ms)
✔ latitude separates incompatible cache coverage (0.207373ms)
✔ longitude separates incompatible cache coverage (0.188805ms)
✔ Halloween activation separates incompatible cache coverage (0.325681ms)
✔ semantic version separates incompatible cache coverage (0.181403ms)
✔ TTL expires exactly at bound; reads and fresh missing-category combinations never rejuvenate old coverage (0.332742ms)
✔ new valid-empty category coverage cannot resurrect old venues through a reused superset (0.337639ms)
✔ equal-timestamp freshness uses admission order even after an older superset becomes most recently used (0.202215ms)
✔ V-DR-02: maxEntries eviction cannot resurrect superseded Corn (increasing timestamps) (0.9479ms)
✔ V-DR-02: maxEntries eviction cannot resurrect superseded Corn (equal timestamps) (0.186942ms)
✔ V-DR-02: maxVenues eviction cannot resurrect superseded Corn (increasing timestamps) (3.769648ms)
✔ V-DR-02: maxVenues eviction cannot resurrect superseded Corn (equal timestamps) (0.447215ms)
✔ V-DR-02: radius 50→15 supersession is durable and never claims wider coverage (0.373603ms)
✔ V-DR-02: radius 15→50 supersession is durable and never claims wider coverage (0.207062ms)
✔ V-DR-02: supersession lasts through the old TTL and never rejuvenates unaffected Movies (0.32526ms)
✔ V-DR-02: successful coverage for another latitude cannot supersede this signature (0.19872ms)
✔ V-DR-02: successful coverage for another longitude cannot supersede this signature (0.118849ms)
✔ V-DR-02: successful coverage for another Halloween activation cannot supersede this signature (0.110547ms)
✔ V-DR-02: successful coverage for another semantic version cannot supersede this signature (0.089675ms)
✔ V-DR-02: valid-empty supersession retains full classification and evidence for an identity still reused through Movies (0.231219ms)
✔ V-DR-02: rejected fallback response cannot supersede successful older coverage (0.318901ms)
✔ V-DR-02: rejected failed response cannot supersede successful older coverage (0.133632ms)
✔ V-DR-02: rejected cancelled response cannot supersede successful older coverage (2.920677ms)
✔ V-DR-02: rejected cache-hit response cannot supersede successful older coverage (0.202826ms)
✔ V-DR-02: rejected legacy response cannot supersede successful older coverage (0.127182ms)
✔ V-DR-02: rejected oversize response cannot supersede successful older coverage (0.184178ms)
✔ V-DR-02: partial success supersedes only its successful categories (0.258851ms)
✔ V-DR-02: an entry with all coverage superseded retains terminal identity evidence until TTL (0.492123ms)
✔ LRU entry and aggregate raw-venue caps evict whole entries without truncated coverage (0.552203ms)
✔ cache assembly preserves catalog aliases, full evidence, hours precedence and lifecycle in either insertion order (0.625254ms)
✔ fresh cross-category lifecycle evidence suppresses an older cached active identity without adding coverage (0.419713ms)
✔ actual DateNightHome: Anything→subsets and every local-only filter reuse data without network (588.363449ms)
✔ actual DateNightHome: stale persisted unknown categories recover to Anything without weakening RPC validation (19.962138ms)
✔ actual DateNightHome: subset then mixed selection fetches only missing categories (112.613838ms)
✔ actual DateNightHome: bounded missing-category timeout preserves cached live contribution and partial warning (20.126316ms)
✔ actual DateNightHome: TTL refreshes on next category acquisition, not local-only toggles or elapsed time (38.206355ms)
✔ actual DateNightHome: radius widening schedules an outer patch; narrowing reuses core without RPC (22.09695ms)
✔ actual DateNightHome: late replacement response cannot seed reusable cache (16.818806ms)
✔ actual DateNightHome: late timeout response cannot seed reusable cache (16.470169ms)
✔ actual DateNightHome: component cache lifetime does not survive unmount or contaminate another session (27.689567ms)
✔ Date Night hedge mirror 2 wins at 1500ms and cancels losing attempts (53.286196ms)
✔ Date Night hedge mirror 3 wins at 3000ms and cancels losing attempts (10.248794ms)
✔ Date Night hedge mirror 4 wins at 4500ms and cancels losing attempts (5.261078ms)
✔ Date Night all fetch stalls settle by 12.5s even when abort is honored (5.293817ms)
✔ Date Night all fetch stalls settle by 12.5s even when abort is ignored (7.08513ms)
✔ Date Night all body stalls settle by 12.5s even when abort is honored (1.482096ms)
✔ Date Night all body stalls settle by 12.5s even when abort is ignored (1.144076ms)
✔ Date Night groups share the unchanged absolute 20s deadline, including abort-ignoring work (2.153248ms)
✔ Date Night immediate 429 advances immediately and preserves normalized failure (3.79054ms)
✔ Date Night immediate 500 advances immediately and preserves normalized failure (3.159707ms)
✔ Date Night immediate 504 advances immediately and preserves normalized failure (6.665327ms)
✔ Date Night immediate malformed advances immediately and preserves normalized failure (0.555618ms)
✔ Date Night immediate invalid-json advances immediately and preserves normalized failure (0.527516ms)
✔ Date Night immediate abort advances immediately and preserves normalized failure (0.584662ms)
✔ Date Night immediate network-error advances immediately and preserves normalized failure (0.414715ms)
✔ Date Night valid empty wins and differs from failure (0.375496ms)
✔ Date Night late loser success/rejection cannot replace winner or mutate recorded outcome (10.655396ms)
✔ Date Night cancellation aborts active attempts, stops scheduled hedges and records cancelled group (1.350948ms)
✔ Date Night four groups never exceed sixteen fixed-mirror attempts and reject duplicate/untrusted group IDs (8.177037ms)
✔ canonical lifecycle interpretation preserves the full frozen key/value semantics and precedence (26.172408ms)
✔ generated POSIX value matcher has exact truth semantics, including false prefixes/extensions and case (2.59157ms)
✔ canonical normalization preserves fill-only, input ordering, active tags and supported suffix boundaries (10.065527ms)
✔ registry parity demolished: simple flags and every recognized namespace across every supported category (827.40895ms)
✔ registry parity removed: simple flags and every recognized namespace across every supported category (673.058174ms)
✔ registry parity razed: simple flags and every recognized namespace across every supported category (669.666658ms)
✔ registry parity destroyed: simple flags and every recognized namespace across every supported category (574.723776ms)
✔ registry parity disused: simple flags and every recognized namespace across every supported category (340.213203ms)
✔ registry parity abandoned: simple flags and every recognized namespace across every supported category (376.139141ms)
✔ registry parity was: simple flags and every recognized namespace across every supported category (391.697812ms)
[discovery] provider-chain {
  mode: 'date-night',
  strategy: 'hedged',
  source: 'live',
  durationMs: 2,
  budgetExhausted: false,
  requestedGroups: 1,
  successfulGroups: 1,
  failedGroups: 0,
  partial: false,
  groups: [
    {
      group: 'seasonal',
      outcome: 'success',
      durationMs: 2,
      winnerMirror: 2
    }
  ],
  attempts: [
    {
      group: 'seasonal',
      mirror: 1,
      hedgeOffsetMs: 0,
      durationMs: 1,
      outcome: 'http-error',
      status: 503
    },
    {
      group: 'seasonal',
      mirror: 2,
      hedgeOffsetMs: 1,
      durationMs: 1,
      outcome: 'success'
    }
  ]
}
[discovery] provider-chain {
  mode: 'date-night',
  strategy: 'hedged',
  source: 'live',
  durationMs: 1,
  budgetExhausted: false,
  requestedGroups: 1,
  successfulGroups: 1,
  failedGroups: 0,
  partial: false,
  groups: [
    {
      group: 'seasonal',
      outcome: 'success',
      durationMs: 1,
      winnerMirror: 2
    }
  ],
  attempts: [
    {
      group: 'seasonal',
      mirror: 1,
      hedgeOffsetMs: 0,
      durationMs: 0,
      outcome: 'http-error',
      status: 503
    },
    {
      group: 'seasonal',
      mirror: 2,
      hedgeOffsetMs: 0,
      durationMs: 1,
      outcome: 'success'
    }
  ]
}
[discovery] provider-chain {
  mode: 'date-night',
  strategy: 'hedged',
  source: 'live',
  durationMs: 3,
  budgetExhausted: false,
  requestedGroups: 4,
  successfulGroups: 4,
  failedGroups: 0,
  partial: false,
  groups: [
    {
      group: 'seasonal',
      outcome: 'success',
      durationMs: 2,
      winnerMirror: 2
    },
    {
      group: 'entertainment',
      outcome: 'success',
      durationMs: 2,
      winnerMirror: 2
    },
    {
      group: 'culture',
      outcome: 'success',
      durationMs: 1,
      winnerMirror: 2
    },
    {
      group: 'outdoor',
      outcome: 'success',
      durationMs: 3,
      winnerMirror: 2
    }
  ],
  attempts: [
    {
      group: 'culture',
      mirror: 1,
      hedgeOffsetMs: 0,
      durationMs: 1,
      outcome: 'http-error',
      status: 503
    },
    {
      group: 'culture',
      mirror: 2,
      hedgeOffsetMs: 1,
      durationMs: 1,
      outcome: 'success'
    },
    {
      group: 'entertainment',
      mirror: 1,
      hedgeOffsetMs: 0,
      durationMs: 1,
      outcome: 'http-error',
      status: 503
    },
    {
      group: 'entertainment',
      mirror: 2,
      hedgeOffsetMs: 1,
      durationMs: 2,
      outcome: 'success'
    },
    {
      group: 'outdoor',
      mirror: 1,
      hedgeOffsetMs: 0,
      durationMs: 1,
      outcome: 'http-error',
      status: 503
    },
    {
      group: 'outdoor',
      mirror: 2,
      hedgeOffsetMs: 1,
      durationMs: 2,
      outcome: 'success'
    },
    {
      group: 'seasonal',
      mirror: 1,
      hedgeOffsetMs: 0,
      durationMs: 1,
      outcome: 'http-error',
      status: 503
    },
    {
      group: 'seasonal',
      mirror: 2,
      hedgeOffsetMs: 1,
      durationMs: 1,
      outcome: 'success'
    }
  ]
}
[discovery] provider-chain {
  mode: 'date-night',
  strategy: 'hedged',
  source: 'live',
  durationMs: 1,
  budgetExhausted: false,
  requestedGroups: 1,
  successfulGroups: 1,
  failedGroups: 0,
  partial: false,
  groups: [
    {
      group: 'seasonal',
      outcome: 'success',
      durationMs: 1,
      winnerMirror: 2
    }
  ],
  attempts: [
    {
      group: 'seasonal',
      mirror: 1,
      hedgeOffsetMs: 0,
      durationMs: 0,
      outcome: 'http-error',
      status: 503
    },
    {
      group: 'seasonal',
      mirror: 2,
      hedgeOffsetMs: 0,
      durationMs: 1,
      outcome: 'success'
    }
  ]
}
[discovery] provider-chain {
  mode: 'date-night',
  strategy: 'hedged',
  source: 'live',
  durationMs: 1,
  budgetExhausted: false,
  requestedGroups: 1,
  successfulGroups: 1,
  failedGroups: 0,
  partial: false,
  groups: [
    {
      group: 'seasonal',
      outcome: 'success',
      durationMs: 1,
      winnerMirror: 2
    }
  ],
  attempts: [
    {
      group: 'seasonal',
      mirror: 1,
      hedgeOffsetMs: 0,
      durationMs: 0,
      outcome: 'http-error',
      status: 503
    },
    {
      group: 'seasonal',
      mirror: 2,
      hedgeOffsetMs: 0,
      durationMs: 0,
      outcome: 'success'
    }
  ]
}
[discovery] provider-chain {
  mode: 'date-night',
  strategy: 'hedged',
  source: 'live',
  durationMs: 4,
  budgetExhausted: false,
  requestedGroups: 4,
  successfulGroups: 4,
  failedGroups: 0,
  partial: false,
  groups: [
    {
      group: 'seasonal',
      outcome: 'success',
      durationMs: 2,
      winnerMirror: 2
    },
    {
      group: 'entertainment',
      outcome: 'success',
      durationMs: 2,
      winnerMirror: 2
    },
    {
      group: 'culture',
      outcome: 'success',
      durationMs: 1,
      winnerMirror: 2
    },
    {
      group: 'outdoor',
      outcome: 'success',
      durationMs: 2,
      winnerMirror: 2
    }
  ],
  attempts: [
    {
      group: 'culture',
      mirror: 1,
      hedgeOffsetMs: 0,
      durationMs: 1,
      outcome: 'http-error',
      status: 503
    },
    {
      group: 'culture',
      mirror: 2,
      hedgeOffsetMs: 1,
      durationMs: 1,
      outcome: 'success'
    },
    {
      group: 'entertainment',
      mirror: 1,
      hedgeOffsetMs: 0,
      durationMs: 0,
      outcome: 'http-error',
      status: 503
    },
    {
      group: 'entertainment',
      mirror: 2,
      hedgeOffsetMs: 1,
      durationMs: 2,
      outcome: 'success'
    },
    {
      group: 'outdoor',
      mirror: 1,
      hedgeOffsetMs: 0,
      durationMs: 1,
      outcome: 'http-error',
      status: 503
    },
    {
      group: 'outdoor',
      mirror: 2,
      hedgeOffsetMs: 1,
      durationMs: 2,
      outcome: 'success'
    },
    {
      group: 'seasonal',
      mirror: 1,
      hedgeOffsetMs: 0,
      durationMs: 1,
      outcome: 'http-error',
      status: 503
    },
    {
      group: 'seasonal',
      mirror: 2,
      hedgeOffsetMs: 1,
      durationMs: 1,
      outcome: 'success'
    }
  ]
}
[discovery] provider-chain {
  mode: 'date-night',
  strategy: 'hedged',
  source: 'live',
  durationMs: 1,
  budgetExhausted: false,
  requestedGroups: 1,
  successfulGroups: 1,
  failedGroups: 0,
  partial: false,
  groups: [
    {
      group: 'culture',
      outcome: 'success',
      durationMs: 1,
      winnerMirror: 2
    }
  ],
  attempts: [
    {
      group: 'culture',
      mirror: 1,
      hedgeOffsetMs: 0,
      durationMs: 0,
      outcome: 'http-error',
      status: 503
    },
    {
      group: 'culture',
      mirror: 2,
      hedgeOffsetMs: 1,
      durationMs: 1,
      outcome: 'success'
    }
  ]
}
[discovery] provider-chain {
  mode: 'date-night',
  strategy: 'hedged',
  source: 'live',
  durationMs: 1,
  budgetExhausted: false,
  requestedGroups: 1,
  successfulGroups: 1,
  failedGroups: 0,
  partial: false,
  groups: [
    {
      group: 'culture',
      outcome: 'success',
      durationMs: 1,
      winnerMirror: 2
    }
  ],
  attempts: [
    {
      group: 'culture',
      mirror: 1,
      hedgeOffsetMs: 0,
      durationMs: 0,
      outcome: 'http-error',
      status: 503
    },
    {
      group: 'culture',
      mirror: 2,
      hedgeOffsetMs: 0,
      durationMs: 0,
      outcome: 'success'
    }
  ]
}
[discovery] provider-chain {
  mode: 'date-night',
  strategy: 'hedged',
  source: 'live',
  durationMs: 10,
  budgetExhausted: false,
  requestedGroups: 4,
  successfulGroups: 4,
  failedGroups: 0,
  partial: false,
  groups: [
    {
      group: 'seasonal',
      outcome: 'success',
      durationMs: 9,
      winnerMirror: 2
    },
    {
      group: 'entertainment',
      outcome: 'success',
      durationMs: 9,
      winnerMirror: 2
    },
    {
      group: 'culture',
      outcome: 'success',
      durationMs: 8,
      winnerMirror: 2
    },
    {
      group: 'outdoor',
      outcome: 'success',
      durationMs: 10,
      winnerMirror: 2
    }
  ],
  attempts: [
    {
      group: 'culture',
      mirror: 1,
      hedgeOffsetMs: 0,
      durationMs: 1,
      outcome: 'http-error',
      status: 503
    },
    {
      group: 'culture',
      mirror: 2,
      hedgeOffsetMs: 1,
      durationMs: 7,
      outcome: 'success'
    },
    {
      group: 'entertainment',
      mirror: 1,
      hedgeOffsetMs: 0,
      durationMs: 1,
      outcome: 'http-error',
      status: 503
    },
    {
      group: 'entertainment',
      mirror: 2,
      hedgeOffsetMs: 1,
      durationMs: 8,
      outcome: 'success'
    },
    {
      group: 'outdoor',
      mirror: 1,
      hedgeOffsetMs: 0,
      durationMs: 1,
      outcome: 'http-error',
      status: 503
    },
    {
      group: 'outdoor',
      mirror: 2,
      hedgeOffsetMs: 1,
      durationMs: 9,
      outcome: 'success'
    },
    {
      group: 'seasonal',
      mirror: 1,
      hedgeOffsetMs: 0,
      durationMs: 1,
      outcome: 'http-error',
      status: 503
    },
    {
      group: 'seasonal',
      mirror: 2,
      hedgeOffsetMs: 1,
      durationMs: 8,
      outcome: 'success'
    }
  ]
}
[discovery] provider-chain {
  mode: 'date-night',
  strategy: 'hedged',
  source: 'live',
  durationMs: 1,
  budgetExhausted: false,
  requestedGroups: 1,
  successfulGroups: 1,
  failedGroups: 0,
  partial: false,
  groups: [
    {
      group: 'culture',
      outcome: 'success',
      durationMs: 1,
      winnerMirror: 2
    }
  ],
  attempts: [
    {
      group: 'culture',
      mirror: 1,
      hedgeOffsetMs: 0,
      durationMs: 0,
      outcome: 'http-error',
      status: 503
    },
    {
      group: 'culture',
      mirror: 2,
      hedgeOffsetMs: 0,
      durationMs: 1,
      outcome: 'success'
    }
  ]
}
[discovery] provider-chain {
  mode: 'date-night',
  strategy: 'hedged',
  source: 'live',
  durationMs: 1,
  budgetExhausted: false,
  requestedGroups: 1,
  successfulGroups: 1,
  failedGroups: 0,
  partial: false,
  groups: [
    {
      group: 'culture',
      outcome: 'success',
      durationMs: 1,
      winnerMirror: 2
    }
  ],
  attempts: [
    {
      group: 'culture',
      mirror: 1,
      hedgeOffsetMs: 0,
      durationMs: 0,
      outcome: 'http-error',
      status: 503
    },
    {
      group: 'culture',
      mirror: 2,
      hedgeOffsetMs: 0,
      durationMs: 1,
      outcome: 'success'
    }
  ]
}
[discovery] provider-chain {
  mode: 'date-night',
  strategy: 'hedged',
  source: 'live',
  durationMs: 4,
  budgetExhausted: false,
  requestedGroups: 4,
  successfulGroups: 4,
  failedGroups: 0,
  partial: false,
  groups: [
    {
      group: 'seasonal',
      outcome: 'success',
      durationMs: 2,
      winnerMirror: 2
    },
    {
      group: 'entertainment',
      outcome: 'success',
      durationMs: 3,
      winnerMirror: 2
    },
    {
      group: 'culture',
      outcome: 'success',
      durationMs: 2,
      winnerMirror: 2
    },
    {
      group: 'outdoor',
      outcome: 'success',
      durationMs: 4,
      winnerMirror: 2
    }
  ],
  attempts: [
    {
      group: 'culture',
      mirror: 1,
      hedgeOffsetMs: 0,
      durationMs: 1,
      outcome: 'http-error',
      status: 503
    },
    {
      group: 'culture',
      mirror: 2,
      hedgeOffsetMs: 1,
      durationMs: 1,
      outcome: 'success'
    },
    {
      group: 'entertainment',
      mirror: 1,
      hedgeOffsetMs: 0,
      durationMs: 1,
      outcome: 'http-error',
      status: 503
    },
    {
      group: 'entertainment',
      mirror: 2,
      hedgeOffsetMs: 1,
      durationMs: 2,
      outcome: 'success'
    },
    {
      group: 'outdoor',
      mirror: 1,
      hedgeOffsetMs: 0,
      durationMs: 1,
      outcome: 'http-error',
      status: 503
    },
    {
      group: 'outdoor',
      mirror: 2,
      hedgeOffsetMs: 1,
      durationMs: 3,
      outcome: 'success'
    },
    {
      group: 'seasonal',
      mirror: 1,
      hedgeOffsetMs: 0,
      durationMs: 1,
      outcome: 'http-error',
      status: 503
    },
    {
      group: 'seasonal',
      mirror: 2,
      hedgeOffsetMs: 1,
      durationMs: 2,
      outcome: 'success'
    }
  ]
}
[discovery] provider-chain {
  mode: 'date-night',
  strategy: 'hedged',
  source: 'live',
  durationMs: 1,
  budgetExhausted: false,
  requestedGroups: 1,
  successfulGroups: 1,
  failedGroups: 0,
  partial: false,
  groups: [
    {
      group: 'culture',
      outcome: 'success',
      durationMs: 1,
      winnerMirror: 2
    }
  ],
  attempts: [
    {
      group: 'culture',
      mirror: 1,
      hedgeOffsetMs: 0,
      durationMs: 0,
      outcome: 'http-error',
      status: 503
    },
    {
      group: 'culture',
      mirror: 2,
      hedgeOffsetMs: 0,
      durationMs: 1,
      outcome: 'success'
    }
  ]
}
[discovery] provider-chain {
  mode: 'date-night',
  strategy: 'hedged',
  source: 'live',
  durationMs: 10,
  budgetExhausted: false,
  requestedGroups: 2,
  successfulGroups: 2,
  failedGroups: 0,
  partial: false,
  groups: [
    {
      group: 'entertainment',
      outcome: 'success',
      durationMs: 10,
      winnerMirror: 2
    },
    {
      group: 'culture',
      outcome: 'success',
      durationMs: 1,
      winnerMirror: 2
    }
  ],
  attempts: [
    {
      group: 'culture',
      mirror: 1,
      hedgeOffsetMs: 0,
      durationMs: 0,
      outcome: 'http-error',
      status: 503
    },
    {
      group: 'culture',
      mirror: 2,
      hedgeOffsetMs: 0,
      durationMs: 1,
      outcome: 'success'
    },
    {
      group: 'entertainment',
      mirror: 1,
      hedgeOffsetMs: 0,
      durationMs: 0,
      outcome: 'http-error',
      status: 503
    },
    {
      group: 'entertainment',
      mirror: 2,
      hedgeOffsetMs: 0,
      durationMs: 9,
      outcome: 'success'
    }
  ]
}
[discovery] provider-chain {
  mode: 'date-night',
  strategy: 'hedged',
  source: 'live',
  durationMs: 7,
  budgetExhausted: false,
  requestedGroups: 4,
  successfulGroups: 4,
  failedGroups: 0,
  partial: false,
  groups: [
    {
      group: 'seasonal',
      outcome: 'success',
      durationMs: 6,
      winnerMirror: 2
    },
    {
      group: 'entertainment',
      outcome: 'success',
      durationMs: 7,
      winnerMirror: 2
    },
    {
      group: 'culture',
      outcome: 'success',
      durationMs: 6,
      winnerMirror: 2
    },
    {
      group: 'outdoor',
      outcome: 'success',
      durationMs: 7,
      winnerMirror: 2
    }
  ],
  attempts: [
    {
      group: 'culture',
      mirror: 1,
      hedgeOffsetMs: 0,
      durationMs: 0,
      outcome: 'http-error',
      status: 503
    },
    {
      group: 'culture',
      mirror: 2,
      hedgeOffsetMs: 0,
      durationMs: 5,
      outcome: 'success'
    },
    {
      group: 'entertainment',
      mirror: 1,
      hedgeOffsetMs: 0,
      durationMs: 0,
      outcome: 'http-error',
      status: 503
    },
    {
      group: 'entertainment',
      mirror: 2,
      hedgeOffsetMs: 0,
      durationMs: 6,
      outcome: 'success'
    },
    {
      group: 'outdoor',
      mirror: 1,
      hedgeOffsetMs: 0,
      durationMs: 0,
      outcome: 'http-error',
      status: 503
    },
    {
      group: 'outdoor',
      mirror: 2,
      hedgeOffsetMs: 0,
      durationMs: 6,
      outcome: 'success'
    },
    {
      group: 'seasonal',
      mirror: 1,
      hedgeOffsetMs: 0,
      durationMs: 0,
      outcome: 'http-error',
      status: 503
    },
    {
      group: 'seasonal',
      mirror: 2,
      hedgeOffsetMs: 0,
      durationMs: 6,
      outcome: 'success'
    }
  ]
}
✔ real handler demolished: forward/reverse seasonal and ordinary flags, result order, later mirror (135.263596ms)
✔ real handler demolished: reconstructed contextual seasonal evidence and ordinary namespace parity (14.068526ms)
[discovery] provider-chain {
  mode: 'date-night',
  strategy: 'hedged',
  source: 'live',
  durationMs: 3,
  budgetExhausted: false,
  requestedGroups: 1,
  successfulGroups: 1,
  failedGroups: 0,
  partial: false,
  groups: [
    {
      group: 'seasonal',
      outcome: 'success',
      durationMs: 3,
      winnerMirror: 2
    }
  ],
  attempts: [
    {
      group: 'seasonal',
      mirror: 1,
      hedgeOffsetMs: 0,
      durationMs: 0,
      outcome: 'http-error',
      status: 503
    },
    {
      group: 'seasonal',
      mirror: 2,
      hedgeOffsetMs: 0,
      durationMs: 1,
      outcome: 'success'
    }
  ]
}
[discovery] provider-chain {
  mode: 'date-night',
  strategy: 'hedged',
  source: 'live',
  durationMs: 3,
  budgetExhausted: false,
  requestedGroups: 1,
  successfulGroups: 1,
  failedGroups: 0,
  partial: false,
  groups: [
    {
      group: 'seasonal',
      outcome: 'success',
      durationMs: 2,
      winnerMirror: 2
    }
  ],
  attempts: [
    {
      group: 'seasonal',
      mirror: 1,
      hedgeOffsetMs: 0,
      durationMs: 0,
      outcome: 'http-error',
      status: 503
    },
    {
      group: 'seasonal',
      mirror: 2,
      hedgeOffsetMs: 0,
      durationMs: 2,
      outcome: 'success'
    }
  ]
}
[discovery] provider-chain {
  mode: 'date-night',
  strategy: 'hedged',
  source: 'live',
  durationMs: 3,
  budgetExhausted: false,
  requestedGroups: 4,
  successfulGroups: 4,
  failedGroups: 0,
  partial: false,
  groups: [
    {
      group: 'seasonal',
      outcome: 'success',
      durationMs: 2,
      winnerMirror: 2
    },
    {
      group: 'entertainment',
      outcome: 'success',
      durationMs: 2,
      winnerMirror: 2
    },
    {
      group: 'culture',
      outcome: 'success',
      durationMs: 1,
      winnerMirror: 2
    },
    {
      group: 'outdoor',
      outcome: 'success',
      durationMs: 3,
      winnerMirror: 2
    }
  ],
  attempts: [
    {
      group: 'culture',
      mirror: 1,
      hedgeOffsetMs: 0,
      durationMs: 1,
      outcome: 'http-error',
      status: 503
    },
    {
      group: 'culture',
      mirror: 2,
      hedgeOffsetMs: 1,
      durationMs: 1,
      outcome: 'success'
    },
    {
      group: 'entertainment',
      mirror: 1,
      hedgeOffsetMs: 0,
      durationMs: 1,
      outcome: 'http-error',
      status: 503
    },
    {
      group: 'entertainment',
      mirror: 2,
      hedgeOffsetMs: 1,
      durationMs: 2,
      outcome: 'success'
    },
    {
      group: 'outdoor',
      mirror: 1,
      hedgeOffsetMs: 0,
      durationMs: 1,
      outcome: 'http-error',
      status: 503
    },
    {
      group: 'outdoor',
      mirror: 2,
      hedgeOffsetMs: 1,
      durationMs: 2,
      outcome: 'success'
    },
    {
      group: 'seasonal',
      mirror: 1,
      hedgeOffsetMs: 0,
      durationMs: 1,
      outcome: 'http-error',
      status: 503
    },
    {
      group: 'seasonal',
      mirror: 2,
      hedgeOffsetMs: 1,
      durationMs: 1,
      outcome: 'success'
    }
  ]
}
[discovery] provider-chain {
  mode: 'date-night',
  strategy: 'hedged',
  source: 'live',
  durationMs: 2,
  budgetExhausted: false,
  requestedGroups: 1,
  successfulGroups: 1,
  failedGroups: 0,
  partial: false,
  groups: [
    {
      group: 'seasonal',
      outcome: 'success',
      durationMs: 2,
      winnerMirror: 2
    }
  ],
  attempts: [
    {
      group: 'seasonal',
      mirror: 1,
      hedgeOffsetMs: 0,
      durationMs: 0,
      outcome: 'http-error',
      status: 503
    },
    {
      group: 'seasonal',
      mirror: 2,
      hedgeOffsetMs: 0,
      durationMs: 1,
      outcome: 'success'
    }
  ]
}
[discovery] provider-chain {
  mode: 'date-night',
  strategy: 'hedged',
  source: 'live',
  durationMs: 1,
  budgetExhausted: false,
  requestedGroups: 1,
  successfulGroups: 1,
  failedGroups: 0,
  partial: false,
  groups: [
    {
      group: 'seasonal',
      outcome: 'success',
      durationMs: 1,
      winnerMirror: 2
    }
  ],
  attempts: [
    {
      group: 'seasonal',
      mirror: 1,
      hedgeOffsetMs: 0,
      durationMs: 0,
      outcome: 'http-error',
      status: 503
    },
    {
      group: 'seasonal',
      mirror: 2,
      hedgeOffsetMs: 0,
      durationMs: 1,
      outcome: 'success'
    }
  ]
}
[discovery] provider-chain {
  mode: 'date-night',
  strategy: 'hedged',
  source: 'live',
  durationMs: 5,
  budgetExhausted: false,
  requestedGroups: 4,
  successfulGroups: 4,
  failedGroups: 0,
  partial: false,
  groups: [
    {
      group: 'seasonal',
      outcome: 'success',
      durationMs: 3,
      winnerMirror: 2
    },
    {
      group: 'entertainment',
      outcome: 'success',
      durationMs: 4,
      winnerMirror: 2
    },
    {
      group: 'culture',
      outcome: 'success',
      durationMs: 2,
      winnerMirror: 2
    },
    {
      group: 'outdoor',
      outcome: 'success',
      durationMs: 4,
      winnerMirror: 2
    }
  ],
  attempts: [
    {
      group: 'culture',
      mirror: 1,
      hedgeOffsetMs: 0,
      durationMs: 1,
      outcome: 'http-error',
      status: 503
    },
    {
      group: 'culture',
      mirror: 2,
      hedgeOffsetMs: 1,
      durationMs: 1,
      outcome: 'success'
    },
    {
      group: 'entertainment',
      mirror: 1,
      hedgeOffsetMs: 0,
      durationMs: 1,
      outcome: 'http-error',
      status: 503
    },
    {
      group: 'entertainment',
      mirror: 2,
      hedgeOffsetMs: 1,
      durationMs: 3,
      outcome: 'success'
    },
    {
      group: 'outdoor',
      mirror: 1,
      hedgeOffsetMs: 0,
      durationMs: 1,
      outcome: 'http-error',
      status: 503
    },
    {
      group: 'outdoor',
      mirror: 2,
      hedgeOffsetMs: 1,
      durationMs: 4,
      outcome: 'success'
    },
    {
      group: 'seasonal',
      mirror: 1,
      hedgeOffsetMs: 0,
      durationMs: 1,
      outcome: 'http-error',
      status: 503
    },
    {
      group: 'seasonal',
      mirror: 2,
      hedgeOffsetMs: 1,
      durationMs: 2,
      outcome: 'success'
    }
  ]
}
[discovery] provider-chain {
  mode: 'date-night',
  strategy: 'hedged',
  source: 'live',
  durationMs: 2,
  budgetExhausted: false,
  requestedGroups: 1,
  successfulGroups: 1,
  failedGroups: 0,
  partial: false,
  groups: [
    {
      group: 'culture',
      outcome: 'success',
      durationMs: 1,
      winnerMirror: 2
    }
  ],
  attempts: [
    {
      group: 'culture',
      mirror: 1,
      hedgeOffsetMs: 0,
      durationMs: 1,
      outcome: 'http-error',
      status: 503
    },
    {
      group: 'culture',
      mirror: 2,
      hedgeOffsetMs: 1,
      durationMs: 1,
      outcome: 'success'
    }
  ]
}
[discovery] provider-chain {
  mode: 'date-night',
  strategy: 'hedged',
  source: 'live',
  durationMs: 13,
  budgetExhausted: false,
  requestedGroups: 1,
  successfulGroups: 1,
  failedGroups: 0,
  partial: false,
  groups: [
    {
      group: 'culture',
      outcome: 'success',
      durationMs: 10,
      winnerMirror: 2
    }
  ],
  attempts: [
    {
      group: 'culture',
      mirror: 1,
      hedgeOffsetMs: 0,
      durationMs: 9,
      outcome: 'http-error',
      status: 503
    },
    {
      group: 'culture',
      mirror: 2,
      hedgeOffsetMs: 9,
      durationMs: 1,
      outcome: 'success'
    }
  ]
}
[discovery] provider-chain {
  mode: 'date-night',
  strategy: 'hedged',
  source: 'live',
  durationMs: 5,
  budgetExhausted: false,
  requestedGroups: 4,
  successfulGroups: 4,
  failedGroups: 0,
  partial: false,
  groups: [
    {
      group: 'seasonal',
      outcome: 'success',
      durationMs: 3,
      winnerMirror: 2
    },
    {
      group: 'entertainment',
      outcome: 'success',
      durationMs: 3,
      winnerMirror: 2
    },
    {
      group: 'culture',
      outcome: 'success',
      durationMs: 2,
      winnerMirror: 2
    },
    {
      group: 'outdoor',
      outcome: 'success',
      durationMs: 4,
      winnerMirror: 2
    }
  ],
  attempts: [
    {
      group: 'culture',
      mirror: 1,
      hedgeOffsetMs: 0,
      durationMs: 1,
      outcome: 'http-error',
      status: 503
    },
    {
      group: 'culture',
      mirror: 2,
      hedgeOffsetMs: 1,
      durationMs: 1,
      outcome: 'success'
    },
    {
      group: 'entertainment',
      mirror: 1,
      hedgeOffsetMs: 0,
      durationMs: 1,
      outcome: 'http-error',
      status: 503
    },
    {
      group: 'entertainment',
      mirror: 2,
      hedgeOffsetMs: 1,
      durationMs: 3,
      outcome: 'success'
    },
    {
      group: 'outdoor',
      mirror: 1,
      hedgeOffsetMs: 0,
      durationMs: 1,
      outcome: 'http-error',
      status: 503
    },
    {
      group: 'outdoor',
      mirror: 2,
      hedgeOffsetMs: 1,
      durationMs: 4,
      outcome: 'success'
    },
    {
      group: 'seasonal',
      mirror: 1,
      hedgeOffsetMs: 0,
      durationMs: 1,
      outcome: 'http-error',
      status: 503
    },
    {
      group: 'seasonal',
      mirror: 2,
      hedgeOffsetMs: 1,
      durationMs: 2,
      outcome: 'success'
    }
  ]
}
[discovery] provider-chain {
  mode: 'date-night',
  strategy: 'hedged',
  source: 'live',
  durationMs: 1,
  budgetExhausted: false,
  requestedGroups: 1,
  successfulGroups: 1,
  failedGroups: 0,
  partial: false,
  groups: [
    {
      group: 'culture',
      outcome: 'success',
      durationMs: 1,
      winnerMirror: 2
    }
  ],
  attempts: [
    {
      group: 'culture',
      mirror: 1,
      hedgeOffsetMs: 0,
      durationMs: 0,
      outcome: 'http-error',
      status: 503
    },
    {
      group: 'culture',
      mirror: 2,
      hedgeOffsetMs: 0,
      durationMs: 1,
      outcome: 'success'
    }
  ]
}
[discovery] provider-chain {
  mode: 'date-night',
  strategy: 'hedged',
  source: 'live',
  durationMs: 1,
  budgetExhausted: false,
  requestedGroups: 1,
  successfulGroups: 1,
  failedGroups: 0,
  partial: false,
  groups: [
    {
      group: 'culture',
      outcome: 'success',
      durationMs: 1,
      winnerMirror: 2
    }
  ],
  attempts: [
    {
      group: 'culture',
      mirror: 1,
      hedgeOffsetMs: 0,
      durationMs: 0,
      outcome: 'http-error',
      status: 503
    },
    {
      group: 'culture',
      mirror: 2,
      hedgeOffsetMs: 0,
      durationMs: 1,
      outcome: 'success'
    }
  ]
}
[discovery] provider-chain {
  mode: 'date-night',
  strategy: 'hedged',
  source: 'live',
  durationMs: 7,
  budgetExhausted: false,
  requestedGroups: 4,
  successfulGroups: 4,
  failedGroups: 0,
  partial: false,
  groups: [
    {
      group: 'seasonal',
      outcome: 'success',
      durationMs: 6,
      winnerMirror: 2
    },
    {
      group: 'entertainment',
      outcome: 'success',
      durationMs: 6,
      winnerMirror: 2
    },
    {
      group: 'culture',
      outcome: 'success',
      durationMs: 2,
      winnerMirror: 2
    },
    {
      group: 'outdoor',
      outcome: 'success',
      durationMs: 5,
      winnerMirror: 2
    }
  ],
  attempts: [
    {
      group: 'culture',
      mirror: 1,
      hedgeOffsetMs: 0,
      durationMs: 1,
      outcome: 'http-error',
      status: 503
    },
    {
      group: 'culture',
      mirror: 2,
      hedgeOffsetMs: 1,
      durationMs: 1,
      outcome: 'success'
    },
    {
      group: 'entertainment',
      mirror: 1,
      hedgeOffsetMs: 0,
      durationMs: 3,
      outcome: 'http-error',
      status: 503
    },
    {
      group: 'entertainment',
      mirror: 2,
      hedgeOffsetMs: 3,
      durationMs: 3,
      outcome: 'success'
    },
    {
      group: 'outdoor',
      mirror: 1,
      hedgeOffsetMs: 0,
      durationMs: 1,
      outcome: 'http-error',
      status: 503
    },
    {
      group: 'outdoor',
      mirror: 2,
      hedgeOffsetMs: 1,
      durationMs: 4,
      outcome: 'success'
    },
    {
      group: 'seasonal',
      mirror: 1,
      hedgeOffsetMs: 0,
      durationMs: 3,
      outcome: 'http-error',
      status: 503
    },
    {
      group: 'seasonal',
      mirror: 2,
      hedgeOffsetMs: 3,
      durationMs: 3,
      outcome: 'success'
    }
  ]
}
[discovery] provider-chain {
  mode: 'date-night',
  strategy: 'hedged',
  source: 'live',
  durationMs: 2,
  budgetExhausted: false,
  requestedGroups: 1,
  successfulGroups: 1,
  failedGroups: 0,
  partial: false,
  groups: [
    {
      group: 'culture',
      outcome: 'success',
      durationMs: 2,
      winnerMirror: 2
    }
  ],
  attempts: [
    {
      group: 'culture',
      mirror: 1,
      hedgeOffsetMs: 0,
      durationMs: 1,
      outcome: 'http-error',
      status: 503
    },
    {
      group: 'culture',
      mirror: 2,
      hedgeOffsetMs: 1,
      durationMs: 0,
      outcome: 'success'
    }
  ]
}
[discovery] provider-chain {
  mode: 'date-night',
  strategy: 'hedged',
  source: 'live',
  durationMs: 1,
  budgetExhausted: false,
  requestedGroups: 2,
  successfulGroups: 2,
  failedGroups: 0,
  partial: false,
  groups: [
    {
      group: 'entertainment',
      outcome: 'success',
      durationMs: 1,
      winnerMirror: 2
    },
    {
      group: 'culture',
      outcome: 'success',
      durationMs: 1,
      winnerMirror: 2
    }
  ],
  attempts: [
    {
      group: 'culture',
      mirror: 1,
      hedgeOffsetMs: 0,
      durationMs: 0,
      outcome: 'http-error',
      status: 503
    },
    {
      group: 'culture',
      mirror: 2,
      hedgeOffsetMs: 0,
      durationMs: 0,
      outcome: 'success'
    },
    {
      group: 'entertainment',
      mirror: 1,
      hedgeOffsetMs: 0,
      durationMs: 0,
      outcome: 'http-error',
      status: 503
    },
    {
      group: 'entertainment',
      mirror: 2,
      hedgeOffsetMs: 0,
      durationMs: 1,
      outcome: 'success'
    }
  ]
}
[discovery] provider-chain {
  mode: 'date-night',
  strategy: 'hedged',
  source: 'live',
  durationMs: 8,
  budgetExhausted: false,
  requestedGroups: 4,
  successfulGroups: 4,
  failedGroups: 0,
  partial: false,
  groups: [
    {
      group: 'seasonal',
      outcome: 'success',
      durationMs: 4,
      winnerMirror: 2
    },
    {
      group: 'entertainment',
      outcome: 'success',
      durationMs: 7,
      winnerMirror: 2
    },
    {
      group: 'culture',
      outcome: 'success',
      durationMs: 3,
      winnerMirror: 2
    },
    {
      group: 'outdoor',
      outcome: 'success',
      durationMs: 7,
      winnerMirror: 2
    }
  ],
  attempts: [
    {
      group: 'culture',
      mirror: 1,
      hedgeOffsetMs: 0,
      durationMs: 1,
      outcome: 'http-error',
      status: 503
    },
    {
      group: 'culture',
      mirror: 2,
      hedgeOffsetMs: 1,
      durationMs: 1,
      outcome: 'success'
    },
    {
      group: 'entertainment',
      mirror: 1,
      hedgeOffsetMs: 0,
      durationMs: 1,
      outcome: 'http-error',
      status: 503
    },
    {
      group: 'entertainment',
      mirror: 2,
      hedgeOffsetMs: 1,
      durationMs: 6,
      outcome: 'success'
    },
    {
      group: 'outdoor',
      mirror: 1,
      hedgeOffsetMs: 0,
      durationMs: 1,
      outcome: 'http-error',
      status: 503
    },
    {
      group: 'outdoor',
      mirror: 2,
      hedgeOffsetMs: 1,
      durationMs: 6,
      outcome: 'success'
    },
    {
      group: 'seasonal',
      mirror: 1,
      hedgeOffsetMs: 0,
      durationMs: 1,
      outcome: 'http-error',
      status: 503
    },
    {
      group: 'seasonal',
      mirror: 2,
      hedgeOffsetMs: 1,
      durationMs: 3,
      outcome: 'success'
    }
  ]
}
✔ real handler removed: forward/reverse seasonal and ordinary flags, result order, later mirror (104.601419ms)
✔ real handler removed: reconstructed contextual seasonal evidence and ordinary namespace parity (7.860439ms)
[discovery] provider-chain {
  mode: 'date-night',
  strategy: 'hedged',
  source: 'live',
  durationMs: 1,
  budgetExhausted: false,
  requestedGroups: 1,
  successfulGroups: 1,
  failedGroups: 0,
  partial: false,
  groups: [
    {
      group: 'seasonal',
      outcome: 'success',
      durationMs: 1,
      winnerMirror: 2
    }
  ],
  attempts: [
    {
      group: 'seasonal',
      mirror: 1,
      hedgeOffsetMs: 0,
      durationMs: 0,
      outcome: 'http-error',
      status: 503
    },
    {
      group: 'seasonal',
      mirror: 2,
      hedgeOffsetMs: 0,
      durationMs: 1,
      outcome: 'success'
    }
  ]
}
[discovery] provider-chain {
  mode: 'date-night',
  strategy: 'hedged',
  source: 'live',
  durationMs: 1,
  budgetExhausted: false,
  requestedGroups: 1,
  successfulGroups: 1,
  failedGroups: 0,
  partial: false,
  groups: [
    {
      group: 'seasonal',
      outcome: 'success',
      durationMs: 1,
      winnerMirror: 2
    }
  ],
  attempts: [
    {
      group: 'seasonal',
      mirror: 1,
      hedgeOffsetMs: 0,
      durationMs: 0,
      outcome: 'http-error',
      status: 503
    },
    {
      group: 'seasonal',
      mirror: 2,
      hedgeOffsetMs: 0,
      durationMs: 1,
      outcome: 'success'
    }
  ]
}
[discovery] provider-chain {
  mode: 'date-night',
  strategy: 'hedged',
  source: 'live',
  durationMs: 4,
  budgetExhausted: false,
  requestedGroups: 4,
  successfulGroups: 4,
  failedGroups: 0,
  partial: false,
  groups: [
    {
      group: 'seasonal',
      outcome: 'success',
      durationMs: 2,
      winnerMirror: 2
    },
    {
      group: 'entertainment',
      outcome: 'success',
      durationMs: 2,
      winnerMirror: 2
    },
    {
      group: 'culture',
      outcome: 'success',
      durationMs: 1,
      winnerMirror: 2
    },
    {
      group: 'outdoor',
      outcome: 'success',
      durationMs: 4,
      winnerMirror: 2
    }
  ],
  attempts: [
    {
      group: 'culture',
      mirror: 1,
      hedgeOffsetMs: 0,
      durationMs: 0,
      outcome: 'http-error',
      status: 503
    },
    {
      group: 'culture',
      mirror: 2,
      hedgeOffsetMs: 0,
      durationMs: 1,
      outcome: 'success'
    },
    {
      group: 'entertainment',
      mirror: 1,
      hedgeOffsetMs: 0,
      durationMs: 0,
      outcome: 'http-error',
      status: 503
    },
    {
      group: 'entertainment',
      mirror: 2,
      hedgeOffsetMs: 0,
      durationMs: 2,
      outcome: 'success'
    },
    {
      group: 'outdoor',
      mirror: 1,
      hedgeOffsetMs: 0,
      durationMs: 0,
      outcome: 'http-error',
      status: 503
    },
    {
      group: 'outdoor',
      mirror: 2,
      hedgeOffsetMs: 0,
      durationMs: 4,
      outcome: 'success'
    },
    {
      group: 'seasonal',
      mirror: 1,
      hedgeOffsetMs: 0,
      durationMs: 0,
      outcome: 'http-error',
      status: 503
    },
    {
      group: 'seasonal',
      mirror: 2,
      hedgeOffsetMs: 1,
      durationMs: 1,
      outcome: 'success'
    }
  ]
}
[discovery] provider-chain {
  mode: 'date-night',
  strategy: 'hedged',
  source: 'live',
  durationMs: 1,
  budgetExhausted: false,
  requestedGroups: 1,
  successfulGroups: 1,
  failedGroups: 0,
  partial: false,
  groups: [
    {
      group: 'seasonal',
      outcome: 'success',
      durationMs: 1,
      winnerMirror: 2
    }
  ],
  attempts: [
    {
      group: 'seasonal',
      mirror: 1,
      hedgeOffsetMs: 0,
      durationMs: 0,
      outcome: 'http-error',
      status: 503
    },
    {
      group: 'seasonal',
      mirror: 2,
      hedgeOffsetMs: 0,
      durationMs: 1,
      outcome: 'success'
    }
  ]
}
[discovery] provider-chain {
  mode: 'date-night',
  strategy: 'hedged',
  source: 'live',
  durationMs: 8,
  budgetExhausted: false,
  requestedGroups: 1,
  successfulGroups: 1,
  failedGroups: 0,
  partial: false,
  groups: [
    {
      group: 'seasonal',
      outcome: 'success',
      durationMs: 8,
      winnerMirror: 2
    }
  ],
  attempts: [
    {
      group: 'seasonal',
      mirror: 1,
      hedgeOffsetMs: 0,
      durationMs: 0,
      outcome: 'http-error',
      status: 503
    },
    {
      group: 'seasonal',
      mirror: 2,
      hedgeOffsetMs: 0,
      durationMs: 8,
      outcome: 'success'
    }
  ]
}
[discovery] provider-chain {
  mode: 'date-night',
  strategy: 'hedged',
  source: 'live',
  durationMs: 4,
  budgetExhausted: false,
  requestedGroups: 4,
  successfulGroups: 4,
  failedGroups: 0,
  partial: false,
  groups: [
    {
      group: 'seasonal',
      outcome: 'success',
      durationMs: 3,
      winnerMirror: 2
    },
    {
      group: 'entertainment',
      outcome: 'success',
      durationMs: 4,
      winnerMirror: 2
    },
    {
      group: 'culture',
      outcome: 'success',
      durationMs: 3,
      winnerMirror: 2
    },
    {
      group: 'outdoor',
      outcome: 'success',
      durationMs: 4,
      winnerMirror: 2
    }
  ],
  attempts: [
    {
      group: 'culture',
      mirror: 1,
      hedgeOffsetMs: 0,
      durationMs: 1,
      outcome: 'http-error',
      status: 503
    },
    {
      group: 'culture',
      mirror: 2,
      hedgeOffsetMs: 1,
      durationMs: 2,
      outcome: 'success'
    },
    {
      group: 'entertainment',
      mirror: 1,
      hedgeOffsetMs: 0,
      durationMs: 1,
      outcome: 'http-error',
      status: 503
    },
    {
      group: 'entertainment',
      mirror: 2,
      hedgeOffsetMs: 1,
      durationMs: 3,
      outcome: 'success'
    },
    {
      group: 'outdoor',
      mirror: 1,
      hedgeOffsetMs: 0,
      durationMs: 1,
      outcome: 'http-error',
      status: 503
    },
    {
      group: 'outdoor',
      mirror: 2,
      hedgeOffsetMs: 1,
      durationMs: 3,
      outcome: 'success'
    },
    {
      group: 'seasonal',
      mirror: 1,
      hedgeOffsetMs: 0,
      durationMs: 1,
      outcome: 'http-error',
      status: 503
    },
    {
      group: 'seasonal',
      mirror: 2,
      hedgeOffsetMs: 1,
      durationMs: 3,
      outcome: 'success'
    }
  ]
}
[discovery] provider-chain {
  mode: 'date-night',
  strategy: 'hedged',
  source: 'live',
  durationMs: 1,
  budgetExhausted: false,
  requestedGroups: 1,
  successfulGroups: 1,
  failedGroups: 0,
  partial: false,
  groups: [
    {
      group: 'culture',
      outcome: 'success',
      durationMs: 1,
      winnerMirror: 2
    }
  ],
  attempts: [
    {
      group: 'culture',
      mirror: 1,
      hedgeOffsetMs: 0,
      durationMs: 0,
      outcome: 'http-error',
      status: 503
    },
    {
      group: 'culture',
      mirror: 2,
      hedgeOffsetMs: 0,
      durationMs: 1,
      outcome: 'success'
    }
  ]
}
[discovery] provider-chain {
  mode: 'date-night',
  strategy: 'hedged',
  source: 'live',
  durationMs: 1,
  budgetExhausted: false,
  requestedGroups: 1,
  successfulGroups: 1,
  failedGroups: 0,
  partial: false,
  groups: [
    {
      group: 'culture',
      outcome: 'success',
      durationMs: 1,
      winnerMirror: 2
    }
  ],
  attempts: [
    {
      group: 'culture',
      mirror: 1,
      hedgeOffsetMs: 0,
      durationMs: 0,
      outcome: 'http-error',
      status: 503
    },
    {
      group: 'culture',
      mirror: 2,
      hedgeOffsetMs: 0,
      durationMs: 0,
      outcome: 'success'
    }
  ]
}
[discovery] provider-chain {
  mode: 'date-night',
  strategy: 'hedged',
  source: 'live',
  durationMs: 11,
  budgetExhausted: false,
  requestedGroups: 4,
  successfulGroups: 4,
  failedGroups: 0,
  partial: false,
  groups: [
    {
      group: 'seasonal',
      outcome: 'success',
      durationMs: 5,
      winnerMirror: 2
    },
    {
      group: 'entertainment',
      outcome: 'success',
      durationMs: 9,
      winnerMirror: 2
    },
    {
      group: 'culture',
      outcome: 'success',
      durationMs: 2,
      winnerMirror: 2
    },
    {
      group: 'outdoor',
      outcome: 'success',
      durationMs: 10,
      winnerMirror: 2
    }
  ],
  attempts: [
    {
      group: 'culture',
      mirror: 1,
      hedgeOffsetMs: 0,
      durationMs: 1,
      outcome: 'http-error',
      status: 503
    },
    {
      group: 'culture',
      mirror: 2,
      hedgeOffsetMs: 1,
      durationMs: 1,
      outcome: 'success'
    },
    {
      group: 'entertainment',
      mirror: 1,
      hedgeOffsetMs: 0,
      durationMs: 1,
      outcome: 'http-error',
      status: 503
    },
    {
      group: 'entertainment',
      mirror: 2,
      hedgeOffsetMs: 1,
      durationMs: 8,
      outcome: 'success'
    },
    {
      group: 'outdoor',
      mirror: 1,
      hedgeOffsetMs: 0,
      durationMs: 1,
      outcome: 'http-error',
      status: 503
    },
    {
      group: 'outdoor',
      mirror: 2,
      hedgeOffsetMs: 1,
      durationMs: 9,
      outcome: 'success'
    },
    {
      group: 'seasonal',
      mirror: 1,
      hedgeOffsetMs: 0,
      durationMs: 1,
      outcome: 'http-error',
      status: 503
    },
    {
      group: 'seasonal',
      mirror: 2,
      hedgeOffsetMs: 1,
      durationMs: 3,
      outcome: 'success'
    }
  ]
}
[discovery] provider-chain {
  mode: 'date-night',
  strategy: 'hedged',
  source: 'live',
  durationMs: 1,
  budgetExhausted: false,
  requestedGroups: 1,
  successfulGroups: 1,
  failedGroups: 0,
  partial: false,
  groups: [
    {
      group: 'culture',
      outcome: 'success',
      durationMs: 1,
      winnerMirror: 2
    }
  ],
  attempts: [
    {
      group: 'culture',
      mirror: 1,
      hedgeOffsetMs: 0,
      durationMs: 0,
      outcome: 'http-error',
      status: 503
    },
    {
      group: 'culture',
      mirror: 2,
      hedgeOffsetMs: 0,
      durationMs: 1,
      outcome: 'success'
    }
  ]
}
[discovery] provider-chain {
  mode: 'date-night',
  strategy: 'hedged',
  source: 'live',
  durationMs: 1,
  budgetExhausted: false,
  requestedGroups: 1,
  successfulGroups: 1,
  failedGroups: 0,
  partial: false,
  groups: [
    {
      group: 'culture',
      outcome: 'success',
      durationMs: 1,
      winnerMirror: 2
    }
  ],
  attempts: [
    {
      group: 'culture',
      mirror: 1,
      hedgeOffsetMs: 0,
      durationMs: 0,
      outcome: 'http-error',
      status: 503
    },
    {
      group: 'culture',
      mirror: 2,
      hedgeOffsetMs: 0,
      durationMs: 1,
      outcome: 'success'
    }
  ]
}
[discovery] provider-chain {
  mode: 'date-night',
  strategy: 'hedged',
  source: 'live',
  durationMs: 7,
  budgetExhausted: false,
  requestedGroups: 4,
  successfulGroups: 4,
  failedGroups: 0,
  partial: false,
  groups: [
    {
      group: 'seasonal',
      outcome: 'success',
      durationMs: 6,
      winnerMirror: 2
    },
    {
      group: 'entertainment',
      outcome: 'success',
      durationMs: 6,
      winnerMirror: 2
    },
    {
      group: 'culture',
      outcome: 'success',
      durationMs: 3,
      winnerMirror: 2
    },
    {
      group: 'outdoor',
      outcome: 'success',
      durationMs: 7,
      winnerMirror: 2
    }
  ],
  attempts: [
    {
      group: 'culture',
      mirror: 1,
      hedgeOffsetMs: 0,
      durationMs: 1,
      outcome: 'http-error',
      status: 503
    },
    {
      group: 'culture',
      mirror: 2,
      hedgeOffsetMs: 1,
      durationMs: 2,
      outcome: 'success'
    },
    {
      group: 'entertainment',
      mirror: 1,
      hedgeOffsetMs: 0,
      durationMs: 1,
      outcome: 'http-error',
      status: 503
    },
    {
      group: 'entertainment',
      mirror: 2,
      hedgeOffsetMs: 1,
      durationMs: 5,
      outcome: 'success'
    },
    {
      group: 'outdoor',
      mirror: 1,
      hedgeOffsetMs: 0,
      durationMs: 1,
      outcome: 'http-error',
      status: 503
    },
    {
      group: 'outdoor',
      mirror: 2,
      hedgeOffsetMs: 1,
      durationMs: 6,
      outcome: 'success'
    },
    {
      group: 'seasonal',
      mirror: 1,
      hedgeOffsetMs: 0,
      durationMs: 1,
      outcome: 'http-error',
      status: 503
    },
    {
      group: 'seasonal',
      mirror: 2,
      hedgeOffsetMs: 1,
      durationMs: 5,
      outcome: 'success'
    }
  ]
}
[discovery] provider-chain {
  mode: 'date-night',
  strategy: 'hedged',
  source: 'live',
  durationMs: 2,
  budgetExhausted: false,
  requestedGroups: 1,
  successfulGroups: 1,
  failedGroups: 0,
  partial: false,
  groups: [
    {
      group: 'culture',
      outcome: 'success',
      durationMs: 1,
      winnerMirror: 2
    }
  ],
  attempts: [
    {
      group: 'culture',
      mirror: 1,
      hedgeOffsetMs: 0,
      durationMs: 0,
      outcome: 'http-error',
      status: 503
    },
    {
      group: 'culture',
      mirror: 2,
      hedgeOffsetMs: 0,
      durationMs: 1,
      outcome: 'success'
    }
  ]
}
[discovery] provider-chain {
  mode: 'date-night',
  strategy: 'hedged',
  source: 'live',
  durationMs: 7,
  budgetExhausted: false,
  requestedGroups: 2,
  successfulGroups: 2,
  failedGroups: 0,
  partial: false,
  groups: [
    {
      group: 'entertainment',
      outcome: 'success',
      durationMs: 6,
      winnerMirror: 2
    },
    {
      group: 'culture',
      outcome: 'success',
      durationMs: 1,
      winnerMirror: 2
    }
  ],
  attempts: [
    {
      group: 'culture',
      mirror: 1,
      hedgeOffsetMs: 0,
      durationMs: 0,
      outcome: 'http-error',
      status: 503
    },
    {
      group: 'culture',
      mirror: 2,
      hedgeOffsetMs: 0,
      durationMs: 1,
      outcome: 'success'
    },
    {
      group: 'entertainment',
      mirror: 1,
      hedgeOffsetMs: 0,
      durationMs: 0,
      outcome: 'http-error',
      status: 503
    },
    {
      group: 'entertainment',
      mirror: 2,
      hedgeOffsetMs: 0,
      durationMs: 6,
      outcome: 'success'
    }
  ]
}
[discovery] provider-chain {
  mode: 'date-night',
  strategy: 'hedged',
  source: 'live',
  durationMs: 8,
  budgetExhausted: false,
  requestedGroups: 4,
  successfulGroups: 4,
  failedGroups: 0,
  partial: false,
  groups: [
    {
      group: 'seasonal',
      outcome: 'success',
      durationMs: 6,
      winnerMirror: 2
    },
    {
      group: 'entertainment',
      outcome: 'success',
      durationMs: 7,
      winnerMirror: 2
    },
    {
      group: 'culture',
      outcome: 'success',
      durationMs: 2,
      winnerMirror: 2
    },
    {
      group: 'outdoor',
      outcome: 'success',
      durationMs: 7,
      winnerMirror: 2
    }
  ],
  attempts: [
    {
      group: 'culture',
      mirror: 1,
      hedgeOffsetMs: 0,
      durationMs: 1,
      outcome: 'http-error',
      status: 503
    },
    {
      group: 'culture',
      mirror: 2,
      hedgeOffsetMs: 1,
      durationMs: 1,
      outcome: 'success'
    },
    {
      group: 'entertainment',
      mirror: 1,
      hedgeOffsetMs: 0,
      durationMs: 1,
      outcome: 'http-error',
      status: 503
    },
    {
      group: 'entertainment',
      mirror: 2,
      hedgeOffsetMs: 1,
      durationMs: 6,
      outcome: 'success'
    },
    {
      group: 'outdoor',
      mirror: 1,
      hedgeOffsetMs: 0,
      durationMs: 1,
      outcome: 'http-error',
      status: 503
    },
    {
      group: 'outdoor',
      mirror: 2,
      hedgeOffsetMs: 1,
      durationMs: 7,
      outcome: 'success'
    },
    {
      group: 'seasonal',
      mirror: 1,
      hedgeOffsetMs: 0,
      durationMs: 1,
      outcome: 'http-error',
      status: 503
    },
    {
      group: 'seasonal',
      mirror: 2,
      hedgeOffsetMs: 1,
      durationMs: 5,
      outcome: 'success'
    }
  ]
}
✔ real handler razed: forward/reverse seasonal and ordinary flags, result order, later mirror (112.057314ms)
✔ real handler razed: reconstructed contextual seasonal evidence and ordinary namespace parity (11.405759ms)
[discovery] provider-chain {
  mode: 'date-night',
  strategy: 'hedged',
  source: 'live',
  durationMs: 4,
  budgetExhausted: false,
  requestedGroups: 1,
  successfulGroups: 1,
  failedGroups: 0,
  partial: false,
  groups: [
    {
      group: 'seasonal',
      outcome: 'success',
      durationMs: 4,
      winnerMirror: 2
    }
  ],
  attempts: [
    {
      group: 'seasonal',
      mirror: 1,
      hedgeOffsetMs: 0,
      durationMs: 0,
      outcome: 'http-error',
      status: 503
    },
    {
      group: 'seasonal',
      mirror: 2,
      hedgeOffsetMs: 0,
      durationMs: 4,
      outcome: 'success'
    }
  ]
}
[discovery] provider-chain {
  mode: 'date-night',
  strategy: 'hedged',
  source: 'live',
  durationMs: 1,
  budgetExhausted: false,
  requestedGroups: 1,
  successfulGroups: 1,
  failedGroups: 0,
  partial: false,
  groups: [
    {
      group: 'seasonal',
      outcome: 'success',
      durationMs: 1,
      winnerMirror: 2
    }
  ],
  attempts: [
    {
      group: 'seasonal',
      mirror: 1,
      hedgeOffsetMs: 0,
      durationMs: 0,
      outcome: 'http-error',
      status: 503
    },
    {
      group: 'seasonal',
      mirror: 2,
      hedgeOffsetMs: 0,
      durationMs: 1,
      outcome: 'success'
    }
  ]
}
[discovery] provider-chain {
  mode: 'date-night',
  strategy: 'hedged',
  source: 'live',
  durationMs: 2,
  budgetExhausted: false,
  requestedGroups: 4,
  successfulGroups: 4,
  failedGroups: 0,
  partial: false,
  groups: [
    {
      group: 'seasonal',
      outcome: 'success',
      durationMs: 1,
      winnerMirror: 2
    },
    {
      group: 'entertainment',
      outcome: 'success',
      durationMs: 2,
      winnerMirror: 2
    },
    {
      group: 'culture',
      outcome: 'success',
      durationMs: 1,
      winnerMirror: 2
    },
    {
      group: 'outdoor',
      outcome: 'success',
      durationMs: 2,
      winnerMirror: 2
    }
  ],
  attempts: [
    {
      group: 'culture',
      mirror: 1,
      hedgeOffsetMs: 0,
      durationMs: 0,
      outcome: 'http-error',
      status: 503
    },
    {
      group: 'culture',
      mirror: 2,
      hedgeOffsetMs: 0,
      durationMs: 1,
      outcome: 'success'
    },
    {
      group: 'entertainment',
      mirror: 1,
      hedgeOffsetMs: 0,
      durationMs: 0,
      outcome: 'http-error',
      status: 503
    },
    {
      group: 'entertainment',
      mirror: 2,
      hedgeOffsetMs: 0,
      durationMs: 1,
      outcome: 'success'
    },
    {
      group: 'outdoor',
      mirror: 1,
      hedgeOffsetMs: 0,
      durationMs: 0,
      outcome: 'http-error',
      status: 503
    },
    {
      group: 'outdoor',
      mirror: 2,
      hedgeOffsetMs: 0,
      durationMs: 2,
      outcome: 'success'
    },
    {
      group: 'seasonal',
      mirror: 1,
      hedgeOffsetMs: 0,
      durationMs: 0,
      outcome: 'http-error',
      status: 503
    },
    {
      group: 'seasonal',
      mirror: 2,
      hedgeOffsetMs: 0,
      durationMs: 1,
      outcome: 'success'
    }
  ]
}
[discovery] provider-chain {
  mode: 'date-night',
  strategy: 'hedged',
  source: 'live',
  durationMs: 1,
  budgetExhausted: false,
  requestedGroups: 1,
  successfulGroups: 1,
  failedGroups: 0,
  partial: false,
  groups: [
    {
      group: 'seasonal',
      outcome: 'success',
      durationMs: 1,
      winnerMirror: 2
    }
  ],
  attempts: [
    {
      group: 'seasonal',
      mirror: 1,
      hedgeOffsetMs: 0,
      durationMs: 0,
      outcome: 'http-error',
      status: 503
    },
    {
      group: 'seasonal',
      mirror: 2,
      hedgeOffsetMs: 0,
      durationMs: 1,
      outcome: 'success'
    }
  ]
}
[discovery] provider-chain {
  mode: 'date-night',
  strategy: 'hedged',
  source: 'live',
  durationMs: 1,
  budgetExhausted: false,
  requestedGroups: 1,
  successfulGroups: 1,
  failedGroups: 0,
  partial: false,
  groups: [
    {
      group: 'seasonal',
      outcome: 'success',
      durationMs: 1,
      winnerMirror: 2
    }
  ],
  attempts: [
    {
      group: 'seasonal',
      mirror: 1,
      hedgeOffsetMs: 0,
      durationMs: 0,
      outcome: 'http-error',
      status: 503
    },
    {
      group: 'seasonal',
      mirror: 2,
      hedgeOffsetMs: 0,
      durationMs: 1,
      outcome: 'success'
    }
  ]
}
[discovery] provider-chain {
  mode: 'date-night',
  strategy: 'hedged',
  source: 'live',
  durationMs: 2,
  budgetExhausted: false,
  requestedGroups: 4,
  successfulGroups: 4,
  failedGroups: 0,
  partial: false,
  groups: [
    {
      group: 'seasonal',
      outcome: 'success',
      durationMs: 2,
      winnerMirror: 2
    },
    {
      group: 'entertainment',
      outcome: 'success',
      durationMs: 2,
      winnerMirror: 2
    },
    {
      group: 'culture',
      outcome: 'success',
      durationMs: 1,
      winnerMirror: 2
    },
    {
      group: 'outdoor',
      outcome: 'success',
      durationMs: 2,
      winnerMirror: 2
    }
  ],
  attempts: [
    {
      group: 'culture',
      mirror: 1,
      hedgeOffsetMs: 0,
      durationMs: 0,
      outcome: 'http-error',
      status: 503
    },
    {
      group: 'culture',
      mirror: 2,
      hedgeOffsetMs: 1,
      durationMs: 0,
      outcome: 'success'
    },
    {
      group: 'entertainment',
      mirror: 1,
      hedgeOffsetMs: 0,
      durationMs: 1,
      outcome: 'http-error',
      status: 503
    },
    {
      group: 'entertainment',
      mirror: 2,
      hedgeOffsetMs: 1,
      durationMs: 1,
      outcome: 'success'
    },
    {
      group: 'outdoor',
      mirror: 1,
      hedgeOffsetMs: 0,
      durationMs: 0,
      outcome: 'http-error',
      status: 503
    },
    {
      group: 'outdoor',
      mirror: 2,
      hedgeOffsetMs: 0,
      durationMs: 2,
      outcome: 'success'
    },
    {
      group: 'seasonal',
      mirror: 1,
      hedgeOffsetMs: 0,
      durationMs: 0,
      outcome: 'http-error',
      status: 503
    },
    {
      group: 'seasonal',
      mirror: 2,
      hedgeOffsetMs: 1,
      durationMs: 1,
      outcome: 'success'
    }
  ]
}
[discovery] provider-chain {
  mode: 'date-night',
  strategy: 'hedged',
  source: 'live',
  durationMs: 4,
  budgetExhausted: false,
  requestedGroups: 1,
  successfulGroups: 1,
  failedGroups: 0,
  partial: false,
  groups: [
    {
      group: 'culture',
      outcome: 'success',
      durationMs: 4,
      winnerMirror: 2
    }
  ],
  attempts: [
    {
      group: 'culture',
      mirror: 1,
      hedgeOffsetMs: 0,
      durationMs: 0,
      outcome: 'http-error',
      status: 503
    },
    {
      group: 'culture',
      mirror: 2,
      hedgeOffsetMs: 0,
      durationMs: 3,
      outcome: 'success'
    }
  ]
}
[discovery] provider-chain {
  mode: 'date-night',
  strategy: 'hedged',
  source: 'live',
  durationMs: 1,
  budgetExhausted: false,
  requestedGroups: 1,
  successfulGroups: 1,
  failedGroups: 0,
  partial: false,
  groups: [
    {
      group: 'culture',
      outcome: 'success',
      durationMs: 1,
      winnerMirror: 2
    }
  ],
  attempts: [
    {
      group: 'culture',
      mirror: 1,
      hedgeOffsetMs: 0,
      durationMs: 0,
      outcome: 'http-error',
      status: 503
    },
    {
      group: 'culture',
      mirror: 2,
      hedgeOffsetMs: 0,
      durationMs: 0,
      outcome: 'success'
    }
  ]
}
[discovery] provider-chain {
  mode: 'date-night',
  strategy: 'hedged',
  source: 'live',
  durationMs: 4,
  budgetExhausted: false,
  requestedGroups: 4,
  successfulGroups: 4,
  failedGroups: 0,
  partial: false,
  groups: [
    {
      group: 'seasonal',
      outcome: 'success',
      durationMs: 3,
      winnerMirror: 2
    },
    {
      group: 'entertainment',
      outcome: 'success',
      durationMs: 2,
      winnerMirror: 2
    },
    {
      group: 'culture',
      outcome: 'success',
      durationMs: 1,
      winnerMirror: 2
    },
    {
      group: 'outdoor',
      outcome: 'success',
      durationMs: 3,
      winnerMirror: 2
    }
  ],
  attempts: [
    {
      group: 'culture',
      mirror: 1,
      hedgeOffsetMs: 0,
      durationMs: 0,
      outcome: 'http-error',
      status: 503
    },
    {
      group: 'culture',
      mirror: 2,
      hedgeOffsetMs: 0,
      durationMs: 1,
      outcome: 'success'
    },
    {
      group: 'entertainment',
      mirror: 1,
      hedgeOffsetMs: 0,
      durationMs: 1,
      outcome: 'http-error',
      status: 503
    },
    {
      group: 'entertainment',
      mirror: 2,
      hedgeOffsetMs: 1,
      durationMs: 2,
      outcome: 'success'
    },
    {
      group: 'outdoor',
      mirror: 1,
      hedgeOffsetMs: 0,
      durationMs: 0,
      outcome: 'http-error',
      status: 503
    },
    {
      group: 'outdoor',
      mirror: 2,
      hedgeOffsetMs: 0,
      durationMs: 2,
      outcome: 'success'
    },
    {
      group: 'seasonal',
      mirror: 1,
      hedgeOffsetMs: 0,
      durationMs: 2,
      outcome: 'http-error',
      status: 503
    },
    {
      group: 'seasonal',
      mirror: 2,
      hedgeOffsetMs: 2,
      durationMs: 1,
      outcome: 'success'
    }
  ]
}
[discovery] provider-chain {
  mode: 'date-night',
  strategy: 'hedged',
  source: 'live',
  durationMs: 1,
  budgetExhausted: false,
  requestedGroups: 1,
  successfulGroups: 1,
  failedGroups: 0,
  partial: false,
  groups: [
    {
      group: 'culture',
      outcome: 'success',
      durationMs: 1,
      winnerMirror: 2
    }
  ],
  attempts: [
    {
      group: 'culture',
      mirror: 1,
      hedgeOffsetMs: 0,
      durationMs: 0,
      outcome: 'http-error',
      status: 503
    },
    {
      group: 'culture',
      mirror: 2,
      hedgeOffsetMs: 0,
      durationMs: 0,
      outcome: 'success'
    }
  ]
}
[discovery] provider-chain {
  mode: 'date-night',
  strategy: 'hedged',
  source: 'live',
  durationMs: 1,
  budgetExhausted: false,
  requestedGroups: 1,
  successfulGroups: 1,
  failedGroups: 0,
  partial: false,
  groups: [
    {
      group: 'culture',
      outcome: 'success',
      durationMs: 1,
      winnerMirror: 2
    }
  ],
  attempts: [
    {
      group: 'culture',
      mirror: 1,
      hedgeOffsetMs: 0,
      durationMs: 0,
      outcome: 'http-error',
      status: 503
    },
    {
      group: 'culture',
      mirror: 2,
      hedgeOffsetMs: 0,
      durationMs: 0,
      outcome: 'success'
    }
  ]
}
[discovery] provider-chain {
  mode: 'date-night',
  strategy: 'hedged',
  source: 'live',
  durationMs: 4,
  budgetExhausted: false,
  requestedGroups: 4,
  successfulGroups: 4,
  failedGroups: 0,
  partial: false,
  groups: [
    {
      group: 'seasonal',
      outcome: 'success',
      durationMs: 2,
      winnerMirror: 2
    },
    {
      group: 'entertainment',
      outcome: 'success',
      durationMs: 3,
      winnerMirror: 2
    },
    {
      group: 'culture',
      outcome: 'success',
      durationMs: 1,
      winnerMirror: 2
    },
    {
      group: 'outdoor',
      outcome: 'success',
      durationMs: 3,
      winnerMirror: 2
    }
  ],
  attempts: [
    {
      group: 'culture',
      mirror: 1,
      hedgeOffsetMs: 0,
      durationMs: 0,
      outcome: 'http-error',
      status: 503
    },
    {
      group: 'culture',
      mirror: 2,
      hedgeOffsetMs: 0,
      durationMs: 1,
      outcome: 'success'
    },
    {
      group: 'entertainment',
      mirror: 1,
      hedgeOffsetMs: 0,
      durationMs: 0,
      outcome: 'http-error',
      status: 503
    },
    {
      group: 'entertainment',
      mirror: 2,
      hedgeOffsetMs: 0,
      durationMs: 2,
      outcome: 'success'
    },
    {
      group: 'outdoor',
      mirror: 1,
      hedgeOffsetMs: 0,
      durationMs: 0,
      outcome: 'http-error',
      status: 503
    },
    {
      group: 'outdoor',
      mirror: 2,
      hedgeOffsetMs: 0,
      durationMs: 3,
      outcome: 'success'
    },
    {
      group: 'seasonal',
      mirror: 1,
      hedgeOffsetMs: 0,
      durationMs: 0,
      outcome: 'http-error',
      status: 503
    },
    {
      group: 'seasonal',
      mirror: 2,
      hedgeOffsetMs: 0,
      durationMs: 1,
      outcome: 'success'
    }
  ]
}
[discovery] provider-chain {
  mode: 'date-night',
  strategy: 'hedged',
  source: 'live',
  durationMs: 1,
  budgetExhausted: false,
  requestedGroups: 1,
  successfulGroups: 1,
  failedGroups: 0,
  partial: false,
  groups: [
    {
      group: 'culture',
      outcome: 'success',
      durationMs: 1,
      winnerMirror: 2
    }
  ],
  attempts: [
    {
      group: 'culture',
      mirror: 1,
      hedgeOffsetMs: 0,
      durationMs: 0,
      outcome: 'http-error',
      status: 503
    },
    {
      group: 'culture',
      mirror: 2,
      hedgeOffsetMs: 0,
      durationMs: 1,
      outcome: 'success'
    }
  ]
}
[discovery] provider-chain {
  mode: 'date-night',
  strategy: 'hedged',
  source: 'live',
  durationMs: 5,
  budgetExhausted: false,
  requestedGroups: 2,
  successfulGroups: 2,
  failedGroups: 0,
  partial: false,
  groups: [
    {
      group: 'entertainment',
      outcome: 'success',
      durationMs: 5,
      winnerMirror: 2
    },
    {
      group: 'culture',
      outcome: 'success',
      durationMs: 4,
      winnerMirror: 2
    }
  ],
  attempts: [
    {
      group: 'culture',
      mirror: 1,
      hedgeOffsetMs: 0,
      durationMs: 0,
      outcome: 'http-error',
      status: 503
    },
    {
      group: 'culture',
      mirror: 2,
      hedgeOffsetMs: 0,
      durationMs: 4,
      outcome: 'success'
    },
    {
      group: 'entertainment',
      mirror: 1,
      hedgeOffsetMs: 0,
      durationMs: 0,
      outcome: 'http-error',
      status: 503
    },
    {
      group: 'entertainment',
      mirror: 2,
      hedgeOffsetMs: 0,
      durationMs: 4,
      outcome: 'success'
    }
  ]
}
[discovery] provider-chain {
  mode: 'date-night',
  strategy: 'hedged',
  source: 'live',
  durationMs: 3,
  budgetExhausted: false,
  requestedGroups: 4,
  successfulGroups: 4,
  failedGroups: 0,
  partial: false,
  groups: [
    {
      group: 'seasonal',
      outcome: 'success',
      durationMs: 2,
      winnerMirror: 2
    },
    {
      group: 'entertainment',
      outcome: 'success',
      durationMs: 2,
      winnerMirror: 2
    },
    {
      group: 'culture',
      outcome: 'success',
      durationMs: 1,
      winnerMirror: 2
    },
    {
      group: 'outdoor',
      outcome: 'success',
      durationMs: 3,
      winnerMirror: 2
    }
  ],
  attempts: [
    {
      group: 'culture',
      mirror: 1,
      hedgeOffsetMs: 0,
      durationMs: 0,
      outcome: 'http-error',
      status: 503
    },
    {
      group: 'culture',
      mirror: 2,
      hedgeOffsetMs: 1,
      durationMs: 1,
      outcome: 'success'
    },
    {
      group: 'entertainment',
      mirror: 1,
      hedgeOffsetMs: 0,
      durationMs: 1,
      outcome: 'http-error',
      status: 503
    },
    {
      group: 'entertainment',
      mirror: 2,
      hedgeOffsetMs: 1,
      durationMs: 2,
      outcome: 'success'
    },
    {
      group: 'outdoor',
      mirror: 1,
      hedgeOffsetMs: 0,
      durationMs: 0,
      outcome: 'http-error',
      status: 503
    },
    {
      group: 'outdoor',
      mirror: 2,
      hedgeOffsetMs: 0,
      durationMs: 2,
      outcome: 'success'
    },
    {
      group: 'seasonal',
      mirror: 1,
      hedgeOffsetMs: 0,
      durationMs: 1,
      outcome: 'http-error',
      status: 503
    },
    {
      group: 'seasonal',
      mirror: 2,
      hedgeOffsetMs: 1,
      durationMs: 1,
      outcome: 'success'
    }
  ]
}
✔ real handler destroyed: forward/reverse seasonal and ordinary flags, result order, later mirror (71.323441ms)
✔ real handler destroyed: reconstructed contextual seasonal evidence and ordinary namespace parity (13.804588ms)
[discovery] provider-chain {
  mode: 'date-night',
  strategy: 'hedged',
  source: 'live',
  durationMs: 1,
  budgetExhausted: false,
  requestedGroups: 1,
  successfulGroups: 1,
  failedGroups: 0,
  partial: false,
  groups: [
    {
      group: 'seasonal',
      outcome: 'success',
      durationMs: 1,
      winnerMirror: 2
    }
  ],
  attempts: [
    {
      group: 'seasonal',
      mirror: 1,
      hedgeOffsetMs: 0,
      durationMs: 0,
      outcome: 'http-error',
      status: 503
    },
    {
      group: 'seasonal',
      mirror: 2,
      hedgeOffsetMs: 0,
      durationMs: 1,
      outcome: 'success'
    }
  ]
}
[discovery] provider-chain {
  mode: 'date-night',
  strategy: 'hedged',
  source: 'live',
  durationMs: 1,
  budgetExhausted: false,
  requestedGroups: 1,
  successfulGroups: 1,
  failedGroups: 0,
  partial: false,
  groups: [
    {
      group: 'seasonal',
      outcome: 'success',
      durationMs: 1,
      winnerMirror: 2
    }
  ],
  attempts: [
    {
      group: 'seasonal',
      mirror: 1,
      hedgeOffsetMs: 0,
      durationMs: 0,
      outcome: 'http-error',
      status: 503
    },
    {
      group: 'seasonal',
      mirror: 2,
      hedgeOffsetMs: 0,
      durationMs: 1,
      outcome: 'success'
    }
  ]
}
[discovery] provider-chain {
  mode: 'date-night',
  strategy: 'hedged',
  source: 'live',
  durationMs: 4,
  budgetExhausted: false,
  requestedGroups: 4,
  successfulGroups: 4,
  failedGroups: 0,
  partial: false,
  groups: [
    {
      group: 'seasonal',
      outcome: 'success',
      durationMs: 3,
      winnerMirror: 2
    },
    {
      group: 'entertainment',
      outcome: 'success',
      durationMs: 4,
      winnerMirror: 2
    },
    {
      group: 'culture',
      outcome: 'success',
      durationMs: 3,
      winnerMirror: 2
    },
    {
      group: 'outdoor',
      outcome: 'success',
      durationMs: 4,
      winnerMirror: 2
    }
  ],
  attempts: [
    {
      group: 'culture',
      mirror: 1,
      hedgeOffsetMs: 0,
      durationMs: 2,
      outcome: 'http-error',
      status: 503
    },
    {
      group: 'culture',
      mirror: 2,
      hedgeOffsetMs: 2,
      durationMs: 1,
      outcome: 'success'
    },
    {
      group: 'entertainment',
      mirror: 1,
      hedgeOffsetMs: 0,
      durationMs: 2,
      outcome: 'http-error',
      status: 503
    },
    {
      group: 'entertainment',
      mirror: 2,
      hedgeOffsetMs: 2,
      durationMs: 1,
      outcome: 'success'
    },
    {
      group: 'outdoor',
      mirror: 1,
      hedgeOffsetMs: 0,
      durationMs: 2,
      outcome: 'http-error',
      status: 503
    },
    {
      group: 'outdoor',
      mirror: 2,
      hedgeOffsetMs: 2,
      durationMs: 2,
      outcome: 'success'
    },
    {
      group: 'seasonal',
      mirror: 1,
      hedgeOffsetMs: 0,
      durationMs: 2,
      outcome: 'http-error',
      status: 503
    },
    {
      group: 'seasonal',
      mirror: 2,
      hedgeOffsetMs: 2,
      durationMs: 1,
      outcome: 'success'
    }
  ]
}
[discovery] provider-chain {
  mode: 'date-night',
  strategy: 'hedged',
  source: 'live',
  durationMs: 1,
  budgetExhausted: false,
  requestedGroups: 1,
  successfulGroups: 1,
  failedGroups: 0,
  partial: false,
  groups: [
    {
      group: 'seasonal',
      outcome: 'success',
      durationMs: 1,
      winnerMirror: 2
    }
  ],
  attempts: [
    {
      group: 'seasonal',
      mirror: 1,
      hedgeOffsetMs: 0,
      durationMs: 0,
      outcome: 'http-error',
      status: 503
    },
    {
      group: 'seasonal',
      mirror: 2,
      hedgeOffsetMs: 0,
      durationMs: 1,
      outcome: 'success'
    }
  ]
}
[discovery] provider-chain {
  mode: 'date-night',
  strategy: 'hedged',
  source: 'live',
  durationMs: 1,
  budgetExhausted: false,
  requestedGroups: 1,
  successfulGroups: 1,
  failedGroups: 0,
  partial: false,
  groups: [
    {
      group: 'seasonal',
      outcome: 'success',
      durationMs: 1,
      winnerMirror: 2
    }
  ],
  attempts: [
    {
      group: 'seasonal',
      mirror: 1,
      hedgeOffsetMs: 0,
      durationMs: 0,
      outcome: 'http-error',
      status: 503
    },
    {
      group: 'seasonal',
      mirror: 2,
      hedgeOffsetMs: 0,
      durationMs: 1,
      outcome: 'success'
    }
  ]
}
[discovery] provider-chain {
  mode: 'date-night',
  strategy: 'hedged',
  source: 'live',
  durationMs: 4,
  budgetExhausted: false,
  requestedGroups: 4,
  successfulGroups: 4,
  failedGroups: 0,
  partial: false,
  groups: [
    {
      group: 'seasonal',
      outcome: 'success',
      durationMs: 2,
      winnerMirror: 2
    },
    {
      group: 'entertainment',
      outcome: 'success',
      durationMs: 3,
      winnerMirror: 2
    },
    {
      group: 'culture',
      outcome: 'success',
      durationMs: 2,
      winnerMirror: 2
    },
    {
      group: 'outdoor',
      outcome: 'success',
      durationMs: 3,
      winnerMirror: 2
    }
  ],
  attempts: [
    {
      group: 'culture',
      mirror: 1,
      hedgeOffsetMs: 0,
      durationMs: 1,
      outcome: 'http-error',
      status: 503
    },
    {
      group: 'culture',
      mirror: 2,
      hedgeOffsetMs: 1,
      durationMs: 1,
      outcome: 'success'
    },
    {
      group: 'entertainment',
      mirror: 1,
      hedgeOffsetMs: 0,
      durationMs: 1,
      outcome: 'http-error',
      status: 503
    },
    {
      group: 'entertainment',
      mirror: 2,
      hedgeOffsetMs: 1,
      durationMs: 2,
      outcome: 'success'
    },
    {
      group: 'outdoor',
      mirror: 1,
      hedgeOffsetMs: 0,
      durationMs: 1,
      outcome: 'http-error',
      status: 503
    },
    {
      group: 'outdoor',
      mirror: 2,
      hedgeOffsetMs: 1,
      durationMs: 3,
      outcome: 'success'
    },
    {
      group: 'seasonal',
      mirror: 1,
      hedgeOffsetMs: 0,
      durationMs: 1,
      outcome: 'http-error',
      status: 503
    },
    {
      group: 'seasonal',
      mirror: 2,
      hedgeOffsetMs: 1,
      durationMs: 2,
      outcome: 'success'
    }
  ]
}
[discovery] provider-chain {
  mode: 'date-night',
  strategy: 'hedged',
  source: 'live',
  durationMs: 2,
  budgetExhausted: false,
  requestedGroups: 1,
  successfulGroups: 1,
  failedGroups: 0,
  partial: false,
  groups: [
    {
      group: 'culture',
      outcome: 'success',
      durationMs: 1,
      winnerMirror: 2
    }
  ],
  attempts: [
    {
      group: 'culture',
      mirror: 1,
      hedgeOffsetMs: 0,
      durationMs: 0,
      outcome: 'http-error',
      status: 503
    },
    {
      group: 'culture',
      mirror: 2,
      hedgeOffsetMs: 0,
      durationMs: 1,
      outcome: 'success'
    }
  ]
}
[discovery] provider-chain {
  mode: 'date-night',
  strategy: 'hedged',
  source: 'live',
  durationMs: 1,
  budgetExhausted: false,
  requestedGroups: 1,
  successfulGroups: 1,
  failedGroups: 0,
  partial: false,
  groups: [
    {
      group: 'culture',
      outcome: 'success',
      durationMs: 1,
      winnerMirror: 2
    }
  ],
  attempts: [
    {
      group: 'culture',
      mirror: 1,
      hedgeOffsetMs: 0,
      durationMs: 0,
      outcome: 'http-error',
      status: 503
    },
    {
      group: 'culture',
      mirror: 2,
      hedgeOffsetMs: 0,
      durationMs: 1,
      outcome: 'success'
    }
  ]
}
[discovery] provider-chain {
  mode: 'date-night',
  strategy: 'hedged',
  source: 'live',
  durationMs: 9,
  budgetExhausted: false,
  requestedGroups: 4,
  successfulGroups: 4,
  failedGroups: 0,
  partial: false,
  groups: [
    {
      group: 'seasonal',
      outcome: 'success',
      durationMs: 8,
      winnerMirror: 2
    },
    {
      group: 'entertainment',
      outcome: 'success',
      durationMs: 8,
      winnerMirror: 2
    },
    {
      group: 'culture',
      outcome: 'success',
      durationMs: 7,
      winnerMirror: 2
    },
    {
      group: 'outdoor',
      outcome: 'success',
      durationMs: 9,
      winnerMirror: 2
    }
  ],
  attempts: [
    {
      group: 'culture',
      mirror: 1,
      hedgeOffsetMs: 0,
      durationMs: 6,
      outcome: 'http-error',
      status: 503
    },
    {
      group: 'culture',
      mirror: 2,
      hedgeOffsetMs: 6,
      durationMs: 1,
      outcome: 'success'
    },
    {
      group: 'entertainment',
      mirror: 1,
      hedgeOffsetMs: 0,
      durationMs: 6,
      outcome: 'http-error',
      status: 503
    },
    {
      group: 'entertainment',
      mirror: 2,
      hedgeOffsetMs: 6,
      durationMs: 2,
      outcome: 'success'
    },
    {
      group: 'outdoor',
      mirror: 1,
      hedgeOffsetMs: 0,
      durationMs: 6,
      outcome: 'http-error',
      status: 503
    },
    {
      group: 'outdoor',
      mirror: 2,
      hedgeOffsetMs: 6,
      durationMs: 3,
      outcome: 'success'
    },
    {
      group: 'seasonal',
      mirror: 1,
      hedgeOffsetMs: 0,
      durationMs: 6,
      outcome: 'http-error',
      status: 503
    },
    {
      group: 'seasonal',
      mirror: 2,
      hedgeOffsetMs: 6,
      durationMs: 2,
      outcome: 'success'
    }
  ]
}
[discovery] provider-chain {
  mode: 'date-night',
  strategy: 'hedged',
  source: 'live',
  durationMs: 1,
  budgetExhausted: false,
  requestedGroups: 1,
  successfulGroups: 1,
  failedGroups: 0,
  partial: false,
  groups: [
    {
      group: 'culture',
      outcome: 'success',
      durationMs: 1,
      winnerMirror: 2
    }
  ],
  attempts: [
    {
      group: 'culture',
      mirror: 1,
      hedgeOffsetMs: 0,
      durationMs: 0,
      outcome: 'http-error',
      status: 503
    },
    {
      group: 'culture',
      mirror: 2,
      hedgeOffsetMs: 0,
      durationMs: 1,
      outcome: 'success'
    }
  ]
}
[discovery] provider-chain {
  mode: 'date-night',
  strategy: 'hedged',
  source: 'live',
  durationMs: 1,
  budgetExhausted: false,
  requestedGroups: 1,
  successfulGroups: 1,
  failedGroups: 0,
  partial: false,
  groups: [
    {
      group: 'culture',
      outcome: 'success',
      durationMs: 1,
      winnerMirror: 2
    }
  ],
  attempts: [
    {
      group: 'culture',
      mirror: 1,
      hedgeOffsetMs: 0,
      durationMs: 0,
      outcome: 'http-error',
      status: 503
    },
    {
      group: 'culture',
      mirror: 2,
      hedgeOffsetMs: 0,
      durationMs: 1,
      outcome: 'success'
    }
  ]
}
[discovery] provider-chain {
  mode: 'date-night',
  strategy: 'hedged',
  source: 'live',
  durationMs: 4,
  budgetExhausted: false,
  requestedGroups: 4,
  successfulGroups: 4,
  failedGroups: 0,
  partial: false,
  groups: [
    {
      group: 'seasonal',
      outcome: 'success',
      durationMs: 3,
      winnerMirror: 2
    },
    {
      group: 'entertainment',
      outcome: 'success',
      durationMs: 3,
      winnerMirror: 2
    },
    {
      group: 'culture',
      outcome: 'success',
      durationMs: 2,
      winnerMirror: 2
    },
    {
      group: 'outdoor',
      outcome: 'success',
      durationMs: 3,
      winnerMirror: 2
    }
  ],
  attempts: [
    {
      group: 'culture',
      mirror: 1,
      hedgeOffsetMs: 0,
      durationMs: 1,
      outcome: 'http-error',
      status: 503
    },
    {
      group: 'culture',
      mirror: 2,
      hedgeOffsetMs: 1,
      durationMs: 1,
      outcome: 'success'
    },
    {
      group: 'entertainment',
      mirror: 1,
      hedgeOffsetMs: 0,
      durationMs: 1,
      outcome: 'http-error',
      status: 503
    },
    {
      group: 'entertainment',
      mirror: 2,
      hedgeOffsetMs: 1,
      durationMs: 2,
      outcome: 'success'
    },
    {
      group: 'outdoor',
      mirror: 1,
      hedgeOffsetMs: 0,
      durationMs: 1,
      outcome: 'http-error',
      status: 503
    },
    {
      group: 'outdoor',
      mirror: 2,
      hedgeOffsetMs: 1,
      durationMs: 3,
      outcome: 'success'
    },
    {
      group: 'seasonal',
      mirror: 1,
      hedgeOffsetMs: 0,
      durationMs: 1,
      outcome: 'http-error',
      status: 503
    },
    {
      group: 'seasonal',
      mirror: 2,
      hedgeOffsetMs: 1,
      durationMs: 2,
      outcome: 'success'
    }
  ]
}
[discovery] provider-chain {
  mode: 'date-night',
  strategy: 'hedged',
  source: 'live',
  durationMs: 1,
  budgetExhausted: false,
  requestedGroups: 1,
  successfulGroups: 1,
  failedGroups: 0,
  partial: false,
  groups: [
    {
      group: 'culture',
      outcome: 'success',
      durationMs: 1,
      winnerMirror: 2
    }
  ],
  attempts: [
    {
      group: 'culture',
      mirror: 1,
      hedgeOffsetMs: 0,
      durationMs: 0,
      outcome: 'http-error',
      status: 503
    },
    {
      group: 'culture',
      mirror: 2,
      hedgeOffsetMs: 0,
      durationMs: 0,
      outcome: 'success'
    }
  ]
}
[discovery] provider-chain {
  mode: 'date-night',
  strategy: 'hedged',
  source: 'live',
  durationMs: 2,
  budgetExhausted: false,
  requestedGroups: 2,
  successfulGroups: 2,
  failedGroups: 0,
  partial: false,
  groups: [
    {
      group: 'entertainment',
      outcome: 'success',
      durationMs: 2,
      winnerMirror: 2
    },
    {
      group: 'culture',
      outcome: 'success',
      durationMs: 1,
      winnerMirror: 2
    }
  ],
  attempts: [
    {
      group: 'culture',
      mirror: 1,
      hedgeOffsetMs: 0,
      durationMs: 0,
      outcome: 'http-error',
      status: 503
    },
    {
      group: 'culture',
      mirror: 2,
      hedgeOffsetMs: 0,
      durationMs: 1,
      outcome: 'success'
    },
    {
      group: 'entertainment',
      mirror: 1,
      hedgeOffsetMs: 0,
      durationMs: 0,
      outcome: 'http-error',
      status: 503
    },
    {
      group: 'entertainment',
      mirror: 2,
      hedgeOffsetMs: 0,
      durationMs: 1,
      outcome: 'success'
    }
  ]
}
[discovery] provider-chain {
  mode: 'date-night',
  strategy: 'hedged',
  source: 'live',
  durationMs: 4,
  budgetExhausted: false,
  requestedGroups: 4,
  successfulGroups: 4,
  failedGroups: 0,
  partial: false,
  groups: [
    {
      group: 'seasonal',
      outcome: 'success',
      durationMs: 3,
      winnerMirror: 2
    },
    {
      group: 'entertainment',
      outcome: 'success',
      durationMs: 3,
      winnerMirror: 2
    },
    {
      group: 'culture',
      outcome: 'success',
      durationMs: 2,
      winnerMirror: 2
    },
    {
      group: 'outdoor',
      outcome: 'success',
      durationMs: 4,
      winnerMirror: 2
    }
  ],
  attempts: [
    {
      group: 'culture',
      mirror: 1,
      hedgeOffsetMs: 0,
      durationMs: 1,
      outcome: 'http-error',
      status: 503
    },
    {
      group: 'culture',
      mirror: 2,
      hedgeOffsetMs: 1,
      durationMs: 1,
      outcome: 'success'
    },
    {
      group: 'entertainment',
      mirror: 1,
      hedgeOffsetMs: 0,
      durationMs: 1,
      outcome: 'http-error',
      status: 503
    },
    {
      group: 'entertainment',
      mirror: 2,
      hedgeOffsetMs: 1,
      durationMs: 3,
      outcome: 'success'
    },
    {
      group: 'outdoor',
      mirror: 1,
      hedgeOffsetMs: 0,
      durationMs: 1,
      outcome: 'http-error',
      status: 503
    },
    {
      group: 'outdoor',
      mirror: 2,
      hedgeOffsetMs: 1,
      durationMs: 3,
      outcome: 'success'
    },
    {
      group: 'seasonal',
      mirror: 1,
      hedgeOffsetMs: 0,
      durationMs: 1,
      outcome: 'http-error',
      status: 503
    },
    {
      group: 'seasonal',
      mirror: 2,
      hedgeOffsetMs: 1,
      durationMs: 2,
      outcome: 'success'
    }
  ]
}
✔ real handler disused: forward/reverse seasonal and ordinary flags, result order, later mirror (77.981426ms)
✔ real handler disused: reconstructed contextual seasonal evidence and ordinary namespace parity (11.434923ms)
[discovery] provider-chain {
  mode: 'date-night',
  strategy: 'hedged',
  source: 'live',
  durationMs: 1,
  budgetExhausted: false,
  requestedGroups: 1,
  successfulGroups: 1,
  failedGroups: 0,
  partial: false,
  groups: [
    {
      group: 'seasonal',
      outcome: 'success',
      durationMs: 1,
      winnerMirror: 2
    }
  ],
  attempts: [
    {
      group: 'seasonal',
      mirror: 1,
      hedgeOffsetMs: 0,
      durationMs: 0,
      outcome: 'http-error',
      status: 503
    },
    {
      group: 'seasonal',
      mirror: 2,
      hedgeOffsetMs: 0,
      durationMs: 1,
      outcome: 'success'
    }
  ]
}
[discovery] provider-chain {
  mode: 'date-night',
  strategy: 'hedged',
  source: 'live',
  durationMs: 1,
  budgetExhausted: false,
  requestedGroups: 1,
  successfulGroups: 1,
  failedGroups: 0,
  partial: false,
  groups: [
    {
      group: 'seasonal',
      outcome: 'success',
      durationMs: 1,
      winnerMirror: 2
    }
  ],
  attempts: [
    {
      group: 'seasonal',
      mirror: 1,
      hedgeOffsetMs: 0,
      durationMs: 0,
      outcome: 'http-error',
      status: 503
    },
    {
      group: 'seasonal',
      mirror: 2,
      hedgeOffsetMs: 0,
      durationMs: 1,
      outcome: 'success'
    }
  ]
}
[discovery] provider-chain {
  mode: 'date-night',
  strategy: 'hedged',
  source: 'live',
  durationMs: 3,
  budgetExhausted: false,
  requestedGroups: 4,
  successfulGroups: 4,
  failedGroups: 0,
  partial: false,
  groups: [
    {
      group: 'seasonal',
      outcome: 'success',
      durationMs: 2,
      winnerMirror: 2
    },
    {
      group: 'entertainment',
      outcome: 'success',
      durationMs: 2,
      winnerMirror: 2
    },
    {
      group: 'culture',
      outcome: 'success',
      durationMs: 1,
      winnerMirror: 2
    },
    {
      group: 'outdoor',
      outcome: 'success',
      durationMs: 3,
      winnerMirror: 2
    }
  ],
  attempts: [
    {
      group: 'culture',
      mirror: 1,
      hedgeOffsetMs: 0,
      durationMs: 1,
      outcome: 'http-error',
      status: 503
    },
    {
      group: 'culture',
      mirror: 2,
      hedgeOffsetMs: 1,
      durationMs: 1,
      outcome: 'success'
    },
    {
      group: 'entertainment',
      mirror: 1,
      hedgeOffsetMs: 0,
      durationMs: 1,
      outcome: 'http-error',
      status: 503
    },
    {
      group: 'entertainment',
      mirror: 2,
      hedgeOffsetMs: 1,
      durationMs: 2,
      outcome: 'success'
    },
    {
      group: 'outdoor',
      mirror: 1,
      hedgeOffsetMs: 0,
      durationMs: 0,
      outcome: 'http-error',
      status: 503
    },
    {
      group: 'outdoor',
      mirror: 2,
      hedgeOffsetMs: 0,
      durationMs: 2,
      outcome: 'success'
    },
    {
      group: 'seasonal',
      mirror: 1,
      hedgeOffsetMs: 0,
      durationMs: 1,
      outcome: 'http-error',
      status: 503
    },
    {
      group: 'seasonal',
      mirror: 2,
      hedgeOffsetMs: 1,
      durationMs: 2,
      outcome: 'success'
    }
  ]
}
[discovery] provider-chain {
  mode: 'date-night',
  strategy: 'hedged',
  source: 'live',
  durationMs: 1,
  budgetExhausted: false,
  requestedGroups: 1,
  successfulGroups: 1,
  failedGroups: 0,
  partial: false,
  groups: [
    {
      group: 'seasonal',
      outcome: 'success',
      durationMs: 1,
      winnerMirror: 2
    }
  ],
  attempts: [
    {
      group: 'seasonal',
      mirror: 1,
      hedgeOffsetMs: 0,
      durationMs: 0,
      outcome: 'http-error',
      status: 503
    },
    {
      group: 'seasonal',
      mirror: 2,
      hedgeOffsetMs: 0,
      durationMs: 1,
      outcome: 'success'
    }
  ]
}
[discovery] provider-chain {
  mode: 'date-night',
  strategy: 'hedged',
  source: 'live',
  durationMs: 1,
  budgetExhausted: false,
  requestedGroups: 1,
  successfulGroups: 1,
  failedGroups: 0,
  partial: false,
  groups: [
    {
      group: 'seasonal',
      outcome: 'success',
      durationMs: 1,
      winnerMirror: 2
    }
  ],
  attempts: [
    {
      group: 'seasonal',
      mirror: 1,
      hedgeOffsetMs: 0,
      durationMs: 0,
      outcome: 'http-error',
      status: 503
    },
    {
      group: 'seasonal',
      mirror: 2,
      hedgeOffsetMs: 0,
      durationMs: 0,
      outcome: 'success'
    }
  ]
}
[discovery] provider-chain {
  mode: 'date-night',
  strategy: 'hedged',
  source: 'live',
  durationMs: 2,
  budgetExhausted: false,
  requestedGroups: 4,
  successfulGroups: 4,
  failedGroups: 0,
  partial: false,
  groups: [
    {
      group: 'seasonal',
      outcome: 'success',
      durationMs: 2,
      winnerMirror: 2
    },
    {
      group: 'entertainment',
      outcome: 'success',
      durationMs: 2,
      winnerMirror: 2
    },
    {
      group: 'culture',
      outcome: 'success',
      durationMs: 1,
      winnerMirror: 2
    },
    {
      group: 'outdoor',
      outcome: 'success',
      durationMs: 2,
      winnerMirror: 2
    }
  ],
  attempts: [
    {
      group: 'culture',
      mirror: 1,
      hedgeOffsetMs: 0,
      durationMs: 0,
      outcome: 'http-error',
      status: 503
    },
    {
      group: 'culture',
      mirror: 2,
      hedgeOffsetMs: 0,
      durationMs: 0,
      outcome: 'success'
    },
    {
      group: 'entertainment',
      mirror: 1,
      hedgeOffsetMs: 0,
      durationMs: 0,
      outcome: 'http-error',
      status: 503
    },
    {
      group: 'entertainment',
      mirror: 2,
      hedgeOffsetMs: 0,
      durationMs: 1,
      outcome: 'success'
    },
    {
      group: 'outdoor',
      mirror: 1,
      hedgeOffsetMs: 0,
      durationMs: 0,
      outcome: 'http-error',
      status: 503
    },
    {
      group: 'outdoor',
      mirror: 2,
      hedgeOffsetMs: 0,
      durationMs: 2,
      outcome: 'success'
    },
    {
      group: 'seasonal',
      mirror: 1,
      hedgeOffsetMs: 0,
      durationMs: 0,
      outcome: 'http-error',
      status: 503
    },
    {
      group: 'seasonal',
      mirror: 2,
      hedgeOffsetMs: 1,
      durationMs: 1,
      outcome: 'success'
    }
  ]
}
[discovery] provider-chain {
  mode: 'date-night',
  strategy: 'hedged',
  source: 'live',
  durationMs: 1,
  budgetExhausted: false,
  requestedGroups: 1,
  successfulGroups: 1,
  failedGroups: 0,
  partial: false,
  groups: [
    {
      group: 'culture',
      outcome: 'success',
      durationMs: 1,
      winnerMirror: 2
    }
  ],
  attempts: [
    {
      group: 'culture',
      mirror: 1,
      hedgeOffsetMs: 0,
      durationMs: 0,
      outcome: 'http-error',
      status: 503
    },
    {
      group: 'culture',
      mirror: 2,
      hedgeOffsetMs: 0,
      durationMs: 1,
      outcome: 'success'
    }
  ]
}
[discovery] provider-chain {
  mode: 'date-night',
  strategy: 'hedged',
  source: 'live',
  durationMs: 1,
  budgetExhausted: false,
  requestedGroups: 1,
  successfulGroups: 1,
  failedGroups: 0,
  partial: false,
  groups: [
    {
      group: 'culture',
      outcome: 'success',
      durationMs: 1,
      winnerMirror: 2
    }
  ],
  attempts: [
    {
      group: 'culture',
      mirror: 1,
      hedgeOffsetMs: 0,
      durationMs: 0,
      outcome: 'http-error',
      status: 503
    },
    {
      group: 'culture',
      mirror: 2,
      hedgeOffsetMs: 0,
      durationMs: 0,
      outcome: 'success'
    }
  ]
}
[discovery] provider-chain {
  mode: 'date-night',
  strategy: 'hedged',
  source: 'live',
  durationMs: 2,
  budgetExhausted: false,
  requestedGroups: 4,
  successfulGroups: 4,
  failedGroups: 0,
  partial: false,
  groups: [
    {
      group: 'seasonal',
      outcome: 'success',
      durationMs: 2,
      winnerMirror: 2
    },
    {
      group: 'entertainment',
      outcome: 'success',
      durationMs: 2,
      winnerMirror: 2
    },
    {
      group: 'culture',
      outcome: 'success',
      durationMs: 1,
      winnerMirror: 2
    },
    {
      group: 'outdoor',
      outcome: 'success',
      durationMs: 2,
      winnerMirror: 2
    }
  ],
  attempts: [
    {
      group: 'culture',
      mirror: 1,
      hedgeOffsetMs: 0,
      durationMs: 0,
      outcome: 'http-error',
      status: 503
    },
    {
      group: 'culture',
      mirror: 2,
      hedgeOffsetMs: 0,
      durationMs: 1,
      outcome: 'success'
    },
    {
      group: 'entertainment',
      mirror: 1,
      hedgeOffsetMs: 0,
      durationMs: 0,
      outcome: 'http-error',
      status: 503
    },
    {
      group: 'entertainment',
      mirror: 2,
      hedgeOffsetMs: 0,
      durationMs: 1,
      outcome: 'success'
    },
    {
      group: 'outdoor',
      mirror: 1,
      hedgeOffsetMs: 0,
      durationMs: 0,
      outcome: 'http-error',
      status: 503
    },
    {
      group: 'outdoor',
      mirror: 2,
      hedgeOffsetMs: 0,
      durationMs: 2,
      outcome: 'success'
    },
    {
      group: 'seasonal',
      mirror: 1,
      hedgeOffsetMs: 0,
      durationMs: 0,
      outcome: 'http-error',
      status: 503
    },
    {
      group: 'seasonal',
      mirror: 2,
      hedgeOffsetMs: 0,
      durationMs: 1,
      outcome: 'success'
    }
  ]
}
[discovery] provider-chain {
  mode: 'date-night',
  strategy: 'hedged',
  source: 'live',
  durationMs: 1,
  budgetExhausted: false,
  requestedGroups: 1,
  successfulGroups: 1,
  failedGroups: 0,
  partial: false,
  groups: [
    {
      group: 'culture',
      outcome: 'success',
      durationMs: 1,
      winnerMirror: 2
    }
  ],
  attempts: [
    {
      group: 'culture',
      mirror: 1,
      hedgeOffsetMs: 0,
      durationMs: 0,
      outcome: 'http-error',
      status: 503
    },
    {
      group: 'culture',
      mirror: 2,
      hedgeOffsetMs: 0,
      durationMs: 1,
      outcome: 'success'
    }
  ]
}
[discovery] provider-chain {
  mode: 'date-night',
  strategy: 'hedged',
  source: 'live',
  durationMs: 1,
  budgetExhausted: false,
  requestedGroups: 1,
  successfulGroups: 1,
  failedGroups: 0,
  partial: false,
  groups: [
    {
      group: 'culture',
      outcome: 'success',
      durationMs: 1,
      winnerMirror: 2
    }
  ],
  attempts: [
    {
      group: 'culture',
      mirror: 1,
      hedgeOffsetMs: 0,
      durationMs: 0,
      outcome: 'http-error',
      status: 503
    },
    {
      group: 'culture',
      mirror: 2,
      hedgeOffsetMs: 0,
      durationMs: 0,
      outcome: 'success'
    }
  ]
}
[discovery] provider-chain {
  mode: 'date-night',
  strategy: 'hedged',
  source: 'live',
  durationMs: 3,
  budgetExhausted: false,
  requestedGroups: 4,
  successfulGroups: 4,
  failedGroups: 0,
  partial: false,
  groups: [
    {
      group: 'seasonal',
      outcome: 'success',
      durationMs: 2,
      winnerMirror: 2
    },
    {
      group: 'entertainment',
      outcome: 'success',
      durationMs: 2,
      winnerMirror: 2
    },
    {
      group: 'culture',
      outcome: 'success',
      durationMs: 1,
      winnerMirror: 2
    },
    {
      group: 'outdoor',
      outcome: 'success',
      durationMs: 2,
      winnerMirror: 2
    }
  ],
  attempts: [
    {
      group: 'culture',
      mirror: 1,
      hedgeOffsetMs: 0,
      durationMs: 0,
      outcome: 'http-error',
      status: 503
    },
    {
      group: 'culture',
      mirror: 2,
      hedgeOffsetMs: 0,
      durationMs: 1,
      outcome: 'success'
    },
    {
      group: 'entertainment',
      mirror: 1,
      hedgeOffsetMs: 0,
      durationMs: 0,
      outcome: 'http-error',
      status: 503
    },
    {
      group: 'entertainment',
      mirror: 2,
      hedgeOffsetMs: 0,
      durationMs: 2,
      outcome: 'success'
    },
    {
      group: 'outdoor',
      mirror: 1,
      hedgeOffsetMs: 0,
      durationMs: 0,
      outcome: 'http-error',
      status: 503
    },
    {
      group: 'outdoor',
      mirror: 2,
      hedgeOffsetMs: 0,
      durationMs: 2,
      outcome: 'success'
    },
    {
      group: 'seasonal',
      mirror: 1,
      hedgeOffsetMs: 0,
      durationMs: 0,
      outcome: 'http-error',
      status: 503
    },
    {
      group: 'seasonal',
      mirror: 2,
      hedgeOffsetMs: 0,
      durationMs: 1,
      outcome: 'success'
    }
  ]
}
[discovery] provider-chain {
  mode: 'date-night',
  strategy: 'hedged',
  source: 'live',
  durationMs: 1,
  budgetExhausted: false,
  requestedGroups: 1,
  successfulGroups: 1,
  failedGroups: 0,
  partial: false,
  groups: [
    {
      group: 'culture',
      outcome: 'success',
      durationMs: 1,
      winnerMirror: 2
    }
  ],
  attempts: [
    {
      group: 'culture',
      mirror: 1,
      hedgeOffsetMs: 0,
      durationMs: 0,
      outcome: 'http-error',
      status: 503
    },
    {
      group: 'culture',
      mirror: 2,
      hedgeOffsetMs: 0,
      durationMs: 0,
      outcome: 'success'
    }
  ]
}
[discovery] provider-chain {
  mode: 'date-night',
  strategy: 'hedged',
  source: 'live',
  durationMs: 5,
  budgetExhausted: false,
  requestedGroups: 2,
  successfulGroups: 2,
  failedGroups: 0,
  partial: false,
  groups: [
    {
      group: 'entertainment',
      outcome: 'success',
      durationMs: 5,
      winnerMirror: 2
    },
    {
      group: 'culture',
      outcome: 'success',
      durationMs: 1,
      winnerMirror: 2
    }
  ],
  attempts: [
    {
      group: 'culture',
      mirror: 1,
      hedgeOffsetMs: 0,
      durationMs: 0,
      outcome: 'http-error',
      status: 503
    },
    {
      group: 'culture',
      mirror: 2,
      hedgeOffsetMs: 0,
      durationMs: 1,
      outcome: 'success'
    },
    {
      group: 'entertainment',
      mirror: 1,
      hedgeOffsetMs: 0,
      durationMs: 0,
      outcome: 'http-error',
      status: 503
    },
    {
      group: 'entertainment',
      mirror: 2,
      hedgeOffsetMs: 0,
      durationMs: 5,
      outcome: 'success'
    }
  ]
}
[discovery] provider-chain {
  mode: 'date-night',
  strategy: 'hedged',
  source: 'live',
  durationMs: 5,
  budgetExhausted: false,
  requestedGroups: 4,
  successfulGroups: 4,
  failedGroups: 0,
  partial: false,
  groups: [
    {
      group: 'seasonal',
      outcome: 'success',
      durationMs: 2,
      winnerMirror: 2
    },
    {
      group: 'entertainment',
      outcome: 'success',
      durationMs: 3,
      winnerMirror: 2
    },
    {
      group: 'culture',
      outcome: 'success',
      durationMs: 1,
      winnerMirror: 2
    },
    {
      group: 'outdoor',
      outcome: 'success',
      durationMs: 5,
      winnerMirror: 2
    }
  ],
  attempts: [
    {
      group: 'culture',
      mirror: 1,
      hedgeOffsetMs: 0,
      durationMs: 0,
      outcome: 'http-error',
      status: 503
    },
    {
      group: 'culture',
      mirror: 2,
      hedgeOffsetMs: 0,
      durationMs: 1,
      outcome: 'success'
    },
    {
      group: 'entertainment',
      mirror: 1,
      hedgeOffsetMs: 0,
      durationMs: 0,
      outcome: 'http-error',
      status: 503
    },
    {
      group: 'entertainment',
      mirror: 2,
      hedgeOffsetMs: 0,
      durationMs: 3,
      outcome: 'success'
    },
    {
      group: 'outdoor',
      mirror: 1,
      hedgeOffsetMs: 0,
      durationMs: 0,
      outcome: 'http-error',
      status: 503
    },
    {
      group: 'outdoor',
      mirror: 2,
      hedgeOffsetMs: 0,
      durationMs: 4,
      outcome: 'success'
    },
    {
      group: 'seasonal',
      mirror: 1,
      hedgeOffsetMs: 0,
      durationMs: 0,
      outcome: 'http-error',
      status: 503
    },
    {
      group: 'seasonal',
      mirror: 2,
      hedgeOffsetMs: 0,
      durationMs: 1,
      outcome: 'success'
    }
  ]
}
✔ real handler abandoned: forward/reverse seasonal and ordinary flags, result order, later mirror (50.907548ms)
✔ real handler abandoned: reconstructed contextual seasonal evidence and ordinary namespace parity (11.328095ms)
[discovery] provider-chain {
  mode: 'date-night',
  strategy: 'hedged',
  source: 'live',
  durationMs: 1,
  budgetExhausted: false,
  requestedGroups: 1,
  successfulGroups: 1,
  failedGroups: 0,
  partial: false,
  groups: [
    {
      group: 'seasonal',
      outcome: 'success',
      durationMs: 1,
      winnerMirror: 2
    }
  ],
  attempts: [
    {
      group: 'seasonal',
      mirror: 1,
      hedgeOffsetMs: 0,
      durationMs: 0,
      outcome: 'http-error',
      status: 503
    },
    {
      group: 'seasonal',
      mirror: 2,
      hedgeOffsetMs: 0,
      durationMs: 0,
      outcome: 'success'
    }
  ]
}
[discovery] provider-chain {
  mode: 'date-night',
  strategy: 'hedged',
  source: 'live',
  durationMs: 1,
  budgetExhausted: false,
  requestedGroups: 1,
  successfulGroups: 1,
  failedGroups: 0,
  partial: false,
  groups: [
    {
      group: 'seasonal',
      outcome: 'success',
      durationMs: 1,
      winnerMirror: 2
    }
  ],
  attempts: [
    {
      group: 'seasonal',
      mirror: 1,
      hedgeOffsetMs: 0,
      durationMs: 0,
      outcome: 'http-error',
      status: 503
    },
    {
      group: 'seasonal',
      mirror: 2,
      hedgeOffsetMs: 0,
      durationMs: 1,
      outcome: 'success'
    }
  ]
}
[discovery] provider-chain {
  mode: 'date-night',
  strategy: 'hedged',
  source: 'live',
  durationMs: 4,
  budgetExhausted: false,
  requestedGroups: 4,
  successfulGroups: 4,
  failedGroups: 0,
  partial: false,
  groups: [
    {
      group: 'seasonal',
      outcome: 'success',
      durationMs: 3,
      winnerMirror: 2
    },
    {
      group: 'entertainment',
      outcome: 'success',
      durationMs: 3,
      winnerMirror: 2
    },
    {
      group: 'culture',
      outcome: 'success',
      durationMs: 2,
      winnerMirror: 2
    },
    {
      group: 'outdoor',
      outcome: 'success',
      durationMs: 3,
      winnerMirror: 2
    }
  ],
  attempts: [
    {
      group: 'culture',
      mirror: 1,
      hedgeOffsetMs: 0,
      durationMs: 0,
      outcome: 'http-error',
      status: 503
    },
    {
      group: 'culture',
      mirror: 2,
      hedgeOffsetMs: 0,
      durationMs: 1,
      outcome: 'success'
    },
    {
      group: 'entertainment',
      mirror: 1,
      hedgeOffsetMs: 0,
      durationMs: 0,
      outcome: 'http-error',
      status: 503
    },
    {
      group: 'entertainment',
      mirror: 2,
      hedgeOffsetMs: 0,
      durationMs: 3,
      outcome: 'success'
    },
    {
      group: 'outdoor',
      mirror: 1,
      hedgeOffsetMs: 0,
      durationMs: 0,
      outcome: 'http-error',
      status: 503
    },
    {
      group: 'outdoor',
      mirror: 2,
      hedgeOffsetMs: 0,
      durationMs: 3,
      outcome: 'success'
    },
    {
      group: 'seasonal',
      mirror: 1,
      hedgeOffsetMs: 0,
      durationMs: 0,
      outcome: 'http-error',
      status: 503
    },
    {
      group: 'seasonal',
      mirror: 2,
      hedgeOffsetMs: 0,
      durationMs: 2,
      outcome: 'success'
    }
  ]
}
[discovery] provider-chain {
  mode: 'date-night',
  strategy: 'hedged',
  source: 'live',
  durationMs: 1,
  budgetExhausted: false,
  requestedGroups: 1,
  successfulGroups: 1,
  failedGroups: 0,
  partial: false,
  groups: [
    {
      group: 'seasonal',
      outcome: 'success',
      durationMs: 1,
      winnerMirror: 2
    }
  ],
  attempts: [
    {
      group: 'seasonal',
      mirror: 1,
      hedgeOffsetMs: 0,
      durationMs: 0,
      outcome: 'http-error',
      status: 503
    },
    {
      group: 'seasonal',
      mirror: 2,
      hedgeOffsetMs: 0,
      durationMs: 0,
      outcome: 'success'
    }
  ]
}
[discovery] provider-chain {
  mode: 'date-night',
  strategy: 'hedged',
  source: 'live',
  durationMs: 1,
  budgetExhausted: false,
  requestedGroups: 1,
  successfulGroups: 1,
  failedGroups: 0,
  partial: false,
  groups: [
    {
      group: 'seasonal',
      outcome: 'success',
      durationMs: 1,
      winnerMirror: 2
    }
  ],
  attempts: [
    {
      group: 'seasonal',
      mirror: 1,
      hedgeOffsetMs: 0,
      durationMs: 0,
      outcome: 'http-error',
      status: 503
    },
    {
      group: 'seasonal',
      mirror: 2,
      hedgeOffsetMs: 0,
      durationMs: 0,
      outcome: 'success'
    }
  ]
}
[discovery] provider-chain {
  mode: 'date-night',
  strategy: 'hedged',
  source: 'live',
  durationMs: 2,
  budgetExhausted: false,
  requestedGroups: 4,
  successfulGroups: 4,
  failedGroups: 0,
  partial: false,
  groups: [
    {
      group: 'seasonal',
      outcome: 'success',
      durationMs: 1,
      winnerMirror: 2
    },
    {
      group: 'entertainment',
      outcome: 'success',
      durationMs: 2,
      winnerMirror: 2
    },
    {
      group: 'culture',
      outcome: 'success',
      durationMs: 1,
      winnerMirror: 2
    },
    {
      group: 'outdoor',
      outcome: 'success',
      durationMs: 2,
      winnerMirror: 2
    }
  ],
  attempts: [
    {
      group: 'culture',
      mirror: 1,
      hedgeOffsetMs: 0,
      durationMs: 0,
      outcome: 'http-error',
      status: 503
    },
    {
      group: 'culture',
      mirror: 2,
      hedgeOffsetMs: 0,
      durationMs: 1,
      outcome: 'success'
    },
    {
      group: 'entertainment',
      mirror: 1,
      hedgeOffsetMs: 0,
      durationMs: 0,
      outcome: 'http-error',
      status: 503
    },
    {
      group: 'entertainment',
      mirror: 2,
      hedgeOffsetMs: 0,
      durationMs: 1,
      outcome: 'success'
    },
    {
      group: 'outdoor',
      mirror: 1,
      hedgeOffsetMs: 0,
      durationMs: 0,
      outcome: 'http-error',
      status: 503
    },
    {
      group: 'outdoor',
      mirror: 2,
      hedgeOffsetMs: 0,
      durationMs: 2,
      outcome: 'success'
    },
    {
      group: 'seasonal',
      mirror: 1,
      hedgeOffsetMs: 0,
      durationMs: 0,
      outcome: 'http-error',
      status: 503
    },
    {
      group: 'seasonal',
      mirror: 2,
      hedgeOffsetMs: 0,
      durationMs: 1,
      outcome: 'success'
    }
  ]
}
[discovery] provider-chain {
  mode: 'date-night',
  strategy: 'hedged',
  source: 'live',
  durationMs: 1,
  budgetExhausted: false,
  requestedGroups: 1,
  successfulGroups: 1,
  failedGroups: 0,
  partial: false,
  groups: [
    {
      group: 'culture',
      outcome: 'success',
      durationMs: 0,
      winnerMirror: 2
    }
  ],
  attempts: [
    {
      group: 'culture',
      mirror: 1,
      hedgeOffsetMs: 0,
      durationMs: 0,
      outcome: 'http-error',
      status: 503
    },
    {
      group: 'culture',
      mirror: 2,
      hedgeOffsetMs: 0,
      durationMs: 0,
      outcome: 'success'
    }
  ]
}
[discovery] provider-chain {
  mode: 'date-night',
  strategy: 'hedged',
  source: 'live',
  durationMs: 1,
  budgetExhausted: false,
  requestedGroups: 1,
  successfulGroups: 1,
  failedGroups: 0,
  partial: false,
  groups: [
    {
      group: 'culture',
      outcome: 'success',
      durationMs: 0,
      winnerMirror: 2
    }
  ],
  attempts: [
    {
      group: 'culture',
      mirror: 1,
      hedgeOffsetMs: 0,
      durationMs: 0,
      outcome: 'http-error',
      status: 503
    },
    {
      group: 'culture',
      mirror: 2,
      hedgeOffsetMs: 0,
      durationMs: 0,
      outcome: 'success'
    }
  ]
}
[discovery] provider-chain {
  mode: 'date-night',
  strategy: 'hedged',
  source: 'live',
  durationMs: 2,
  budgetExhausted: false,
  requestedGroups: 4,
  successfulGroups: 4,
  failedGroups: 0,
  partial: false,
  groups: [
    {
      group: 'seasonal',
      outcome: 'success',
      durationMs: 1,
      winnerMirror: 2
    },
    {
      group: 'entertainment',
      outcome: 'success',
      durationMs: 2,
      winnerMirror: 2
    },
    {
      group: 'culture',
      outcome: 'success',
      durationMs: 1,
      winnerMirror: 2
    },
    {
      group: 'outdoor',
      outcome: 'success',
      durationMs: 2,
      winnerMirror: 2
    }
  ],
  attempts: [
    {
      group: 'culture',
      mirror: 1,
      hedgeOffsetMs: 0,
      durationMs: 0,
      outcome: 'http-error',
      status: 503
    },
    {
      group: 'culture',
      mirror: 2,
      hedgeOffsetMs: 0,
      durationMs: 1,
      outcome: 'success'
    },
    {
      group: 'entertainment',
      mirror: 1,
      hedgeOffsetMs: 0,
      durationMs: 0,
      outcome: 'http-error',
      status: 503
    },
    {
      group: 'entertainment',
      mirror: 2,
      hedgeOffsetMs: 0,
      durationMs: 1,
      outcome: 'success'
    },
    {
      group: 'outdoor',
      mirror: 1,
      hedgeOffsetMs: 0,
      durationMs: 0,
      outcome: 'http-error',
      status: 503
    },
    {
      group: 'outdoor',
      mirror: 2,
      hedgeOffsetMs: 0,
      durationMs: 2,
      outcome: 'success'
    },
    {
      group: 'seasonal',
      mirror: 1,
      hedgeOffsetMs: 0,
      durationMs: 0,
      outcome: 'http-error',
      status: 503
    },
    {
      group: 'seasonal',
      mirror: 2,
      hedgeOffsetMs: 0,
      durationMs: 1,
      outcome: 'success'
    }
  ]
}
[discovery] provider-chain {
  mode: 'date-night',
  strategy: 'hedged',
  source: 'live',
  durationMs: 1,
  budgetExhausted: false,
  requestedGroups: 1,
  successfulGroups: 1,
  failedGroups: 0,
  partial: false,
  groups: [
    {
      group: 'culture',
      outcome: 'success',
      durationMs: 1,
      winnerMirror: 2
    }
  ],
  attempts: [
    {
      group: 'culture',
      mirror: 1,
      hedgeOffsetMs: 0,
      durationMs: 0,
      outcome: 'http-error',
      status: 503
    },
    {
      group: 'culture',
      mirror: 2,
      hedgeOffsetMs: 0,
      durationMs: 0,
      outcome: 'success'
    }
  ]
}
[discovery] provider-chain {
  mode: 'date-night',
  strategy: 'hedged',
  source: 'live',
  durationMs: 1,
  budgetExhausted: false,
  requestedGroups: 1,
  successfulGroups: 1,
  failedGroups: 0,
  partial: false,
  groups: [
    {
      group: 'culture',
      outcome: 'success',
      durationMs: 1,
      winnerMirror: 2
    }
  ],
  attempts: [
    {
      group: 'culture',
      mirror: 1,
      hedgeOffsetMs: 0,
      durationMs: 0,
      outcome: 'http-error',
      status: 503
    },
    {
      group: 'culture',
      mirror: 2,
      hedgeOffsetMs: 0,
      durationMs: 0,
      outcome: 'success'
    }
  ]
}
[discovery] provider-chain {
  mode: 'date-night',
  strategy: 'hedged',
  source: 'live',
  durationMs: 6,
  budgetExhausted: false,
  requestedGroups: 4,
  successfulGroups: 4,
  failedGroups: 0,
  partial: false,
  groups: [
    {
      group: 'seasonal',
      outcome: 'success',
      durationMs: 5,
      winnerMirror: 2
    },
    {
      group: 'entertainment',
      outcome: 'success',
      durationMs: 5,
      winnerMirror: 2
    },
    {
      group: 'culture',
      outcome: 'success',
      durationMs: 1,
      winnerMirror: 2
    },
    {
      group: 'outdoor',
      outcome: 'success',
      durationMs: 6,
      winnerMirror: 2
    }
  ],
  attempts: [
    {
      group: 'culture',
      mirror: 1,
      hedgeOffsetMs: 0,
      durationMs: 0,
      outcome: 'http-error',
      status: 503
    },
    {
      group: 'culture',
      mirror: 2,
      hedgeOffsetMs: 0,
      durationMs: 1,
      outcome: 'success'
    },
    {
      group: 'entertainment',
      mirror: 1,
      hedgeOffsetMs: 0,
      durationMs: 0,
      outcome: 'http-error',
      status: 503
    },
    {
      group: 'entertainment',
      mirror: 2,
      hedgeOffsetMs: 0,
      durationMs: 5,
      outcome: 'success'
    },
    {
      group: 'outdoor',
      mirror: 1,
      hedgeOffsetMs: 0,
      durationMs: 0,
      outcome: 'http-error',
      status: 503
    },
    {
      group: 'outdoor',
      mirror: 2,
      hedgeOffsetMs: 0,
      durationMs: 5,
      outcome: 'success'
    },
    {
      group: 'seasonal',
      mirror: 1,
      hedgeOffsetMs: 0,
      durationMs: 0,
      outcome: 'http-error',
      status: 503
    },
    {
      group: 'seasonal',
      mirror: 2,
      hedgeOffsetMs: 0,
      durationMs: 5,
      outcome: 'success'
    }
  ]
}
[discovery] provider-chain {
  mode: 'date-night',
  strategy: 'hedged',
  source: 'live',
  durationMs: 1,
  budgetExhausted: false,
  requestedGroups: 1,
  successfulGroups: 1,
  failedGroups: 0,
  partial: false,
  groups: [
    {
      group: 'culture',
      outcome: 'success',
      durationMs: 1,
      winnerMirror: 2
    }
  ],
  attempts: [
    {
      group: 'culture',
      mirror: 1,
      hedgeOffsetMs: 0,
      durationMs: 0,
      outcome: 'http-error',
      status: 503
    },
    {
      group: 'culture',
      mirror: 2,
      hedgeOffsetMs: 0,
      durationMs: 0,
      outcome: 'success'
    }
  ]
}
[discovery] provider-chain {
  mode: 'date-night',
  strategy: 'hedged',
  source: 'live',
  durationMs: 1,
  budgetExhausted: false,
  requestedGroups: 2,
  successfulGroups: 2,
  failedGroups: 0,
  partial: false,
  groups: [
    {
      group: 'entertainment',
      outcome: 'success',
      durationMs: 1,
      winnerMirror: 2
    },
    {
      group: 'culture',
      outcome: 'success',
      durationMs: 1,
      winnerMirror: 2
    }
  ],
  attempts: [
    {
      group: 'culture',
      mirror: 1,
      hedgeOffsetMs: 0,
      durationMs: 0,
      outcome: 'http-error',
      status: 503
    },
    {
      group: 'culture',
      mirror: 2,
      hedgeOffsetMs: 0,
      durationMs: 0,
      outcome: 'success'
    },
    {
      group: 'entertainment',
      mirror: 1,
      hedgeOffsetMs: 0,
      durationMs: 0,
      outcome: 'http-error',
      status: 503
    },
    {
      group: 'entertainment',
      mirror: 2,
      hedgeOffsetMs: 0,
      durationMs: 1,
      outcome: 'success'
    }
  ]
}
[discovery] provider-chain {
  mode: 'date-night',
  strategy: 'hedged',
  source: 'live',
  durationMs: 2,
  budgetExhausted: false,
  requestedGroups: 4,
  successfulGroups: 4,
  failedGroups: 0,
  partial: false,
  groups: [
    {
      group: 'seasonal',
      outcome: 'success',
      durationMs: 1,
      winnerMirror: 2
    },
    {
      group: 'entertainment',
      outcome: 'success',
      durationMs: 2,
      winnerMirror: 2
    },
    {
      group: 'culture',
      outcome: 'success',
      durationMs: 1,
      winnerMirror: 2
    },
    {
      group: 'outdoor',
      outcome: 'success',
      durationMs: 2,
      winnerMirror: 2
    }
  ],
  attempts: [
    {
      group: 'culture',
      mirror: 1,
      hedgeOffsetMs: 0,
      durationMs: 0,
      outcome: 'http-error',
      status: 503
    },
    {
      group: 'culture',
      mirror: 2,
      hedgeOffsetMs: 0,
      durationMs: 1,
      outcome: 'success'
    },
    {
      group: 'entertainment',
      mirror: 1,
      hedgeOffsetMs: 0,
      durationMs: 0,
      outcome: 'http-error',
      status: 503
    },
    {
      group: 'entertainment',
      mirror: 2,
      hedgeOffsetMs: 0,
      durationMs: 1,
      outcome: 'success'
    },
    {
      group: 'outdoor',
      mirror: 1,
      hedgeOffsetMs: 0,
      durationMs: 0,
      outcome: 'http-error',
      status: 503
    },
    {
      group: 'outdoor',
      mirror: 2,
      hedgeOffsetMs: 0,
      durationMs: 2,
      outcome: 'success'
    },
    {
      group: 'seasonal',
      mirror: 1,
      hedgeOffsetMs: 0,
      durationMs: 0,
      outcome: 'http-error',
      status: 503
    },
    {
      group: 'seasonal',
      mirror: 2,
      hedgeOffsetMs: 0,
      durationMs: 1,
      outcome: 'success'
    }
  ]
}
✔ real handler was: forward/reverse seasonal and ordinary flags, result order, later mirror (47.592641ms)
✔ real handler was: reconstructed contextual seasonal evidence and ordinary namespace parity (5.374699ms)
✔ all supported active seasonal contexts carry simple lifecycle flags independent of category (4.743096ms)
✔ different groups, completion order, duplicate identities and disused/permanent conflicts remain deterministic (7.378473ms)
✔ lifecycle-only, false flags, generic contexts and unsupported status tags never create eligible seasonal leakage (7.287855ms)
✔ negative-key search is exclusively set-bounded, positive queries stay narrow and hostile input never interpolates (0.853217ms)
✔ seasonal live success survives stalled parks and merges saved coverage with honest partial metadata (64.024078ms)
✔ entertainment survives seasonal HTTP failure with selected failed coverage retained (6.185172ms)
✔ valid empty requested group is successful coverage, distinct from missing venues and failed acquisition (3.962809ms)
✔ valid empty success with a failed sibling remains partial live, not fallback or terminal error (7.773367ms)
✔ cross-group equal OSM identity unions disjoint classifications despite changed provider name (2.126949ms)
✔ identical cross-group evidence is deduplicated and permanently closed evidence dominates active siblings (18.468875ms)
✔ malformed missing-elements sibling cannot erase valid seasonal live response (2.292339ms)
✔ malformed remark sibling cannot erase valid seasonal live response (1.67069ms)
✔ malformed invalid-json sibling cannot erase valid seasonal live response (2.688717ms)
✔ all four groups/mirrors stalled settle honest saved fallback at 12.5s (8.479854ms)
✔ all four groups/mirrors stalled settle terminal error at 12.5s (4.491467ms)
✔ all valid-empty groups are live coverage rather than outage even with zero venues (2.134891ms)
✔ Date Night ordinary partial UI preserves live picks and discloses failed groups (855.272173ms)
✔ Date Night seasonal partial UI preserves live picks and discloses failed groups (11.595445ms)
✔ query cost: leisure uses the complete finite exact-value carrier in every independent group (5.0705ms)
✔ query cost: amenity uses the complete finite exact-value carrier in every independent group (2.7303ms)
✔ query cost: tourism uses the complete finite exact-value carrier in every independent group (2.386191ms)
✔ query cost: attraction uses the complete finite exact-value carrier in every independent group (0.690312ms)
✔ query cost: sport uses the complete finite exact-value carrier in every independent group (4.450505ms)
✔ query cost: landuse uses the complete finite exact-value carrier in every independent group (7.388929ms)
✔ query cost: exact acquisition has no extra keys, duplicate clauses or unbounded selectors (1.068662ms)
✔ query cost: the structure guard rejects the diagnosed cinema regex even when shorter (1.116134ms)
✔ query cost: positive query statements and prefixed carrier statements remain unchanged for every measured plan (1.380903ms)
✔ query cost: all 154 audited interpretations and all 111 negative acquisitions survive every requested group (487.059881ms)
✔ query cost: arbitrary permanent suffixes and non-finite lifecycle values remain set-bounded and reachable (10.069363ms)
✔ query cost: equality preserves old acquisition for finite values and near misses, with and without lifecycle flags (669.586242ms)
✔ query cost: four independent groups and the four fixed mirrors remain unchanged (1.513724ms)
[discovery] provider-chain {
  mode: 'date-night',
  strategy: 'hedged',
  source: 'live',
  durationMs: 2,
  budgetExhausted: false,
  requestedGroups: 1,
  successfulGroups: 1,
  failedGroups: 0,
  partial: false,
  groups: [
    {
      group: 'seasonal',
      outcome: 'success',
      durationMs: 2,
      winnerMirror: 2
    }
  ],
  attempts: [
    {
      group: 'seasonal',
      mirror: 1,
      hedgeOffsetMs: 0,
      durationMs: 1,
      outcome: 'http-error',
      status: 503
    },
    {
      group: 'seasonal',
      mirror: 2,
      hedgeOffsetMs: 1,
      durationMs: 1,
      outcome: 'success'
    }
  ]
}
[discovery] provider-chain {
  mode: 'date-night',
  strategy: 'hedged',
  source: 'live',
  durationMs: 1,
  budgetExhausted: false,
  requestedGroups: 1,
  successfulGroups: 1,
  failedGroups: 0,
  partial: false,
  groups: [
    {
      group: 'seasonal',
      outcome: 'success',
      durationMs: 1,
      winnerMirror: 2
    }
  ],
  attempts: [
    {
      group: 'seasonal',
      mirror: 1,
      hedgeOffsetMs: 0,
      durationMs: 0,
      outcome: 'http-error',
      status: 503
    },
    {
      group: 'seasonal',
      mirror: 2,
      hedgeOffsetMs: 0,
      durationMs: 1,
      outcome: 'success'
    }
  ]
}
[discovery] provider-chain {
  mode: 'date-night',
  strategy: 'hedged',
  source: 'live',
  durationMs: 1,
  budgetExhausted: false,
  requestedGroups: 1,
  successfulGroups: 1,
  failedGroups: 0,
  partial: false,
  groups: [
    {
      group: 'seasonal',
      outcome: 'success',
      durationMs: 1,
      winnerMirror: 2
    }
  ],
  attempts: [
    {
      group: 'seasonal',
      mirror: 1,
      hedgeOffsetMs: 0,
      durationMs: 0,
      outcome: 'http-error',
      status: 503
    },
    {
      group: 'seasonal',
      mirror: 2,
      hedgeOffsetMs: 0,
      durationMs: 1,
      outcome: 'success'
    }
  ]
}
[discovery] provider-chain {
  mode: 'date-night',
  strategy: 'hedged',
  source: 'live',
  durationMs: 1,
  budgetExhausted: false,
  requestedGroups: 1,
  successfulGroups: 1,
  failedGroups: 0,
  partial: false,
  groups: [
    {
      group: 'seasonal',
      outcome: 'success',
      durationMs: 1,
      winnerMirror: 2
    }
  ],
  attempts: [
    {
      group: 'seasonal',
      mirror: 1,
      hedgeOffsetMs: 0,
      durationMs: 0,
      outcome: 'http-error',
      status: 503
    },
    {
      group: 'seasonal',
      mirror: 2,
      hedgeOffsetMs: 0,
      durationMs: 1,
      outcome: 'success'
    }
  ]
}
[discovery] provider-chain {
  mode: 'date-night',
  strategy: 'hedged',
  source: 'live',
  durationMs: 3,
  budgetExhausted: false,
  requestedGroups: 1,
  successfulGroups: 1,
  failedGroups: 0,
  partial: false,
  groups: [
    {
      group: 'seasonal',
      outcome: 'success',
      durationMs: 3,
      winnerMirror: 2
    }
  ],
  attempts: [
    {
      group: 'seasonal',
      mirror: 1,
      hedgeOffsetMs: 0,
      durationMs: 1,
      outcome: 'http-error',
      status: 503
    },
    {
      group: 'seasonal',
      mirror: 2,
      hedgeOffsetMs: 1,
      durationMs: 2,
      outcome: 'success'
    }
  ]
}
[discovery] provider-chain {
  mode: 'date-night',
  strategy: 'hedged',
  source: 'live',
  durationMs: 1,
  budgetExhausted: false,
  requestedGroups: 1,
  successfulGroups: 1,
  failedGroups: 0,
  partial: false,
  groups: [
    {
      group: 'seasonal',
      outcome: 'success',
      durationMs: 1,
      winnerMirror: 2
    }
  ],
  attempts: [
    {
      group: 'seasonal',
      mirror: 1,
      hedgeOffsetMs: 0,
      durationMs: 0,
      outcome: 'http-error',
      status: 503
    },
    {
      group: 'seasonal',
      mirror: 2,
      hedgeOffsetMs: 0,
      durationMs: 1,
      outcome: 'success'
    }
  ]
}
[discovery] provider-chain {
  mode: 'date-night',
  strategy: 'hedged',
  source: 'live',
  durationMs: 8,
  budgetExhausted: false,
  requestedGroups: 4,
  successfulGroups: 4,
  failedGroups: 0,
  partial: false,
  groups: [
    {
      group: 'seasonal',
      outcome: 'success',
      durationMs: 7,
      winnerMirror: 2
    },
    {
      group: 'entertainment',
      outcome: 'success',
      durationMs: 7,
      winnerMirror: 2
    },
    {
      group: 'culture',
      outcome: 'success',
      durationMs: 7,
      winnerMirror: 2
    },
    {
      group: 'outdoor',
      outcome: 'success',
      durationMs: 7,
      winnerMirror: 2
    }
  ],
  attempts: [
    {
      group: 'culture',
      mirror: 1,
      hedgeOffsetMs: 0,
      durationMs: 4,
      outcome: 'http-error',
      status: 503
    },
    {
      group: 'culture',
      mirror: 2,
      hedgeOffsetMs: 4,
      durationMs: 3,
      outcome: 'success'
    },
    {
      group: 'entertainment',
      mirror: 1,
      hedgeOffsetMs: 0,
      durationMs: 4,
      outcome: 'http-error',
      status: 503
    },
    {
      group: 'entertainment',
      mirror: 2,
      hedgeOffsetMs: 4,
      durationMs: 3,
      outcome: 'success'
    },
    {
      group: 'outdoor',
      mirror: 1,
      hedgeOffsetMs: 0,
      durationMs: 4,
      outcome: 'http-error',
      status: 503
    },
    {
      group: 'outdoor',
      mirror: 2,
      hedgeOffsetMs: 4,
      durationMs: 3,
      outcome: 'success'
    },
    {
      group: 'seasonal',
      mirror: 1,
      hedgeOffsetMs: 0,
      durationMs: 4,
      outcome: 'http-error',
      status: 503
    },
    {
      group: 'seasonal',
      mirror: 2,
      hedgeOffsetMs: 4,
      durationMs: 3,
      outcome: 'success'
    }
  ]
}
[discovery] provider-chain {
  mode: 'date-night',
  strategy: 'hedged',
  source: 'live',
  durationMs: 4,
  budgetExhausted: false,
  requestedGroups: 4,
  successfulGroups: 4,
  failedGroups: 0,
  partial: false,
  groups: [
    {
      group: 'seasonal',
      outcome: 'success',
      durationMs: 4,
      winnerMirror: 2
    },
    {
      group: 'entertainment',
      outcome: 'success',
      durationMs: 4,
      winnerMirror: 2
    },
    {
      group: 'culture',
      outcome: 'success',
      durationMs: 4,
      winnerMirror: 2
    },
    {
      group: 'outdoor',
      outcome: 'success',
      durationMs: 3,
      winnerMirror: 2
    }
  ],
  attempts: [
    {
      group: 'culture',
      mirror: 1,
      hedgeOffsetMs: 0,
      durationMs: 1,
      outcome: 'http-error',
      status: 503
    },
    {
      group: 'culture',
      mirror: 2,
      hedgeOffsetMs: 1,
      durationMs: 3,
      outcome: 'success'
    },
    {
      group: 'entertainment',
      mirror: 1,
      hedgeOffsetMs: 0,
      durationMs: 1,
      outcome: 'http-error',
      status: 503
    },
    {
      group: 'entertainment',
      mirror: 2,
      hedgeOffsetMs: 1,
      durationMs: 3,
      outcome: 'success'
    },
    {
      group: 'outdoor',
      mirror: 1,
      hedgeOffsetMs: 0,
      durationMs: 1,
      outcome: 'http-error',
      status: 503
    },
    {
      group: 'outdoor',
      mirror: 2,
      hedgeOffsetMs: 1,
      durationMs: 3,
      outcome: 'success'
    },
    {
      group: 'seasonal',
      mirror: 1,
      hedgeOffsetMs: 0,
      durationMs: 1,
      outcome: 'http-error',
      status: 503
    },
    {
      group: 'seasonal',
      mirror: 2,
      hedgeOffsetMs: 1,
      durationMs: 3,
      outcome: 'success'
    }
  ]
}
[discovery] provider-chain {
  mode: 'date-night',
  strategy: 'hedged',
  source: 'live',
  durationMs: 6,
  budgetExhausted: false,
  requestedGroups: 3,
  successfulGroups: 3,
  failedGroups: 0,
  partial: false,
  groups: [
    {
      group: 'entertainment',
      outcome: 'empty',
      durationMs: 6,
      winnerMirror: 1
    },
    {
      group: 'culture',
      outcome: 'success',
      durationMs: 6,
      winnerMirror: 1
    },
    {
      group: 'outdoor',
      outcome: 'empty',
      durationMs: 6,
      winnerMirror: 1
    }
  ],
  attempts: [
    {
      group: 'culture',
      mirror: 1,
      hedgeOffsetMs: 0,
      durationMs: 6,
      outcome: 'success'
    },
    {
      group: 'entertainment',
      mirror: 1,
      hedgeOffsetMs: 0,
      durationMs: 6,
      outcome: 'empty'
    },
    {
      group: 'outdoor',
      mirror: 1,
      hedgeOffsetMs: 0,
      durationMs: 6,
      outcome: 'empty'
    }
  ]
}
[discovery] provider-chain {
  mode: 'date-night',
  strategy: 'hedged',
  source: 'merged',
  durationMs: 1,
  budgetExhausted: false,
  requestedGroups: 1,
  successfulGroups: 1,
  failedGroups: 0,
  partial: false,
  groups: [
    {
      group: 'culture',
      outcome: 'empty',
      durationMs: 1,
      winnerMirror: 1
    }
  ],
  attempts: [
    {
      group: 'culture',
      mirror: 1,
      hedgeOffsetMs: 0,
      durationMs: 1,
      outcome: 'empty'
    }
  ]
}
[discovery] provider-chain {
  mode: 'date-night',
  strategy: 'hedged',
  source: 'merged',
  durationMs: 1,
  budgetExhausted: false,
  requestedGroups: 1,
  successfulGroups: 1,
  failedGroups: 0,
  partial: false,
  groups: [
    {
      group: 'seasonal',
      outcome: 'empty',
      durationMs: 0,
      winnerMirror: 1
    }
  ],
  attempts: [
    {
      group: 'seasonal',
      mirror: 1,
      hedgeOffsetMs: 0,
      durationMs: 0,
      outcome: 'empty'
    }
  ]
}
[discovery] provider-chain {
  mode: 'date-night',
  strategy: 'hedged',
  source: 'merged',
  durationMs: 1,
  budgetExhausted: false,
  requestedGroups: 1,
  successfulGroups: 1,
  failedGroups: 0,
  partial: false,
  groups: [
    {
      group: 'culture',
      outcome: 'empty',
      durationMs: 0,
      winnerMirror: 1
    }
  ],
  attempts: [
    {
      group: 'culture',
      mirror: 1,
      hedgeOffsetMs: 0,
      durationMs: 0,
      outcome: 'empty'
    }
  ]
}
✔ all Date Night database selectors use exact keys; lifecycle regex keys are bounded to a named set (6.027284ms)
✔ all 6167 canonical fixtures preserve selected positive semantics and broad identity-negative lifecycle acquisition (1874.997283ms)
✔ bounded context preselection never leaks generic places into seasonal output (33.999117ms)
✔ precise and lifecycle selectors stay independent of the active context set (11.02894ms)
✔ query fixture interpreter rejects missing/unknown sets, unbounded selectors and unexpected output grammar (5.207717ms)
✔ exact text keys preserve classifier key casing while still matching case-insensitive values (13.079874ms)
✔ Anything, omitted and empty category input produce all and only active query groups (0.825275ms)
✔ specific categories plan only required groups and combine selected siblings (0.319673ms)
✔ query plans and normalized coverage signatures are deterministic without mutating caller input (0.588979ms)
✔ Halloween OFF strips stale seasonal selections and preserves existing Anything fallback (0.691113ms)
✔ activity validation rejects malformed, inherited, unknown and query-injection inputs (0.677242ms)
✔ every ordinary category owns exact active clauses and shares supported identity-negative companions (123.185909ms)
✔ query construction independently enforces concrete whitelist input, finite coordinates and capped radius (0.566244ms)
✔ seasonal-only queries do not acquire unrelated ordinary or seasonal offerings (8.758535ms)
✔ precise seasonal attraction and agricultural maze representations remain reachable (4.219997ms)
✔ selected seasonal metadata remains reachable across every supported context, field and separator (100.81731ms)
✔ retained Exeter theme-park record remains acquired by a Corn Maze-only plan (0.968421ms)
✔ narrowed seasonal acquisition retains lifecycle-only evidence previously reached through broad contexts (15.246883ms)
✔ real selected query cannot resurrect an active duplicate by dropping its lifecycle-only theme-park record (19.01535ms)
✔ RV2 demolished=yes real acquisition parity: anything (13.990578ms)
ℹ {"selection":["anything"],"source":"live","partial":false,"eligible":[],"acquired":["date-night-osm-node-9201","date-night-osm-node-9202"]}
✔ RV2 demolished=yes real acquisition parity: corn-maze + pumpkin-patch (3.828477ms)
ℹ {"selection":["corn-maze","pumpkin-patch"],"source":"live","partial":false,"eligible":[],"acquired":["date-night-osm-node-9201","date-night-osm-node-9202"]}
✔ RV2 demolished=yes real acquisition parity: pumpkin-patch (1.986096ms)
ℹ {"selection":["pumpkin-patch"],"source":"live","partial":false,"eligible":[],"acquired":["date-night-osm-node-9202"]}
✔ RV2 demolished=yes real acquisition parity: corn-maze (6.699989ms)
ℹ {"selection":["corn-maze"],"source":"live","partial":false,"eligible":[],"acquired":["date-night-osm-node-9201","date-night-osm-node-9202"]}
✔ V-DR-01 cross-tag demolition excludes active Corn identity for corn-maze in either provider/result order (15.145911ms)
✔ V-DR-01 cross-tag demolition excludes active Corn identity for pumpkin-patch in either provider/result order (11.948237ms)
✔ V-DR-01 cross-tag demolition excludes active Corn identity for corn-maze + pumpkin-patch in either provider/result order (10.268253ms)
✔ V-DR-01 cross-tag demolition excludes active Corn identity for anything in either provider/result order (20.219697ms)
✔ V-DR-01 Pumpkin-only retains reverse demolished:corn_maze lifecycle companion (4.804109ms)
✔ V-DR-01 Pumpkin-only retains reverse disused:haunted_house lifecycle companion (3.404196ms)
✔ V-DR-01 ordinary Movies narrowing retains matching Museum demolition with Halloween both OFF and ON (3.750058ms)
✔ V-DR-01 Halloween OFF preserves the same seasonal-classification boundary for Anything and narrowed ordinary queries (10.196003ms)
✔ V-DR-01 unrelated negatives cannot suppress an active identity or leak into eligible positive results (4.51381ms)
✔ V-DR-01 negative companions span supported categories while affirmative clauses remain narrow (40.900179ms)
✔ narrowed acquisition never turns generic, negative or unrelated evidence into seasonal classification (9.455666ms)
✔ real server validator rejects hostile category input before any provider request (1.022743ms)
✔ real server request uses validated selected clauses, normalizes inactive seasonal input and preserves radius cap (4.912953ms)
✔ radial cache counts valid-empty successful patches as proof and outer success never covers missing core (14.533768ms)
✔ a failed outermost patch preserves 0–40 completeness; retry work is only missing patch/category (6.969977ms)
✔ radial cache rejects fallback as coverage (0.585604ms)
✔ radial cache rejects failed as coverage (0.486294ms)
✔ radial cache rejects cancelled as coverage (0.578092ms)
✔ radial cache rejects cache-hit as coverage (0.468357ms)
✔ radial cache rejects legacy as coverage (0.522008ms)
✔ radial cache rejects wrong-patch as coverage (0.573345ms)
✔ radial cache rejects wrong-version as coverage (0.680457ms)
✔ positive circle overlap is owned once; identities/evidence dedupe without clipping classifications (9.265149ms)
✔ radial V-DR-02: maxEntries eviction cannot resurrect superseded patch/category authority (1.249185ms)
✔ radial V-DR-02: maxVenues eviction cannot resurrect superseded patch/category authority (1.379321ms)
✔ radial cross-patch/category negative evidence suppresses positives and eviction cannot resurrect them (1.609859ms)
✔ legacy disk authority and patch authority never satisfy or supersede one another (0.382176ms)
✔ TTL/eviction remove proof; radius and semantic changes are scoped; local eligibility strictly clips (3.331747ms)
✔ radial IDs and geometry are deterministic; larger plans preserve the exact inner prefix (4.176321ms)
✔ radial partition has no sampled holes or double owners at 37.176447,-94.310223 (142.491807ms)
✔ radial partition has no sampled holes or double owners at 0,179.99 (117.818021ms)
✔ radial partition has no sampled holes or double owners at 80,-179.99 (171.093295ms)
✔ radial partition has no sampled holes or double owners at -80,30 (145.955053ms)
✔ every sector corner fits its bounded circle; no patch approaches a 50-mile monolith (0.454536ms)
✔ exact poles have a deterministic bearing frame and complete bounded coverage (5.154697ms)
✔ out-of-radius points have no logical owner and overlap maps to only one patch (0.403489ms)
✔ server resolves only enumerated patch IDs and rejects arbitrary geometry and hostile inputs (1.044947ms)
✔ continuous coverage requires every inner patch and requested category; outer success cannot fill a gap (3.705571ms)
✔ eviction/removal of a required proof makes continuous coverage incomplete; smaller maximum clips the claim (0.413104ms)
✔ actual patch RPC derives bounded geometry on the server and clips overlapping positive rows (24.448708ms)
✔ patch RPC rejects geometry/query injection, unknown IDs, and unauthorized outer patches before fetch (1.404429ms)
✔ patch group valid-empty remains authoritative and is not saved fallback (1.66345ms)
✔ patch provider cancellation forwards request signal, aborts attempts and stops hedges (325.284038ms)
✔ actual UI: core completes first, actions enable before maximum coverage and outer work continues serially (643.660039ms)
✔ actual UI: open ResultOverlay stays stable when outer venues arrive; next action uses fresh pool (33.861469ms)
✔ actual UI: open OptionsOverlay stays stable when outer venues arrive; next action uses fresh pool (31.65469ms)
✔ actual UI: open DateNightPlanOverlay stays stable when outer venues arrive; next action uses fresh pool (33.873908ms)
✔ middle failure leaves a truthful gap, retains nearby picks, and retry targets only the failed sector (80.576811ms)
✔ outermost failure preserves complete 0–40 and no failure triggers runaway auto-retry (761.589574ms)
✔ three consecutive degraded outer patches stop the bounded pass and preserve inner results (23.524363ms)
✔ 15→50 schedules only missing outer work; decreasing cancels obsolete work without refetch or late admission (15.766728ms)
✔ shrinking while core is in flight retains the necessary core request and strictly clips future venues (11.717549ms)
✔ all local-only filters cause zero RPCs and do not cancel background expansion (15.889132ms)
✔ location changes invalidate incompatible coverage and late outer responses cannot mutate new origin (8.996013ms)
✔ all-stall core settles by watchdog, does not expand, and explicit retry reacquires only core (8.89504ms)
✔ saved core fallback remains usable and exposes an explicit missing-area retry without false coverage (9.19248ms)
✔ dinner: success settles active UI and clears watchdog before deadline (794.022481ms)
✔ dinner: fallback settles active UI and clears watchdog before deadline (9.436517ms)
✔ dinner: error settles active UI and clears watchdog before deadline (4.091703ms)
✔ dinner: AbortError settles active UI and clears watchdog before deadline (5.313256ms)
✔ dinner: never-settling/abort-ignoring RPC exits loading at 25s (8.791755ms)
✔ dinner: abort-compliant RPC exits loading at 25s (9.403187ms)
✔ dinner: late post-timeout success cannot overwrite timeout or a successful retry (18.138527ms)
✔ dinner: late post-timeout rejection cannot overwrite timeout or a successful retry (17.058648ms)
✔ dinner: replacement aborts old success; old settles first (18.681516ms)
✔ dinner: replacement aborts old success; new settles first (16.925902ms)
✔ dinner: replacement aborts old rejection; old settles first (36.891106ms)
✔ dinner: replacement aborts old rejection; new settles first (15.718916ms)
✔ dinner: unmount aborts/cleans up; success cannot write after unmount (21.466879ms)
✔ dinner: unmount aborts/cleans up; rejection cannot write after unmount (21.068327ms)
✔ dinner: unmount aborts/cleans up; pending cannot write after unmount (6.947561ms)
✔ dinner: radius update cancels obsolete transport or retains still-needed core; normal selection works (19.750219ms)
✔ dinner: timeout then retry success remains current when the first RPC finally resolves (12.664277ms)
✔ date-night: success settles active UI and clears watchdog before deadline (305.211339ms)
✔ date-night: fallback settles active UI and clears watchdog before deadline (5.883987ms)
✔ date-night: error settles active UI and clears watchdog before deadline (4.445657ms)
✔ date-night: AbortError settles active UI and clears watchdog before deadline (4.433459ms)
✔ date-night: never-settling/abort-ignoring RPC exits loading at 25s (4.243111ms)
✔ date-night: abort-compliant RPC exits loading at 25s (5.928594ms)
✔ date-night: late post-timeout success cannot overwrite timeout or a successful retry (22.172063ms)
✔ date-night: late post-timeout rejection cannot overwrite timeout or a successful retry (10.485371ms)
✔ date-night: replacement aborts old success; old settles first (13.137531ms)
✔ date-night: replacement aborts old success; new settles first (12.956198ms)
✔ date-night: replacement aborts old rejection; old settles first (6.901363ms)
✔ date-night: replacement aborts old rejection; new settles first (6.337091ms)
✔ date-night: unmount aborts/cleans up; success cannot write after unmount (4.802096ms)
✔ date-night: unmount aborts/cleans up; rejection cannot write after unmount (12.234239ms)
✔ date-night: unmount aborts/cleans up; pending cannot write after unmount (30.275529ms)
✔ date-night: radius update cancels obsolete transport or retains still-needed core; normal selection works (34.154541ms)
✔ date-night: timeout then retry success remains current when the first RPC finally resolves (8.779176ms)
✔ nightlife: success settles active UI and clears watchdog before deadline (64.134183ms)
✔ nightlife: fallback settles active UI and clears watchdog before deadline (3.689887ms)
✔ nightlife: error settles active UI and clears watchdog before deadline (1.717541ms)
✔ nightlife: AbortError settles active UI and clears watchdog before deadline (1.473102ms)
✔ nightlife: never-settling/abort-ignoring RPC exits loading at 25s (2.891202ms)
✔ nightlife: abort-compliant RPC exits loading at 25s (3.534463ms)
✔ nightlife: late post-timeout success cannot overwrite timeout or a successful retry (4.045203ms)
✔ nightlife: late post-timeout rejection cannot overwrite timeout or a successful retry (1.605031ms)
✔ nightlife: replacement aborts old success; old settles first (2.003322ms)
✔ nightlife: replacement aborts old success; new settles first (1.782108ms)
✔ nightlife: replacement aborts old rejection; old settles first (4.734423ms)
✔ nightlife: replacement aborts old rejection; new settles first (1.760466ms)
✔ nightlife: unmount aborts/cleans up; success cannot write after unmount (1.347032ms)
✔ nightlife: unmount aborts/cleans up; rejection cannot write after unmount (1.772184ms)
✔ nightlife: unmount aborts/cleans up; pending cannot write after unmount (1.699013ms)
✔ nightlife: radius update cancels obsolete transport or retains still-needed core; normal selection works (2.323025ms)
✔ nightlife: timeout then retry success remains current when the first RPC finally resolves (6.881943ms)
✔ Date Night: seasonal dependency replacement aborts the previous request (3.542384ms)
✔ pinned TanStack RPC forwards the exact controller signal to fetch and settles on abort (64.361357ms)
✔ shared lifecycle also settles synchronous RPC throws without leaving a watchdog (7.671615ms)
✔ dinner: headers stalls settle fallback within the provider bound (59.553221ms)
✔ dinner: headers stalls settle error within the provider bound (1.799756ms)
✔ dinner: body stalls settle fallback within the provider bound (17.536298ms)
✔ dinner: body stalls settle error within the provider bound (1.540234ms)
✔ dinner: first stall then second success returns at 8s and clears timers (16.630697ms)
✔ dinner: immediate 429 advances without delay; saved coverage and terminal error preserved (12.140888ms)
✔ dinner: immediate 500 advances without delay; saved coverage and terminal error preserved (16.587567ms)
✔ dinner: immediate 504 advances without delay; saved coverage and terminal error preserved (14.769423ms)
✔ dinner: immediate missing-elements advances without delay; saved coverage and terminal error preserved (16.588869ms)
✔ dinner: immediate remark advances without delay; saved coverage and terminal error preserved (15.480657ms)
✔ dinner: immediate invalid-json advances without delay; saved coverage and terminal error preserved (11.563417ms)
✔ dinner: valid empty results retain mode-specific mirror and source semantics (7.041044ms)
✔ dinner: normal first success is quiet, abort errors categorized, raw exceptions never logged (26.436656ms)
✔ date-night: headers stalls settle fallback within the provider bound (193.3898ms)
✔ date-night: headers stalls settle error within the provider bound (1.341974ms)
✔ date-night: body stalls settle fallback within the provider bound (6.184462ms)
✔ date-night: body stalls settle error within the provider bound (1.380252ms)
✔ date-night: first stall then second success returns at 1.5s and clears timers (2.530017ms)
✔ date-night: immediate 429 advances without delay; saved coverage and terminal error preserved (2.500042ms)
✔ date-night: immediate 500 advances without delay; saved coverage and terminal error preserved (3.113037ms)
✔ date-night: immediate 504 advances without delay; saved coverage and terminal error preserved (1.785384ms)
✔ date-night: immediate missing-elements advances without delay; saved coverage and terminal error preserved (1.752634ms)
✔ date-night: immediate remark advances without delay; saved coverage and terminal error preserved (2.722017ms)
✔ date-night: immediate invalid-json advances without delay; saved coverage and terminal error preserved (2.623148ms)
✔ date-night: valid empty results retain mode-specific mirror and source semantics (1.333692ms)
✔ date-night: normal first success is quiet, abort errors categorized, raw exceptions never logged (1.492102ms)
✔ nightlife: headers stalls settle fallback within the provider bound (4.632609ms)
✔ nightlife: headers stalls settle error within the provider bound (0.823472ms)
✔ nightlife: body stalls settle fallback within the provider bound (0.741289ms)
✔ nightlife: body stalls settle error within the provider bound (0.924745ms)
✔ nightlife: first stall then second success returns at 8s and clears timers (2.213529ms)
✔ nightlife: immediate 429 advances without delay; saved coverage and terminal error preserved (1.272961ms)
✔ nightlife: immediate 500 advances without delay; saved coverage and terminal error preserved (1.164627ms)
✔ nightlife: immediate 504 advances without delay; saved coverage and terminal error preserved (1.111657ms)
✔ nightlife: immediate missing-elements advances without delay; saved coverage and terminal error preserved (1.543749ms)
✔ nightlife: immediate remark advances without delay; saved coverage and terminal error preserved (1.703049ms)
✔ nightlife: immediate invalid-json advances without delay; saved coverage and terminal error preserved (1.353622ms)
✔ nightlife: valid empty results retain mode-specific mirror and source semantics (0.665995ms)
✔ nightlife: normal first success is quiet, abort errors categorized, raw exceptions never logged (1.05391ms)
✔ Dinner retains successful-empty precedence when subsequent mirrors exhaust the budget (3.292358ms)
✔ shared provider attempt uses native timer and real fetch body abort (114.259392ms)
✔ Nitro final streaming head: pickforus.app/ (22.97855ms)
✔ Nitro final streaming head: pickforus.app/settings (8.081723ms)
✔ Nitro final streaming head: pickforus.app/history (6.080955ms)
✔ Nitro final streaming head: pickforus.app/favorites (8.670592ms)
✔ Nitro final streaming head: dinner-roulette-chi.vercel.app/ (5.322811ms)
✔ Nitro final streaming head: dinner-roulette-chi.vercel.app/settings (3.036461ms)
✔ Nitro final streaming head: dinner-roulette-chi.vercel.app/history (2.958764ms)
✔ Nitro final streaming head: dinner-roulette-chi.vercel.app/favorites (7.484117ms)
✔ Nitro final streaming head: dinner-roulette-candidate-minions.vercel.app/ (3.538179ms)
✔ Nitro final streaming head: dinner-roulette-candidate-minions.vercel.app/settings (4.351746ms)
✔ Nitro final streaming head: dinner-roulette-candidate-minions.vercel.app/history (2.952184ms)
✔ Nitro final streaming head: dinner-roulette-candidate-minions.vercel.app/favorites (3.837119ms)
✔ canonical authority ignores stale public-host env and strips query/hash/trailing slash (1.038797ms)
✔ unknown/system/local hosts cannot become indexable canonical origins (3.237055ms)
✔ Nitro compatibility manifests match static public manifest without a workspace filesystem (6.710575ms)
✔ Nitro install tutorial has coherent identity, relative app link and noindex (1.664101ms)
✔ Nitro preserves non-document, non-GET and encoded responses (0.738384ms)
✔ Vite dev final response and installation endpoints (178.890184ms)
✔ Vite preview final response and installation endpoints (84.064754ms)
✔ injects before </head> (6.792339ms)
✔ injects the extensions script without a project id (0.378912ms)
✔ injects project id on the script and meta when provided (2.408945ms)
✔ does not duplicate grok:app_id (0.725945ms)
✔ omits x:creator tags without both creator values (1.280513ms)
✔ injects x:creator tags when both creator values are set (0.733277ms)
✔ escapes x:creator values (0.241173ms)
✔ does not duplicate x:creator tags (0.540296ms)
✔ platform chrome overwrites share-card metas and always sets og:title (0.429729ms)
✔ does not duplicate twitter:card or og:title (0.600226ms)
✔ a baked site.image is treated as a custom card (0.789942ms)
✔ baked identity does not need a workspace filesystem (0.519855ms)
✔ a public card file wins over a baked site without card=custom (0.677212ms)
✔ public/og.png wins when jpg is absent (0.407264ms)
✔ resolveOgCardAsset: disk file, then bake, then empty (placeholder) (1.264918ms)
✔ snapshotOgIdentity stamps card=custom from a public card file (0.336978ms)
✔ snapshotOgIdentity stamps banner from public/x-banner.jpg (1.457088ms)
✔ emits x:game:image for a public host when site.banner is set (0.554457ms)
✔ does not emit x:game:image without a public host or banner (0.428727ms)
✔ site title Grok App is a real name, not a sentinel (0.372922ms)
✔ published grok.me slug is still a title fallback (0.305551ms)
✔ rejects Vercel system hosts as og:image origins (0.144367ms)
✔ published VITE_PUBLIC_HOSTNAME wins over request Host for og:image (0.24527ms)
✔ vercel Host without a public hostname emits no og:image (0.165399ms)
✔ emits og:image for a public host and prefers a custom card (0.227653ms)
✔ placeholder og:image appends site.color when it is 6-digit hex (0.262527ms)
✔ document title entities are not double-escaped on og:title (0.15903ms)
✔ site.json title wins over the host slug (0.125529ms)
✔ injects into documents with no head element (0.229917ms)
✔ streaming injector matches </HEAD> case-insensitively (0.493715ms)
✔ does not duplicate the extensions script (1.938565ms)
✔ is idempotent (6.97916ms)
✔ uses the app name in the injected title tag (0.173502ms)
✔ streaming injector handles </head> split across chunks (0.360494ms)
✔ streaming injector passes post-head chunks through untouched (0.829181ms)
✔ streaming injector falls back when no </head> is seen (0.247043ms)
✔ detects install query (0.23859ms)
✔ filters non-document paths (0.293873ms)
✔ strips install params from the app link (0.122194ms)
✔ uses product identity as the host-name fallback (0.075374ms)
✔ rejects hosts that are not plain slugs (0.058429ms)
✔ renders install page markup (0.228875ms)
✔ escapes host-derived values in the install page (0.225911ms)
✔ renders the compatibility manifest with the product identity (0.17272ms)
✔ vite config keeps the nitro serverDir wiring (0.157188ms)
✔ nitro middleware and its bundled assets exist (0.534306ms)
✔ vite plugin bakes og identity as a virtual module (0.130517ms)
✔ live favicon metadata uses the approved PNG with MIME and size (1.852435ms)
✔ public manifest has the exact unified PNG icon set (0.91452ms)
[discovery] provider-chain {
  mode: 'dinner',
  source: 'live',
  durationMs: 2,
  budgetExhausted: false,
  attempts: [
    { mirror: 1, durationMs: 1, outcome: 'empty' },
    { mirror: 2, durationMs: 0, outcome: 'empty' },
    { mirror: 3, durationMs: 0, outcome: 'empty' },
    { mirror: 4, durationMs: 1, outcome: 'empty' }
  ]
}
[discovery] provider-chain {
  mode: 'dinner',
  source: 'error',
  durationMs: 1,
  budgetExhausted: false,
  attempts: [
    { mirror: 1, durationMs: 1, outcome: 'malformed' },
    { mirror: 2, durationMs: 0, outcome: 'malformed' },
    { mirror: 3, durationMs: 0, outcome: 'malformed' },
    { mirror: 4, durationMs: 0, outcome: 'malformed' }
  ]
}
[discovery] provider-chain {
  mode: 'dinner',
  source: 'error',
  durationMs: 1,
  budgetExhausted: false,
  attempts: [
    { mirror: 1, durationMs: 1, outcome: 'malformed' },
    { mirror: 2, durationMs: 0, outcome: 'malformed' },
    { mirror: 3, durationMs: 0, outcome: 'malformed' },
    { mirror: 4, durationMs: 0, outcome: 'malformed' }
  ]
}
[discovery] provider-chain {
  mode: 'dinner',
  source: 'error',
  durationMs: 0,
  budgetExhausted: false,
  attempts: [
    { mirror: 1, durationMs: 0, outcome: 'network-error' },
    { mirror: 2, durationMs: 0, outcome: 'network-error' },
    { mirror: 3, durationMs: 0, outcome: 'network-error' },
    { mirror: 4, durationMs: 0, outcome: 'network-error' }
  ]
}
[discovery] provider-chain {
  mode: 'dinner',
  source: 'fallback',
  durationMs: 0,
  budgetExhausted: false,
  attempts: [
    { mirror: 1, durationMs: 0, outcome: 'network-error' },
    { mirror: 2, durationMs: 0, outcome: 'network-error' },
    { mirror: 3, durationMs: 0, outcome: 'network-error' },
    { mirror: 4, durationMs: 0, outcome: 'network-error' }
  ]
}
[discovery] provider-chain {
  mode: 'nightlife',
  source: 'live',
  durationMs: 0,
  budgetExhausted: false,
  attempts: [ { mirror: 1, durationMs: 0, outcome: 'empty' } ]
}
[discovery] provider-chain {
  mode: 'nightlife',
  source: 'error',
  durationMs: 1,
  budgetExhausted: false,
  attempts: [
    { mirror: 1, durationMs: 0, outcome: 'malformed' },
    { mirror: 2, durationMs: 0, outcome: 'malformed' },
    { mirror: 3, durationMs: 0, outcome: 'malformed' },
    { mirror: 4, durationMs: 0, outcome: 'malformed' }
  ]
}
[discovery] provider-chain {
  mode: 'nightlife',
  source: 'error',
  durationMs: 1,
  budgetExhausted: false,
  attempts: [
    { mirror: 1, durationMs: 0, outcome: 'malformed' },
    { mirror: 2, durationMs: 0, outcome: 'malformed' },
    { mirror: 3, durationMs: 0, outcome: 'malformed' },
    { mirror: 4, durationMs: 0, outcome: 'malformed' }
  ]
}
[discovery] provider-chain {
  mode: 'nightlife',
  source: 'error',
  durationMs: 0,
  budgetExhausted: false,
  attempts: [
    { mirror: 1, durationMs: 0, outcome: 'network-error' },
    { mirror: 2, durationMs: 0, outcome: 'network-error' },
    { mirror: 3, durationMs: 0, outcome: 'network-error' },
    { mirror: 4, durationMs: 0, outcome: 'network-error' }
  ]
}
[discovery] provider-chain {
  mode: 'nightlife',
  source: 'fallback',
  durationMs: 0,
  budgetExhausted: false,
  attempts: [
    { mirror: 1, durationMs: 0, outcome: 'network-error' },
    { mirror: 2, durationMs: 0, outcome: 'network-error' },
    { mirror: 3, durationMs: 0, outcome: 'network-error' },
    { mirror: 4, durationMs: 0, outcome: 'network-error' }
  ]
}
[discovery] provider-chain {
  mode: 'date-night',
  strategy: 'hedged',
  source: 'live',
  durationMs: 2,
  budgetExhausted: false,
  requestedGroups: 3,
  successfulGroups: 3,
  failedGroups: 0,
  partial: false,
  groups: [
    {
      group: 'entertainment',
      outcome: 'empty',
      durationMs: 1,
      winnerMirror: 1
    },
    {
      group: 'culture',
      outcome: 'empty',
      durationMs: 0,
      winnerMirror: 1
    },
    {
      group: 'outdoor',
      outcome: 'empty',
      durationMs: 1,
      winnerMirror: 1
    }
  ],
  attempts: [
    {
      group: 'culture',
      mirror: 1,
      hedgeOffsetMs: 0,
      durationMs: 0,
      outcome: 'empty'
    },
    {
      group: 'entertainment',
      mirror: 1,
      hedgeOffsetMs: 0,
      durationMs: 1,
      outcome: 'empty'
    },
    {
      group: 'outdoor',
      mirror: 1,
      hedgeOffsetMs: 0,
      durationMs: 0,
      outcome: 'empty'
    }
  ]
}
[discovery] provider-chain {
  mode: 'date-night',
  strategy: 'hedged',
  source: 'error',
  durationMs: 10,
  budgetExhausted: false,
  requestedGroups: 3,
  successfulGroups: 0,
  failedGroups: 3,
  partial: false,
  groups: [
    { group: 'entertainment', outcome: 'failed', durationMs: 9 },
    { group: 'culture', outcome: 'failed', durationMs: 9 },
    { group: 'outdoor', outcome: 'failed', durationMs: 9 }
  ],
  attempts: [
    {
      group: 'culture',
      mirror: 1,
      hedgeOffsetMs: 0,
      durationMs: 2,
      outcome: 'malformed'
    },
    {
      group: 'culture',
      mirror: 2,
      hedgeOffsetMs: 2,
      durationMs: 1,
      outcome: 'malformed'
    },
    {
      group: 'culture',
      mirror: 3,
      hedgeOffsetMs: 3,
      durationMs: 6,
      outcome: 'malformed'
    },
    {
      group: 'culture',
      mirror: 4,
      hedgeOffsetMs: 9,
      durationMs: 0,
      outcome: 'malformed'
    },
    {
      group: 'entertainment',
      mirror: 1,
      hedgeOffsetMs: 0,
      durationMs: 1,
      outcome: 'malformed'
    },
    {
      group: 'entertainment',
      mirror: 2,
      hedgeOffsetMs: 1,
      durationMs: 2,
      outcome: 'malformed'
    },
    {
      group: 'entertainment',
      mirror: 3,
      hedgeOffsetMs: 3,
      durationMs: 6,
      outcome: 'malformed'
    },
    {
      group: 'entertainment',
      mirror: 4,
      hedgeOffsetMs: 9,
      durationMs: 0,
      outcome: 'malformed'
    },
    {
      group: 'outdoor',
      mirror: 1,
      hedgeOffsetMs: 0,
      durationMs: 2,
      outcome: 'malformed'
    },
    {
      group: 'outdoor',
      mirror: 2,
      hedgeOffsetMs: 2,
      durationMs: 5,
      outcome: 'malformed'
    },
    {
      group: 'outdoor',
      mirror: 3,
      hedgeOffsetMs: 7,
      durationMs: 2,
      outcome: 'malformed'
    },
    {
      group: 'outdoor',
      mirror: 4,
      hedgeOffsetMs: 9,
      durationMs: 0,
      outcome: 'malformed'
    }
  ]
}
[discovery] provider-chain {
  mode: 'date-night',
  strategy: 'hedged',
  source: 'error',
  durationMs: 2,
  budgetExhausted: false,
  requestedGroups: 3,
  successfulGroups: 0,
  failedGroups: 3,
  partial: false,
  groups: [
    { group: 'entertainment', outcome: 'failed', durationMs: 2 },
    { group: 'culture', outcome: 'failed', durationMs: 2 },
    { group: 'outdoor', outcome: 'failed', durationMs: 2 }
  ],
  attempts: [
    {
      group: 'culture',
      mirror: 1,
      hedgeOffsetMs: 0,
      durationMs: 1,
      outcome: 'malformed'
    },
    {
      group: 'culture',
      mirror: 2,
      hedgeOffsetMs: 1,
      durationMs: 0,
      outcome: 'malformed'
    },
    {
      group: 'culture',
      mirror: 3,
      hedgeOffsetMs: 1,
      durationMs: 0,
      outcome: 'malformed'
    },
    {
      group: 'culture',
      mirror: 4,
      hedgeOffsetMs: 1,
      durationMs: 0,
      outcome: 'malformed'
    },
    {
      group: 'entertainment',
      mirror: 1,
      hedgeOffsetMs: 0,
      durationMs: 1,
      outcome: 'malformed'
    },
    {
      group: 'entertainment',
      mirror: 2,
      hedgeOffsetMs: 1,
      durationMs: 0,
      outcome: 'malformed'
    },
    {
      group: 'entertainment',
      mirror: 3,
      hedgeOffsetMs: 1,
      durationMs: 0,
      outcome: 'malformed'
    },
    {
      group: 'entertainment',
      mirror: 4,
      hedgeOffsetMs: 2,
      durationMs: 0,
      outcome: 'malformed'
    },
    {
      group: 'outdoor',
      mirror: 1,
      hedgeOffsetMs: 0,
      durationMs: 1,
      outcome: 'malformed'
    },
    {
      group: 'outdoor',
      mirror: 2,
      hedgeOffsetMs: 1,
      durationMs: 0,
      outcome: 'malformed'
    },
    {
      group: 'outdoor',
      mirror: 3,
      hedgeOffsetMs: 1,
      durationMs: 0,
      outcome: 'malformed'
    },
    {
      group: 'outdoor',
      mirror: 4,
      hedgeOffsetMs: 1,
      durationMs: 0,
      outcome: 'malformed'
    }
  ]
}
[discovery] provider-chain {
  mode: 'date-night',
  strategy: 'hedged',
  source: 'error',
  durationMs: 1,
  budgetExhausted: false,
  requestedGroups: 3,
  successfulGroups: 0,
  failedGroups: 3,
  partial: false,
  groups: [
    { group: 'entertainment', outcome: 'failed', durationMs: 1 },
    { group: 'culture', outcome: 'failed', durationMs: 1 },
    { group: 'outdoor', outcome: 'failed', durationMs: 1 }
  ],
  attempts: [
    {
      group: 'culture',
      mirror: 1,
      hedgeOffsetMs: 0,
      durationMs: 0,
      outcome: 'network-error'
    },
    {
      group: 'culture',
      mirror: 2,
      hedgeOffsetMs: 0,
      durationMs: 0,
      outcome: 'network-error'
    },
    {
      group: 'culture',
      mirror: 3,
      hedgeOffsetMs: 1,
      durationMs: 0,
      outcome: 'network-error'
    },
    {
      group: 'culture',
      mirror: 4,
      hedgeOffsetMs: 1,
      durationMs: 0,
      outcome: 'network-error'
    },
    {
      group: 'entertainment',
      mirror: 1,
      hedgeOffsetMs: 0,
      durationMs: 0,
      outcome: 'network-error'
    },
    {
      group: 'entertainment',
      mirror: 2,
      hedgeOffsetMs: 0,
      durationMs: 0,
      outcome: 'network-error'
    },
    {
      group: 'entertainment',
      mirror: 3,
      hedgeOffsetMs: 1,
      durationMs: 0,
      outcome: 'network-error'
    },
    {
      group: 'entertainment',
      mirror: 4,
      hedgeOffsetMs: 1,
      durationMs: 0,
      outcome: 'network-error'
    },
    {
      group: 'outdoor',
      mirror: 1,
      hedgeOffsetMs: 0,
      durationMs: 0,
      outcome: 'network-error'
    },
    {
      group: 'outdoor',
      mirror: 2,
      hedgeOffsetMs: 0,
      durationMs: 0,
      outcome: 'network-error'
    },
    {
      group: 'outdoor',
      mirror: 3,
      hedgeOffsetMs: 1,
      durationMs: 0,
      outcome: 'network-error'
    },
    {
      group: 'outdoor',
      mirror: 4,
      hedgeOffsetMs: 1,
      durationMs: 0,
      outcome: 'network-error'
    }
  ]
}
[discovery] provider-chain {
  mode: 'date-night',
  strategy: 'hedged',
  source: 'fallback',
  durationMs: 1,
  budgetExhausted: false,
  requestedGroups: 3,
  successfulGroups: 0,
  failedGroups: 3,
  partial: false,
  groups: [
    { group: 'entertainment', outcome: 'failed', durationMs: 1 },
    { group: 'culture', outcome: 'failed', durationMs: 1 },
    { group: 'outdoor', outcome: 'failed', durationMs: 1 }
  ],
  attempts: [
    {
      group: 'culture',
      mirror: 1,
      hedgeOffsetMs: 0,
      durationMs: 0,
      outcome: 'network-error'
    },
    {
      group: 'culture',
      mirror: 2,
      hedgeOffsetMs: 0,
      durationMs: 0,
      outcome: 'network-error'
    },
    {
      group: 'culture',
      mirror: 3,
      hedgeOffsetMs: 1,
      durationMs: 0,
      outcome: 'network-error'
    },
    {
      group: 'culture',
      mirror: 4,
      hedgeOffsetMs: 1,
      durationMs: 0,
      outcome: 'network-error'
    },
    {
      group: 'entertainment',
      mirror: 1,
      hedgeOffsetMs: 0,
      durationMs: 1,
      outcome: 'network-error'
    },
    {
      group: 'entertainment',
      mirror: 2,
      hedgeOffsetMs: 1,
      durationMs: 0,
      outcome: 'network-error'
    },
    {
      group: 'entertainment',
      mirror: 3,
      hedgeOffsetMs: 1,
      durationMs: 0,
      outcome: 'network-error'
    },
    {
      group: 'entertainment',
      mirror: 4,
      hedgeOffsetMs: 1,
      durationMs: 0,
      outcome: 'network-error'
    },
    {
      group: 'outdoor',
      mirror: 1,
      hedgeOffsetMs: 0,
      durationMs: 0,
      outcome: 'network-error'
    },
    {
      group: 'outdoor',
      mirror: 2,
      hedgeOffsetMs: 0,
      durationMs: 0,
      outcome: 'network-error'
    },
    {
      group: 'outdoor',
      mirror: 3,
      hedgeOffsetMs: 1,
      durationMs: 0,
      outcome: 'network-error'
    },
    {
      group: 'outdoor',
      mirror: 4,
      hedgeOffsetMs: 1,
      durationMs: 0,
      outcome: 'network-error'
    }
  ]
}
[discovery] provider-chain {
  mode: 'nightlife',
  source: 'merged',
  durationMs: 0,
  budgetExhausted: false,
  attempts: [ { mirror: 1, durationMs: 0, outcome: 'empty' } ]
}
[discovery] provider-chain {
  mode: 'date-night',
  strategy: 'hedged',
  source: 'merged',
  durationMs: 3,
  budgetExhausted: false,
  requestedGroups: 3,
  successfulGroups: 3,
  failedGroups: 0,
  partial: false,
  groups: [
    {
      group: 'entertainment',
      outcome: 'empty',
      durationMs: 2,
      winnerMirror: 1
    },
    {
      group: 'culture',
      outcome: 'empty',
      durationMs: 2,
      winnerMirror: 1
    },
    {
      group: 'outdoor',
      outcome: 'empty',
      durationMs: 1,
      winnerMirror: 1
    }
  ],
  attempts: [
    {
      group: 'culture',
      mirror: 1,
      hedgeOffsetMs: 0,
      durationMs: 2,
      outcome: 'empty'
    },
    {
      group: 'entertainment',
      mirror: 1,
      hedgeOffsetMs: 0,
      durationMs: 2,
      outcome: 'empty'
    },
    {
      group: 'outdoor',
      mirror: 1,
      hedgeOffsetMs: 0,
      durationMs: 1,
      outcome: 'empty'
    }
  ]
}
✔ restaurants: six locations reach the real coordinate query and normalize local results (14.628832ms)
✔ restaurants: valid empty areas, all-mirror outage, and coordinate validation remain distinct (31.146413ms)
✔ nightlife and casinos: six locations reach the real coordinate query and normalize local results (8.584702ms)
✔ nightlife and casinos: valid empty areas, all-mirror outage, and coordinate validation remain distinct (4.451445ms)
✔ date night: six locations reach the real coordinate query and normalize local results (44.603397ms)
✔ date night: valid empty areas, all-mirror outage, and coordinate validation remain distinct (21.106015ms)
✔ restaurant distance, cuisine and price filters behave with Canadian results (2.821227ms)
✔ local closure exclusions do not hide same-named international businesses (15.426655ms)
✔ Maps destinations preserve exact Canadian/U.S. points and encode legacy international addresses (1.435646ms)
✔ stored legacy U.S. locations and country metadata survive hydration; corrupt coordinates fall back (85.4268ms)
✔ spatial restaurant dedupe exactly preserves name rules, source priority, ordering and radius boundaries (9.074712ms)
✔ spatial restaurant candidates preserve duplicates across the antimeridian and near both poles (0.52366ms)
✔ dense international pools preserve thousands of distinct restaurants and duplicate identities (264.283057ms)
✔ _migrations keys on basename, not path (0.762621ms)
✔ a file already applied from another directory does not re-apply (5.701252ms)
✔ pending migrations are returned in name order (6.550243ms)
✔ non-.sql entries are dropped (readdir also yields the auth/ directory) (0.171509ms)
✔ the auth schema ships outside the globbed directory (0.343699ms)
✔ this workspace's auth schema copy is byte-identical to its source (0.199962ms)
✔ the copy check reads both files and catches an edit (0.799596ms)
✔ absent external workspace package gets an explicit skip reason (1.325901ms)
✔ installed documentation contracts are not skipped (0.216977ms)
✔ required documentation cannot be skipped even when absent (0.183667ms)
✔ parsePreviewArgs accepts the two actions (2.175472ms)
✔ parsePreviewArgs rejects missing, unknown and extra arguments (0.33749ms)
✔ parsePid reads a pidfile and rejects junk (0.289557ms)
✔ parsePgid reads the pgrp field past a comm containing spaces (0.36461ms)
✔ parseListenerInodes picks LISTEN sockets on the wanted port only (0.630381ms)
✔ parseListenerInodes reads the tcp6 dump the same way (0.257388ms)
✔ looksLikePreviewProcess matches the npm wrapper and its vite child (0.427254ms)
✔ looksLikePreviewProcess spares the sibling scripts and re-used pids (0.415737ms)
✔ previewOwners trusts port owners and dedupes the pidfile pid (1.688918ms)
✔ previewOwners adds a pidfile pid whose command line is still the preview (0.350088ms)
✔ previewOwners drops a stale pidfile pid re-used by another process (0.316177ms)
✔ previewOwners drops a pidfile pid that no longer exists (0.632124ms)
✔ previewOwners on a free port with no pidfile signals nothing (0.133231ms)
✔ stopOutcome fails when a pid survives or the port is still held (1.143014ms)
✔ stopOutcome reports a verified free port (0.193812ms)
✔ stopOutcome fails on a listener whose owner cannot be attributed (1.391699ms)
✔ terminatePids SIGTERMs live pids and skips dead ones (2.53889ms)
✔ terminatePids escalates to SIGKILL when SIGTERM is ignored (1.672974ms)
✔ terminatePids reports a pid that survives SIGKILL as stubborn (0.38417ms)
✔ terminatePids on a free port signals nothing (1.514515ms)
✔ light Dinner artwork retains the visually correct cuisine in its own asset pack (1.303367ms)
✔ dark Dinner artwork preserves the accepted visually verified mapping (0.297048ms)
✔ specific Dinner cuisines outrank broad provider categories without guessing food for generic venues (0.310799ms)
✔ Nightlife result artwork covers all approved categories and preserves Casino precedence (0.295696ms)
[discovery] provider-chain {
  mode: 'date-night',
  strategy: 'hedged',
  source: 'merged',
  durationMs: 1,
  budgetExhausted: false,
  requestedGroups: 4,
  successfulGroups: 4,
  failedGroups: 0,
  partial: false,
  groups: [
    {
      group: 'seasonal',
      outcome: 'empty',
      durationMs: 1,
      winnerMirror: 1
    },
    {
      group: 'entertainment',
      outcome: 'empty',
      durationMs: 1,
      winnerMirror: 1
    },
    {
      group: 'culture',
      outcome: 'empty',
      durationMs: 1,
      winnerMirror: 1
    },
    {
      group: 'outdoor',
      outcome: 'empty',
      durationMs: 1,
      winnerMirror: 1
    }
  ],
  attempts: [
    {
      group: 'culture',
      mirror: 1,
      hedgeOffsetMs: 0,
      durationMs: 1,
      outcome: 'empty'
    },
    {
      group: 'entertainment',
      mirror: 1,
      hedgeOffsetMs: 0,
      durationMs: 1,
      outcome: 'empty'
    },
    {
      group: 'outdoor',
      mirror: 1,
      hedgeOffsetMs: 0,
      durationMs: 1,
      outcome: 'empty'
    },
    {
      group: 'seasonal',
      mirror: 1,
      hedgeOffsetMs: 0,
      durationMs: 1,
      outcome: 'empty'
    }
  ]
}
[discovery] provider-chain {
  mode: 'date-night',
  strategy: 'hedged',
  source: 'fallback',
  durationMs: 1,
  budgetExhausted: false,
  requestedGroups: 1,
  successfulGroups: 0,
  failedGroups: 1,
  partial: false,
  groups: [ { group: 'seasonal', outcome: 'failed', durationMs: 1 } ],
  attempts: [
    {
      group: 'seasonal',
      mirror: 1,
      hedgeOffsetMs: 0,
      durationMs: 0,
      outcome: 'network-error'
    },
    {
      group: 'seasonal',
      mirror: 2,
      hedgeOffsetMs: 0,
      durationMs: 0,
      outcome: 'network-error'
    },
    {
      group: 'seasonal',
      mirror: 3,
      hedgeOffsetMs: 0,
      durationMs: 0,
      outcome: 'network-error'
    },
    {
      group: 'seasonal',
      mirror: 4,
      hedgeOffsetMs: 0,
      durationMs: 0,
      outcome: 'network-error'
    }
  ]
}
[discovery] provider-chain {
  mode: 'date-night',
  strategy: 'hedged',
  source: 'live',
  durationMs: 1,
  budgetExhausted: false,
  requestedGroups: 3,
  successfulGroups: 3,
  failedGroups: 0,
  partial: false,
  groups: [
    {
      group: 'entertainment',
      outcome: 'empty',
      durationMs: 1,
      winnerMirror: 1
    },
    {
      group: 'culture',
      outcome: 'empty',
      durationMs: 1,
      winnerMirror: 1
    },
    {
      group: 'outdoor',
      outcome: 'empty',
      durationMs: 1,
      winnerMirror: 1
    }
  ],
  attempts: [
    {
      group: 'culture',
      mirror: 1,
      hedgeOffsetMs: 0,
      durationMs: 1,
      outcome: 'empty'
    },
    {
      group: 'entertainment',
      mirror: 1,
      hedgeOffsetMs: 0,
      durationMs: 1,
      outcome: 'empty'
    },
    {
      group: 'outdoor',
      mirror: 1,
      hedgeOffsetMs: 0,
      durationMs: 1,
      outcome: 'empty'
    }
  ]
}
✔ Exeter's actual theme-park record is acquired by the real seasonal query and reaches the eligible pool (38.809865ms)
✔ precise activity evidence admits corn, pumpkin and haunted trail without admitting generic places (9.290958ms)
✔ same identity preserves C/P, provenance, stable ID and representative metadata in either provider order (8.893678ms)
✔ structured lifecycle cannot survive eligibility or be resurrected by an active duplicate (3.891862ms)
✔ all availability states share one OFF/ON policy, including expiry and next-year revalidation (2.677069ms)
✔ all seven seasonal selections preserve union and the radius boundary (18.16003ms)
✔ saved-only successful sparse coverage, missing categories and provider outage remain distinct (13.04372ms)
✔ per-category provenance never labels a saved haunt as live because its ordinary park duplicate is live (3.147899ms)
✔ ordinary Date Night and seasonal toggle still work internationally; unknown hours fail strict ON (4.587947ms)
✔ Halloween caution: live loading/settlement retains controls, counts and selections (437.145332ms)
✔ Halloween caution: merged loading/settlement retains controls, counts and selections (289.56383ms)
✔ Halloween caution: fallback loading/settlement retains controls, counts and selections (229.179379ms)
✔ ordinary Date Night caution absent: seasonal toggle off; controls/count/selection remain (169.826739ms)
✔ ordinary Date Night caution absent: outside Halloween season; controls/count/selection remain (184.419312ms)
✔ dinner: Halloween caution remains absent during loading and after settlement (47.597276ms)
✔ nightlife: Halloween caution remains absent during loading and after settlement (14.787191ms)
[discovery] provider-chain {
  mode: 'date-night',
  strategy: 'hedged',
  source: 'merged',
  durationMs: 2,
  budgetExhausted: false,
  requestedGroups: 4,
  successfulGroups: 4,
  failedGroups: 0,
  partial: false,
  groups: [
    {
      group: 'seasonal',
      outcome: 'empty',
      durationMs: 2,
      winnerMirror: 1
    },
    {
      group: 'entertainment',
      outcome: 'empty',
      durationMs: 2,
      winnerMirror: 1
    },
    {
      group: 'culture',
      outcome: 'empty',
      durationMs: 2,
      winnerMirror: 1
    },
    {
      group: 'outdoor',
      outcome: 'empty',
      durationMs: 2,
      winnerMirror: 1
    }
  ],
  attempts: [
    {
      group: 'culture',
      mirror: 1,
      hedgeOffsetMs: 0,
      durationMs: 2,
      outcome: 'empty'
    },
    {
      group: 'entertainment',
      mirror: 1,
      hedgeOffsetMs: 0,
      durationMs: 2,
      outcome: 'empty'
    },
    {
      group: 'outdoor',
      mirror: 1,
      hedgeOffsetMs: 0,
      durationMs: 1,
      outcome: 'empty'
    },
    {
      group: 'seasonal',
      mirror: 1,
      hedgeOffsetMs: 0,
      durationMs: 2,
      outcome: 'empty'
    }
  ]
}
[discovery] provider-chain {
  mode: 'date-night',
  strategy: 'hedged',
  source: 'merged',
  durationMs: 2,
  budgetExhausted: false,
  requestedGroups: 1,
  successfulGroups: 1,
  failedGroups: 0,
  partial: false,
  groups: [
    {
      group: 'seasonal',
      outcome: 'empty',
      durationMs: 2,
      winnerMirror: 1
    }
  ],
  attempts: [
    {
      group: 'seasonal',
      mirror: 1,
      hedgeOffsetMs: 0,
      durationMs: 2,
      outcome: 'empty'
    }
  ]
}
✔ actual component: handler → count/options/pick/plan and all seven category combinations (277.723341ms)
✔ actual component: OFF/ON/OFF, labels, saved-only disclosure, and clock-dependent pool/overlay refresh (378.556756ms)
✔ actual component displays schedule uncertainty distinctly for live weekly-hours-only venues (189.908584ms)
✔ V-F03-01 actual component: not-operating stays excluded before and after revalidation expiry (187.569218ms)
✔ V-F03-01 actual component: an expired negative cannot fill a plan until stored positive evidence replaces it (419.091782ms)
✔ V-F03-01 control: positive calendar expiry remains uncertain OFF and refreshes ON result/options/plan (130.406531ms)
✔ real clock hook refreshes at minute boundaries and focus/visibility resume, then cleans up (9.120291ms)
✔ retained regional provider captures replay through the new handler without generic-maze false positives (8609.429474ms)
✔ invented identity matrix produces seven eligible occurrences, four quarantines and closure tombstone (156.41858ms)
✔ strict unknown field rejection: root (2.55802ms)
✔ strict unknown field rejection: occurrence (1.574806ms)
✔ strict unknown field rejection: source (1.567505ms)
✔ strict unknown field rejection: assertion (1.375726ms)
✔ strict unknown field rejection: coordinate (1.993628ms)
✔ strict unknown field rejection: address (1.209074ms)
✔ fact-only rejection: review (8.592474ms)
✔ fact-only rejection: description (2.189323ms)
✔ fact-only rejection: photos (5.931259ms)
✔ fact-only rejection: logos (2.629998ms)
✔ fact-only rejection: screenshots (1.628197ms)
✔ fact-only rejection: ranking (1.255064ms)
✔ fact-only rejection: popularity (1.400082ms)
✔ fact-only rejection: rating (1.392731ms)
✔ fact-only rejection: price (0.948911ms)
✔ fact-only rejection: articleText (1.494875ms)
✔ malformed schema/version, nonfinite coordinate and invalid date are rejected (7.685164ms)
✔ name/address/URL overflow fails explicitly (9.788149ms)
✔ exact 100 publication limit accepted, 101 rejected (586.855695ms)
✔ 512 reviewed identities includes locations, quarantined and tombstone records (22.602373ms)
✔ 20 observations accepted, 21 rejected without provenance truncation (12.661213ms)
✔ runtime byte ceiling fails rather than truncating (823.496972ms)
✔ Unicode NFC and whitespace normalize while display capitalization is preserved (3.692921ms)
✔ conflicts quarantine, explicit review resolves and preserves all assertion/source IDs (6.868703ms)
✔ incomplete resolution, selected conflicts and overlapping sets are rejected (3.789949ms)
✔ current footer year is not season evidence: footer-only (3.276033ms)
✔ current footer year is not season evidence: absent (2.949209ms)
✔ historical/unconfirmed and mismatched season/year evidence quarantine (28.387821ms)
✔ all scoped negative lifecycle states survive in tombstones and exclude affected occurrences (14.827042ms)
✔ occurrence cancellation does not close other events at the venue (4.472889ms)
✔ operator lifecycle applies to its events (3.524247ms)
✔ venue lifecycle applies to its events (2.927817ms)
✔ past seasonal cancellation interval does not cancel this year's event (2.383346ms)
✔ unscoped negative, wrong scope and unsupported lifecycle evidence fail (8.467325ms)
✔ closed attraction with active duplicate is excluded and terminal evidence retained (26.13935ms)
✔ moved venue uses the new location version and explicit moved-from relationship (20.713874ms)
✔ same address, category and generic farm preserve distinct event identity (20.30055ms)
✔ missing OSM eligible; explicit OSM/web/catalog crosswalk has one event (18.295214ms)
✔ recurring next-year occurrences retain different IDs and prior-year relation (20.594123ms)
✔ explicit same-event and alias decisions combine evidence before any dedupe (10.23295ms)
✔ do-not-merge overrides direct and transitive equivalence (1.428786ms)
✔ cyclic identity and unsupported crosswalk decisions reject (5.681302ms)
✔ stable IDs reject mutable name/address derivation and do not change with spelling (2.63754ms)
✔ entire output and content revision are deterministic independent of input ordering (76.207554ms)
✔ candidate and unresolved coordinates never enter radius-ready facts (5.027786ms)
✔ coordinate review and fingerprint are required; moved address cannot reuse old point (1.516778ms)
✔ calendar/timezone remain explicit with local overnight closing semantics (5.240818ms)
✔ missing field/record is not deletion; previous facts retain their checkedAt (11.49562ms)
✔ failed refresh preserves last-good bytes and freshness; immutable evidence cannot be replaced (11.375123ms)
✔ terminal negatives survive omission in later refresh (7.973481ms)
✔ schema/manifest mismatch fails atomically and leaves output bytes unchanged (32.026892ms)
✔ tampered manifest freshness/count or runtime data is rejected (18.167322ms)
✔ adapters are disabled by default; true cannot be parsed (0.840148ms)
✔ permission review cannot be bypassed by public reachability, approval flag, expiry or automatic mode (1.329286ms)
✔ hostile URL rejected: http://seasonal.invalid/events/a (0.250949ms)
✔ hostile URL rejected: https://seasonal.invalid:444/events/a (0.232381ms)
✔ hostile URL rejected: https://u:p@seasonal.invalid/events/a (0.211509ms)
✔ hostile URL rejected: https://@seasonal.invalid/events/a (0.163636ms)
✔ hostile URL rejected: https://127.0.0.1/events/a (0.161954ms)
✔ hostile URL rejected: https://2130706433/events/a (0.171559ms)
✔ hostile URL rejected: https://0x7f000001/events/a (0.202415ms)
✔ hostile URL rejected: https://[::ffff:127.0.0.1]/events/a (0.166191ms)
✔ hostile URL rejected: https://seasonal.invalid.evil.invalid/events/a (0.28518ms)
✔ hostile URL rejected: https://seasonal.invalid./events/a (0.173241ms)
✔ hostile URL rejected: https://seasonal.invalid/other (0.204128ms)
✔ hostile URL rejected: https://seasonal.invalid/events-other (0.17231ms)
✔ hostile URL rejected: https://seasonal.invalid/events/../events/a (0.219941ms)
✔ hostile URL rejected: https://seasonal.invalid/events/%2e%2e/a (0.191289ms)
✔ hostile URL rejected: https://seasonal.invalid/events/%252f/a (0.175655ms)
✔ hostile URL rejected: https://seasonal.invalid/events/a#x (0.19226ms)
✔ hostile URL rejected: https://seasonal.invalid/events/a?redirect=https://bad.invalid (0.18599ms)
✔ hostile URL rejected: https://seasonal.invalid/events/a?year=2026&year=2027 (0.219501ms)
✔ hostile URL rejected: https://seasonal.invalid/events/a?year=2025 (0.182916ms)
✔ hostile URL rejected: https://seasonal.invalid\@bad.invalid/events/a (0.217277ms)
✔ hostile URL rejected: file:///events/a (0.176546ms)
✔ exact synthetic HTTPS host, port 443, path and allowed query pass pure policy (0.32482ms)
✔ SSRF reserved/private/mapped address denied: 0.0.0.0 (0.574467ms)
✔ SSRF reserved/private/mapped address denied: 10.1.2.3 (0.129485ms)
✔ SSRF reserved/private/mapped address denied: 100.100.100.200 (0.104728ms)
✔ SSRF reserved/private/mapped address denied: 127.0.0.1 (0.213632ms)
✔ SSRF reserved/private/mapped address denied: 169.254.169.254 (0.111929ms)
✔ SSRF reserved/private/mapped address denied: 172.31.255.255 (0.173892ms)
✔ SSRF reserved/private/mapped address denied: 192.168.1.1 (0.117718ms)
✔ SSRF reserved/private/mapped address denied: 192.0.2.1 (0.193202ms)
✔ SSRF reserved/private/mapped address denied: 198.18.0.1 (0.083997ms)
✔ SSRF reserved/private/mapped address denied: 198.51.100.1 (0.053741ms)
✔ SSRF reserved/private/mapped address denied: 203.0.113.1 (0.047602ms)
✔ SSRF reserved/private/mapped address denied: 224.0.0.1 (0.047672ms)
✔ SSRF reserved/private/mapped address denied: 255.255.255.255 (0.081513ms)
✔ SSRF reserved/private/mapped address denied: 168.63.129.16 (0.083486ms)
✔ SSRF reserved/private/mapped address denied: :: (0.707397ms)
✔ SSRF reserved/private/mapped address denied: ::1 (0.155805ms)
✔ SSRF reserved/private/mapped address denied: ::ffff:127.0.0.1 (0.219171ms)
✔ SSRF reserved/private/mapped address denied: ::ffff:7f00:1 (0.095313ms)
✔ SSRF reserved/private/mapped address denied: ::ffff:8.8.8.8 (0.094473ms)
✔ SSRF reserved/private/mapped address denied: 64:ff9b::a00:1 (0.130818ms)
✔ SSRF reserved/private/mapped address denied: fc00::1 (0.091117ms)
✔ SSRF reserved/private/mapped address denied: fe80::1 (0.081443ms)
✔ SSRF reserved/private/mapped address denied: ff02::1 (0.079951ms)
✔ SSRF reserved/private/mapped address denied: 2001:db8::1 (0.118209ms)
✔ SSRF reserved/private/mapped address denied: 2002:7f00:1:: (0.115725ms)
✔ SSRF reserved/private/mapped address denied: 3fff::1 (0.181604ms)
✔ SSRF reserved/private/mapped address denied: fe80::1%eth0 (0.071037ms)
✔ DNS answers all validated, peer pinned; equivalent public IPv6 spellings compare equal (1.113079ms)
✔ each redirect target revalidated, maximum two redirects (0.874329ms)
✔ bounded headers/wire/decompressed body/deadline/DOM/JSON-LD/request budget (1.075223ms)
✔ no executable extraction or fallback capability is exposed (0.167813ms)
✔ unmocked network attempts remain zero when guard is preloaded (1.248514ms)
✔ reused verified coordinates cannot cite another physical location's evidence (2.093719ms)
✔ source IDs, URLs and checkedAt facts cannot misstate observation metadata (4.309742ms)
✔ core offline dependencies are existing Zod and Node builtins, without paid SDKs (1.25208ms)
✔ preview: a successful sign-out clears the token, then redirects (2.771852ms)
✔ preview: a rejected sign-out still clears the token and redirects (0.383629ms)
✔ preview: a sign-out that throws synchronously still clears and redirects (0.541598ms)
✔ preview: a sign-out that never settles clears and redirects once the wait expires (10.498139ms)
✔ preview: no bearer means nothing to invalidate, so no request is made (0.427365ms)
✔ preview: a stored bearer is still invalidated server-side (0.227904ms)
✔ deployed: a confirmed sign-out clears the token, then redirects (2.589868ms)
✔ deployed: a sign-out that never settles throws and does NOT redirect (20.539729ms)
✔ deployed: a rejected sign-out throws and does NOT redirect (0.574337ms)
✔ deployed: the timeout is distinguishable from a rejection (20.106807ms)
✔ settleWithin reports the outcome and never rejects (20.697378ms)
✔ settleWithin waits its full window, then gives up rather than hanging (0.758464ms)
✔ pre-sign-in: the preview clear gives up at the preview bound (0.715139ms)
✔ pre-sign-in: a deployed session gets the deployed window, not the preview one (0.723903ms)
✔ pre-sign-in: a failed clear never blocks sign-in (0.418762ms)
✔ pre-sign-in: the preview skips the request when there is no bearer (0.149075ms)
✔ every sign-out bound comes from one rule (0.140211ms)
✔ the defaults are bounded, and deployed waits longer than preview (0.287543ms)
✔ all five actual compiled application POST functions succeed through the client codec (2322.449367ms)
✔ Date Night seasonal on/off survives real transport with a fixed October date (15.718512ms)
✔ invalid application coordinates and queries produce decoded Errors without providers (23.516327ms)
✔ GET legitimate Seroval values, thrown Errors and falsy returns (48.792129ms)
✔ GET ignores inert internal result/error fields, including failed validation (6.635692ms)
✔ GET safely serializes response-shaped data and preserves real Response (6.705577ms)
✔ POST legitimate Seroval values, thrown Errors and falsy returns (8.135105ms)
✔ POST ignores inert internal result/error fields, including failed validation (3.888276ms)
✔ POST safely serializes response-shaped data and preserves real Response (1.376046ms)
✔ compiled application and fixture enforce CSRF and methods before providers (13.778219ms)
[discovery] provider-chain {
  mode: 'dinner',
  source: 'error',
  durationMs: 20000,
  budgetExhausted: true,
  attempts: [
    { mirror: 1, durationMs: 8000, outcome: 'timeout' },
    { mirror: 2, durationMs: 8000, outcome: 'timeout' },
    { mirror: 3, durationMs: 4000, outcome: 'timeout' }
  ]
}
✔ searchRestaurants compiled provider chain terminates at its total deadline with aborted attempts (17.257258ms)
[discovery] provider-chain {
  mode: 'date-night',
  strategy: 'hedged',
  source: 'error',
  durationMs: 12500,
  budgetExhausted: false,
  requestedGroups: 1,
  successfulGroups: 0,
  failedGroups: 1,
  partial: false,
  groups: [ { group: 'culture', outcome: 'failed', durationMs: 12500 } ],
  attempts: [
    {
      group: 'culture',
      mirror: 1,
      hedgeOffsetMs: 0,
      durationMs: 8000,
      outcome: 'timeout'
    },
    {
      group: 'culture',
      mirror: 2,
      hedgeOffsetMs: 1500,
      durationMs: 8000,
      outcome: 'timeout'
    },
    {
      group: 'culture',
      mirror: 3,
      hedgeOffsetMs: 3000,
      durationMs: 8000,
      outcome: 'timeout'
    },
    {
      group: 'culture',
      mirror: 4,
      hedgeOffsetMs: 4500,
      durationMs: 8000,
      outcome: 'timeout'
    }
  ]
}
✔ searchDateNight compiled provider chain terminates at its total deadline with aborted attempts (11.1347ms)
[discovery] provider-chain {
  mode: 'nightlife',
  source: 'error',
  durationMs: 20000,
  budgetExhausted: true,
  attempts: [
    { mirror: 1, durationMs: 8000, outcome: 'timeout' },
    { mirror: 2, durationMs: 8000, outcome: 'timeout' },
    { mirror: 3, durationMs: 4000, outcome: 'timeout' }
  ]
}
✔ searchNightlife compiled provider chain terminates at its total deadline with aborted attempts (2.440242ms)
✔ real client transport cancels an in-flight HTTP request within a bounded deadline (45.132306ms)
✔ both suites execute with the current Node and success exits zero (3.20112ms)
✔ script failure cannot suppress application tests or become success (1.890682ms)
✔ application failures make the overall command fail (0.316338ms)
✔ spawn errors and terminated children are failures, not false greens (0.363518ms)
✔ keeps VITE_-prefixed string entries (2.176063ms)
✔ drops non-VITE keys, non-string values and malformed documents (0.308396ms)
✔ a missing app-env.json is a clean no-op (2.006548ms)
✔ reads the app env from a workspace (0.602088ms)
✔ an explicit process-env override wins over the file (0.407555ms)
✔ the template ships auth off (0.277679ms)
✔ vite loadEnv resolves the wrapped value (0.857484ms)
✔ the wrapped command runs with the app env applied (282.656057ms)
✔ the wrapped command sees an explicit override, not the file value (246.694586ms)
✔ the wrapper propagates the command's exit code (193.90965ms)
✔ a signal-killed command is never reported as success (160.86247ms)
✔ the CLI still runs when invoked through a symlinked path (184.542732ms)
✔ parseWriteAtomicArgs needs exactly a staged file and a target (2.363236ms)
✔ stagingError refuses a temp inside public/ and a no-op move (0.355417ms)
✔ handOver replaces the target and clears the staged file (1.160441ms)
✔ handOver creates a missing target directory (1.017385ms)
✔ an interrupted pass leaves the target on its old bytes, temp-free (1.436858ms)
✔ a failed hand-over creates no directory for the target it never wrote (0.913318ms)
✔ a staged file on another filesystem is refused, not copied (1.033088ms)
✔ cli: hands the file over, and refuses a temp staged in public/ (259.827019ms)
✔ cli: relative paths follow the script's root, not the caller's cwd (97.59194ms)
﹣ every hand-over the og skill prints is one this script accepts (2.268903ms) # External workspace OG documentation package is not installed in this checkout
✔ cli: a missing staged file fails without touching the target (91.261512ms)
ℹ tests 774
ℹ suites 0
ℹ pass 770
ℹ fail 0
ℹ cancelled 0
ℹ skipped 4
ℹ todo 0
ℹ duration_ms 20968.096932
▶ callTool failure memo
  ✔ replays an identical failure within the memo window without refetching (4.65195ms)
  ✔ keys by token identity so a reminted token shares the memo entry (3.043864ms)
  ✔ sweeps expired entries on write so unique keys do not accumulate (1.727628ms)
  ✔ never memoizes login-required 401s (0.991016ms)
✔ callTool failure memo (11.478661ms)
▶ callTool
  ✔ resolves ok:false for non-serializable args instead of rejecting (0.434626ms)
✔ callTool (0.539034ms)
▶ isLoginRequired
  ✔ is true only for login-required failures (0.171008ms)
✔ isLoginRequired (0.283738ms)
▶ redirectToLoginIfRequired
  ✔ no-ops when login is not required (0.426323ms)
  ✔ navigates to the server-built loginUrl in the browser (0.189726ms)
  ✔ opens a new tab instead of navigating when framed (0.151418ms)
  ✔ falls back to navigation when framed and the popup is blocked (0.234914ms)
  ✔ returns false when the result has no loginUrl (0.124278ms)
  ✔ returns false on the server (no window) (0.067642ms)
✔ redirectToLoginIfRequired (1.482297ms)
▶ classifyCallToolError
  ✔ returns null for successful results (0.177337ms)
  ✔ classifies login-required before message matching (0.078719ms)
  ✔ classifies not_connected and failed_precondition (0.135694ms)
  ✔ classifies scope_denied without claiming a missing grant (0.094232ms)
  ✔ classifies access_denied (0.128844ms)
  ✔ falls back to a generic error with the raw message (0.085108ms)
✔ classifyCallToolError (0.875671ms)
▶ verifyGateIdentityToken
  ✔ returns the identity for a valid token (11.3714ms)
  ✔ omits optional claims as nulls (2.013188ms)
  ✔ rejects a wrong audience (1.502958ms)
  ✔ rejects a wrong issuer (1.055823ms)
  ✔ rejects an expired token (1.381725ms)
  ✔ rejects a token without exp (1.180141ms)
  ✔ rejects a token signed by a different key with the same kid (1.164968ms)
  ✔ refetches the JWKS when the kid rotates (2.098356ms)
✔ verifyGateIdentityToken (23.63801ms)
▶ gateIdentityFromHeaders
  ✔ verifies the header token end to end and fails closed without it (2.413613ms)
  ✔ activates on a deployed-shaped request without GROK_GATE_ORIGIN (2.484258ms)
  ✔ verifies a preview-audience token with no gate env vars via the loopback default (6.362681ms)
  ✔ rejects a wrong-issuer token in the loopback default mode (1.391299ms)
  ✔ verifies a preview-audience token when only GROK_GATE_ORIGIN is set (4.051774ms)
  ✔ rejects a preview-audience token when GROK_PROJECT_ID is set (0.943153ms)
  ✔ rejects an app-audience token in preview mode (0.937204ms)
✔ gateIdentityFromHeaders (19.179442ms)
▶ gateIdentityEnabled
  ✔ is enabled by default with no gate env vars (0.123516ms)
  ✔ is disabled when VITE_AUTH_ENABLED is false (0.083176ms)
✔ gateIdentityEnabled (0.314385ms)
▶ gateTokenAudience
  ✔ pins app:<id> when GROK_PROJECT_ID is set, even alongside GROK_GATE_ORIGIN (0.127643ms)
  ✔ pins preview when GROK_PROJECT_ID is unset (0.070807ms)
✔ gateTokenAudience (0.260523ms)
▶ gateIdentityUserInfo
  ✔ falls back to a synthetic email and name for sub-only claims (0.114152ms)
  ✔ keeps real claims, lowercasing the email and marking it verified (0.087402ms)
✔ gateIdentityUserInfo (0.262676ms)
▶ sessionBoundToGateIdentity
  ✔ keeps the session when it is bound to the same gate sub (0.110477ms)
  ✔ rotates when the session belongs to a different gate sub (0.053651ms)
  ✔ rotates when the session user has no gate-bound account (0.061573ms)
✔ sessionBoundToGateIdentity (0.328686ms)
▶ resolveSignInGateState
  ✔ is pending while the session check is in flight, user or not (0.597011ms)
  ✔ is signed_in once a user is present (0.155705ms)
  ✔ is signed_out only after the check resolved with no user (0.147312ms)
✔ resolveSignInGateState (1.911144ms)
▶ seasonal date-night availability
  ✔ keeps The Werehouse closed before its verified 2026 season starts (1.46494ms)
  ✔ allows The Werehouse during the conservative verified season window (0.179351ms)
  ✔ closes The Werehouse after the conservative verified window (0.140613ms)
  ✔ uses Myer's retained operator 2026 calendar (0.23896ms)
  ✔ fails closed for Open now when hours or the seasonal date are not confirmed (0.363128ms)
  ✔ requires different real venues for a Scare/Settle pair (0.220422ms)
✔ seasonal date-night availability (4.051123ms)
✔ global manual resolution preserves Joplin, Missouri, USA (7.309711ms)
✔ global manual resolution preserves Toronto, Ontario, Canada (1.893367ms)
✔ global manual resolution preserves Vancouver, British Columbia, Canada (0.68931ms)
✔ global manual resolution preserves Montréal, Québec, Canada (0.623851ms)
✔ global manual resolution preserves London, United Kingdom (0.696581ms)
✔ countries without regions and provider province/locality variants remain valid (0.248826ms)
✔ invalid coordinates and malformed geocoder hits cannot become active locations (0.422718ms)
✔ manual input preserves international addresses and postal codes without a U.S. parser (0.513725ms)
✔ no-result, provider errors and malformed payloads are distinct from valid places (1.556649ms)
✔ reverse lookup enriches metadata while preserving the original GPS coordinates (0.905987ms)
✔ all reverse failures retain a usable coordinate location; invalid input never fetches (3.287651ms)
✔ international business addresses retain province, postcode, country and full-address tags (0.251199ms)
✔ native geolocation is opt-in, bounded, and reports each failure accurately (0.886668ms)
✔ GPS commits before reverse resolves and preserves exact coordinates even if the label point differs (0.501307ms)
✔ reverse failure retains coordinates and reports success; GPS failure leaves the old location alone (0.458402ms)
✔ a newer manual choice wins over a delayed GPS callback (0.302727ms)
✔ manual editing and unmount invalidate stale reverse and manual completions (0.372512ms)
✔ manual no-result and invalid input retain active location and allow retry (0.269907ms)
✔ combined control suppresses repeated GPS calls through reverse enrichment (0.349006ms)
✔ cancelling a pending GPS request permits retry without reviving stale callbacks (0.328676ms)
ℹ tests 71
ℹ suites 13
ℹ pass 71
ℹ fail 0
ℹ cancelled 0
ℹ skipped 0
ℹ todo 0
ℹ duration_ms 319.643964
[test-runner] repository scripts: passed
[test-runner] application: passed
