npm warn Unknown env config "http-proxy". This will stop working in the next major version of npm.

> test
> node scripts/test-runner.mjs

✔ persistent Android identity, SDK, lockfile and approved artwork agree (14.831567ms)
✔ native audit rejects package drift, insecure content and exposed WebView debugging (5.392758ms)
✔ Android version parser accepts future releases and rejects invalid Play codes (1.397277ms)
✔ Android workflow is artifact-only and does not regenerate the project or migrate (0.78915ms)
✔ Settings does not advertise an Android artifact that has not been published (0.33823ms)
✔ non-canvas app with no custom card gets a soft BRAND NOTE (utility exception) (3.485825ms)
✔ non-canvas app with a compliant card is silent (2.702564ms)
✔ card file without site.json card=custom warns (1.926403ms)
✔ card file with missing site.json warns for card=custom (2.045323ms)
✔ card file with invalid site.json warns for card=custom (1.6059ms)
✔ oversized card warns for non-canvas apps too (3.221066ms)
✔ canvas app with no card warns 'missing' and missing og:type (0.940547ms)
✔ canvas card without type still warns for og:type (1.546301ms)
✔ oversized card warns on the scraper budget (jpg and legacy png) (8.641977ms)
✔ compliant game (custom card + site.json type + x-banner) is silent (3.750884ms)
✔ __root.tsx og:type no longer satisfies the canvas gate (4.406312ms)
✔ oversized x-banner warns on the same scraper budget as og.jpg (2.813371ms)
✔ legacy png + site.json type still needs the X feed card (1.342243ms)
✔ siteDeclaresOgTypeGame reads the site contract (0.166821ms)
✔ a fresh og-pending marker silences the whole gate view (0.376989ms)
✔ a stale og-pending marker is ignored and the warnings return (0.350539ms)
✔ the marker goes stale on the clock, not on the file (0.657391ms)
✔ no marker means nothing is in flight (0.487916ms)
✔ parseBrandCheckArgs takes --game, --placeholder-ok and --root, and rejects the rest (0.259982ms)
✔ cli: a game missing its card reports JSON and exits 1 (108.253546ms)
✔ cli: a compliant game passes (100.649779ms)
✔ cli: the task's own marker is reported, not honoured (74.040082ms)
✔ cli: a bad argument fails with JSON on stderr (63.686912ms)
✔ cli: a non-game with no card fails too — the pass exists to produce one (88.910128ms)
✔ cli: --placeholder-ok is how a plain-utility pass reports no card as expected (220.183478ms)
✔ cli: a non-game with a compliant card passes (149.133258ms)
﹣ SKILL.md and AGENTS.md name the marker path and bound this script uses (0.174883ms) # External workspace OG documentation package is not installed in this checkout
﹣ the sections that own the brand-task prohibition never affirm a wait (0.08598ms) # External workspace OG documentation package is not installed in this checkout
﹣ SKILL.md tells the pass to self-check with the flag this CLI accepts (0.054823ms) # External workspace OG documentation package is not installed in this checkout
✔ browser acceptance rejects source/output drift and auth-disabled previews (8.667656ms)
✔ unfinished builds and sources changed during compilation cannot be blessed (11.027573ms)
✔ normalizes whitespace before hashing (2.76591ms)
✔ nullish and blank body text normalize to the empty string (0.332982ms)
✔ body text prefix is normalized and capped (0.243217ms)
✔ identical runs do not diverge (1.153149ms)
✔ status change diverges (0.478461ms)
✔ title change diverges (0.323437ms)
✔ title comparison is skipped when either side lacks one (0.260002ms)
✔ canvas disappearing diverges; canvas appearing does not (0.289897ms)
✔ horizontal overflow appearing diverges; clearing does not (0.373183ms)
✔ new console errors diverge (0.362817ms)
✔ errors already present in the baseline do not re-diverge (0.976442ms)
✔ body text collapse diverges (0.195635ms)
✔ body text dropping to zero reports collapse (0.162735ms)
✔ zero-length baseline reports growth via the hash branch, not collapse (0.158039ms)
✔ hash mismatch with a trivial length delta and same page start is tolerated (0.448456ms)
✔ hash mismatch with a trivial length delta but changed page start diverges (0.157508ms)
✔ prefix check is skipped when either side lacks a prefix (0.187042ms)
✔ length-delta tolerance boundary: 50 tolerated, 51 diverges (500-char baseline) (0.138799ms)
✔ length-delta floor dominates small baselines: 20 tolerated, 21 diverges (100-char baseline) (0.180052ms)
✔ collapse boundary: exactly half is 'changed', one below is 'collapsed' (0.275656ms)
✔ missing baseline viewport diverges (0.191709ms)
✔ empty or null baseline diverges for every viewport (0.237378ms)
✔ degenerate current verdict fails closed (0.414655ms)
✔ multiple signals across viewports all accumulate (0.250457ms)
✔ baselineComparison round-trips a valid baseline (0.317608ms)
✔ baselineComparison fails closed on malformed or wrong-shape baselines (0.372652ms)
✔ parseSmokeArgs defaults (0.29824ms)
✔ parseSmokeArgs consumes --baseline without shifting positionals (0.19262ms)
✔ parseSmokeArgs rejects a trailing --baseline flag (0.179821ms)
✔ parseSmokeArgs supports the --baseline= form (0.183557ms)
✔ parseSmokeArgs rejects unknown flags instead of treating them as positionals (0.206501ms)
✔ parseSmokeArgs env fallback and flag precedence (0.187853ms)
✔ derivedPaths handles .png, .PNG, and extensionless inputs (0.382627ms)
✔ exitCodeFor: clean run exits 0 (0.213812ms)
✔ exitCodeFor: errors in any single viewport exit 2 (5.263784ms)
✔ exitCodeFor: navigation failure in any viewport exits 1, beating errors (0.282696ms)
✔ exitCodeFor: 4xx boundary and missing status (0.237298ms)
✔ exitCodeFor: no viewport data is a failure (0.17264ms)
✔ browser-smoke wires the guard and verdict helpers (0.612253ms)
✔ browser-smoke file I/O only touches guarded paths (0.700476ms)
✔ casino evidence JSON is parseable; truncated ledgers cannot masquerade as complete (46.70936ms)
✔ keyed manifests preserve state names and integration override precedence (6.779779ms)
✔ missing or malformed jurisdiction objects fail closed (0.821288ms)
✔ nearby same-name rows reconcile once with latest ID and metadata (1.85089ms)
✔ same ID at distinct locations remains a hard failure (0.367995ms)
✔ small successive moves cannot conceal a distant same-ID conflict (0.507125ms)
✔ distant same-name destinations with distinct IDs are retained (0.423258ms)
✔ complete jurisdiction counts reject both missing and excess destinations (0.396568ms)
✔ legacy IDs use exported jurisdiction metadata rather than ID prefixes (0.416137ms)
✔ invalid coordinates, jurisdictions and complete-count values fail closed (0.544771ms)
✔ pending decision universes are not treated as runtime quotas (0.471541ms)
✔ nearby same-ID records with a renamed property use latest metadata (0.34535ms)
✔ missing identities cannot silently disappear from the audit (0.25856ms)
✔ every active jurisdiction needs an explicit manifest status (0.826466ms)
✔ unknown totals are allowed only for explicitly pending jurisdictions (0.564581ms)
✔ a supplied pending count must still be a positive integer (0.784803ms)
✔ authoritative sources and allowed status values remain required (0.272811ms)
✔ Beau Rivage keeps its original stable ID and one latest-property destination (130.983859ms)
✔ MGM Grand Las Vegas keeps its original stable ID and one latest-property destination (27.69053ms)
✔ audit follows runtime registration, including renamed imports (9.69224ms)
✔ unregistered imports and unknown runtime arrays fail closed (11.102165ms)
✔ duplicate, skipped and out-of-order passes cannot change audit precedence (1.556927ms)
✔ empty or missing runtime registration cannot pass validation (0.743701ms)
✔ real exported factory IDs and metadata survive loading (59.881957ms)
✔ missing or empty module exports fail instead of undercounting (9.135972ms)
✔ resumed additions preserve explicit point evidence, casino schema and active canonical identity (6.427469ms)
✔ local operator aliases merge without losing canonical points or merging distant same-brand casinos (2.901704ms)
✔ neighboring Otoe-Missouria casino floors and related travel components retain separate identity (0.989041ms)
✔ Casino Oklahoma uses its named casino point and routing street, separately from Sugar Creek (0.634837ms)
✔ Golden Eagle casinos in Oklahoma and Kansas survive identical names across states (0.268355ms)
✔ Prairie Sun closure cannot be revived by stale live tags or suppress current Prairie Moon (1.410847ms)
✔ new operator aliases cannot merge nearby independently operated casino floors (1.14724ms)
✔ reconciled travel-center destinations use the right city and current postal identity (0.648878ms)
[discovery] provider-chain {
  mode: 'nightlife',
  source: 'live',
  durationMs: 3,
  budgetExhausted: false,
  attempts: [ { mirror: 1, durationMs: 3, outcome: 'empty' } ]
}
[discovery] provider-chain {
  mode: 'nightlife',
  source: 'fallback',
  durationMs: 0,
  budgetExhausted: false,
  attempts: [
    { mirror: 1, durationMs: 0, outcome: 'network-error' },
    { mirror: 2, durationMs: 0, outcome: 'network-error' },
    { mirror: 3, durationMs: 0, outcome: 'network-error' },
    { mirror: 4, durationMs: 0, outcome: 'network-error' }
  ]
}
✔ invalid query coordinates and nonfinite radii cannot reach providers (1.212127ms)
✔ malformed provider records are discarded individually (9.1413ms)
✔ casino words in an unrelated bar name do not satisfy the casino filter (0.327383ms)
✔ closed property holds are geographically scoped and cannot suppress successors (0.315836ms)
✔ lifecycle tags exclude inactive venues but preserve a current repurposed bar (0.390068ms)
✔ same-brand neighboring casino floors do not borrow each other's live metadata (0.627876ms)
✔ canonical casino location and identity survive live merging (0.196507ms)
✔ valid empty responses remain empty results; invalid JSON shape falls back (10.119844ms)
✔ provider outages preserve the complete local canonical casino pool (1.255933ms)
✔ malformed optional fields cannot poison a provider response or create unsafe actions (1.30045ms)
✔ generic casino names cannot collapse distinct nearby properties into an empty identity (0.336277ms)
✔ reviewed predecessor names merge only into the same nearby current property (10.400678ms)
✔ closed Oklahoma predecessors stay excluded without suppressing operating successors (0.382437ms)
✔ Golden Pony closure cannot be revived by stale live tags or suppress unrelated places (1.036101ms)
✔ final casino aliases preserve canonical routing and do not absorb distant same-name properties (12.738272ms)
✔ nearby final-pass casinos remain distinct even inside the alias distance threshold (1.608885ms)
✔ same-brand town names and Pawnee satellite aliases cannot redirect live details to another casino (1.035401ms)
✔ Gold Town closure rejects stale casino tags while nearby Pahrump properties survive (1.830069ms)
✔ conflicting casino map metadata cannot replace the reviewed property or component point (0.412011ms)
✔ freeze accounting preserves resolved holds, unresolved candidates and historical rows honestly (5.05457ms)
✔ captured live casino responses exclude closed aliases and reconcile the reviewed regional pools (4.157227ms)
✔ Pass 50 has exactly four distinct evidence-backed physical destinations (3.240225ms)
✔ runtime points use source destination fields, never map viewport centres (0.971966ms)
✔ Cadence Crossing remains tied to corrected named-property evidence (14.178783ms)
[discovery] provider-chain {
  mode: 'nightlife',
  source: 'fallback',
  durationMs: 1,
  budgetExhausted: false,
  attempts: [
    { mirror: 1, durationMs: 1, outcome: 'malformed' },
    { mirror: 2, durationMs: 0, outcome: 'malformed' },
    { mirror: 3, durationMs: 0, outcome: 'malformed' },
    { mirror: 4, durationMs: 0, outcome: 'malformed' }
  ]
}
[discovery] provider-chain {
  mode: 'nightlife',
  source: 'error',
  durationMs: 1,
  budgetExhausted: false,
  attempts: [
    { mirror: 1, durationMs: 1, outcome: 'malformed' },
    { mirror: 2, durationMs: 0, outcome: 'malformed' },
    { mirror: 3, durationMs: 0, outcome: 'malformed' },
    { mirror: 4, durationMs: 0, outcome: 'malformed' }
  ]
}
[discovery] provider-chain {
  mode: 'nightlife',
  source: 'live',
  durationMs: 0,
  budgetExhausted: false,
  attempts: [ { mirror: 1, durationMs: 0, outcome: 'empty' } ]
}
✔ global manual origins retain final-pass casino identities and routing through actual discovery handlers (13.913944ms)
✔ switching a casino origin internationally keeps bounded closures local and preserves exact GPS coordinates (1.533331ms)
✔ incomplete provider replies retain honest casino fallback and international errors while valid empty replies stay empty (5.298687ms)
✔ current RC points match observed destination or named source fields (2.588511ms)
✔ rejected map centres cannot silently replace verified casino points (1.142933ms)
✔ current casinos survive while all reviewed closure aliases remain out of the curated catalog (6.596083ms)
✔ newly registered destinations preserve numerical property evidence and scope decisions (1.565429ms)
✔ additions enter once while pin corrections retain IDs and historical evidence (2.239326ms)
✔ nearby branded buildings and separately operated Oneida venues survive canonicalization (0.676219ms)
✔ final adversarial additions and correction preserve observed property destinations (6.107777ms)
✔ Slot Palace routing uses its operator directions address and preserves the separate resort (0.660706ms)
✔ final frontier destinations retain property evidence and survive all closure scopes (4.264508ms)
✔ casino floors remain distinct from nearby casino properties, off-site lodges and closed predecessors (1.647824ms)
✔ recent legacy exports retain their latest source identity and property point (8.069734ms)
✔ every serialized runtime casino satisfies the application data schema (11.276869ms)
✔ missing required fields, duplicate type tags, wrong categories and malformed nulls fail (1.091525ms)
✔ coordinate range, state leakage and jurisdiction disagreement are rejected (0.275245ms)
✔ new passes cannot activate without identity and coordinate evidence (0.388156ms)
✔ unsafe website schemes cannot enter destination actions (0.276917ms)
✔ strict open-now requires known open hours; default exposes saved destinations honestly (2.605528ms)
✔ casino type, radius and known/unknown price filters compose (0.187312ms)
✔ favorites, permanent exclusions and expiring exclusions protect selection (0.341464ms)
✔ empty and singleton pools terminate with correct option counts (0.380613ms)
✔ options never return duplicate identifiers or mutate the input (1.368313ms)
✔ energy and repeat penalties influence weighted picks without excluding all shown places (0.260072ms)
✔ large catalog sampling retains Unicode names and distinct options (22.542351ms)
✔ the flag predicate matches src/lib/auth (1.588785ms)
✔ reads the value a live dev server resolved (0.306402ms)
✔ a server started without the flag reads as sign-in on (0.170397ms)
✔ agreement passes (0.262926ms)
✔ divergence fails in either direction (0.295305ms)
✔ an unobservable dev server is indeterminate, not agreement (0.164288ms)
✔ a dev server that cannot be reached probes as null (0.275125ms)
✔ a server without the endpoint probes as null, not as agreement (0.315275ms)
✔ only a divergence warns the smoke verdict (1.065326ms)
✔ the build side resolves the template's shipped app-env (2.790547ms)
✔ the CLI reports rather than silently passing when run via a symlink (101.107775ms)
✔ Anything coverage satisfies every later category and subset without acquiring again (4.297588ms)
✔ coverage is category-specific within a group; only missing types are requested (9.384641ms)
✔ valid-empty coverage is reusable and preserves its origin; failed/cancelled categories stay missing (1.066798ms)
✔ complete fallback and legacy missing metadata never establish reusable live coverage (0.247643ms)
✔ cached successes plus fresh failure preserve partial live data and disjoint category outcomes (0.759485ms)
✔ cached live success survives missing-category transport failure without asserting coverage (0.499033ms)
✔ radius narrowing reuses larger coverage but widening cannot use a narrower entry (1.526721ms)
✔ latitude separates incompatible cache coverage (0.23237ms)
✔ longitude separates incompatible cache coverage (0.713295ms)
✔ Halloween activation separates incompatible cache coverage (0.288224ms)
✔ semantic version separates incompatible cache coverage (0.26526ms)
✔ TTL expires exactly at bound; reads and fresh missing-category combinations never rejuvenate old coverage (0.35176ms)
✔ new valid-empty category coverage cannot resurrect old venues through a reused superset (0.314705ms)
✔ equal-timestamp freshness uses admission order even after an older superset becomes most recently used (0.259241ms)
✔ V-DR-02: maxEntries eviction cannot resurrect superseded Corn (increasing timestamps) (0.549238ms)
✔ V-DR-02: maxEntries eviction cannot resurrect superseded Corn (equal timestamps) (0.401145ms)
✔ V-DR-02: maxVenues eviction cannot resurrect superseded Corn (increasing timestamps) (0.896772ms)
✔ V-DR-02: maxVenues eviction cannot resurrect superseded Corn (equal timestamps) (0.403479ms)
✔ V-DR-02: radius 50→15 supersession is durable and never claims wider coverage (0.371019ms)
✔ V-DR-02: radius 15→50 supersession is durable and never claims wider coverage (0.368516ms)
✔ V-DR-02: supersession lasts through the old TTL and never rejuvenates unaffected Movies (0.343688ms)
✔ V-DR-02: successful coverage for another latitude cannot supersede this signature (0.208003ms)
✔ V-DR-02: successful coverage for another longitude cannot supersede this signature (0.240793ms)
✔ V-DR-02: successful coverage for another Halloween activation cannot supersede this signature (0.11263ms)
✔ V-DR-02: successful coverage for another semantic version cannot supersede this signature (0.12598ms)
✔ V-DR-02: valid-empty supersession retains full classification and evidence for an identity still reused through Movies (0.343898ms)
✔ V-DR-02: rejected fallback response cannot supersede successful older coverage (0.209155ms)
✔ V-DR-02: rejected failed response cannot supersede successful older coverage (0.106651ms)
✔ V-DR-02: rejected cancelled response cannot supersede successful older coverage (0.130096ms)
✔ V-DR-02: rejected cache-hit response cannot supersede successful older coverage (0.102915ms)
✔ V-DR-02: rejected legacy response cannot supersede successful older coverage (0.106049ms)
✔ V-DR-02: rejected oversize response cannot supersede successful older coverage (0.184959ms)
✔ V-DR-02: partial success supersedes only its successful categories (0.215375ms)
✔ V-DR-02: an entry with all coverage superseded retains terminal identity evidence until TTL (0.429678ms)
✔ LRU entry and aggregate raw-venue caps evict whole entries without truncated coverage (0.730151ms)
✔ cache assembly preserves catalog aliases, full evidence, hours precedence and lifecycle in either insertion order (0.665363ms)
✔ fresh cross-category lifecycle evidence suppresses an older cached active identity without adding coverage (0.425821ms)
✔ actual DateNightHome: Anything→subsets and every local-only filter reuse data without network (457.157182ms)
✔ actual DateNightHome: stale persisted unknown categories recover to Anything without weakening RPC validation (5.861506ms)
✔ actual DateNightHome: subset then mixed selection fetches only missing categories (34.49009ms)
✔ actual DateNightHome: bounded missing-category timeout preserves cached live contribution and partial warning (15.451712ms)
✔ actual DateNightHome: TTL refreshes on next category acquisition, not local-only toggles or elapsed time (13.961125ms)
✔ actual DateNightHome: radius widening schedules an outer patch; narrowing reuses core without RPC (17.023802ms)
✔ actual DateNightHome: late replacement response cannot seed reusable cache (11.762801ms)
✔ actual DateNightHome: late timeout response cannot seed reusable cache (12.810701ms)
✔ actual DateNightHome: component cache lifetime does not survive unmount or contaminate another session (16.169804ms)
✔ Date Night hedge mirror 2 wins at 1500ms and cancels losing attempts (30.504532ms)
✔ Date Night hedge mirror 3 wins at 3000ms and cancels losing attempts (3.526927ms)
✔ Date Night hedge mirror 4 wins at 4500ms and cancels losing attempts (1.5591ms)
✔ Date Night all fetch stalls settle by 12.5s even when abort is honored (5.154199ms)
✔ Date Night all fetch stalls settle by 12.5s even when abort is ignored (1.468865ms)
✔ Date Night all body stalls settle by 12.5s even when abort is honored (1.502255ms)
✔ Date Night all body stalls settle by 12.5s even when abort is ignored (1.419751ms)
✔ Date Night groups share the unchanged absolute 20s deadline, including abort-ignoring work (2.339236ms)
✔ Date Night immediate 429 advances immediately and preserves normalized failure (1.881606ms)
✔ Date Night immediate 500 advances immediately and preserves normalized failure (2.038693ms)
✔ Date Night immediate 504 advances immediately and preserves normalized failure (0.999337ms)
✔ Date Night immediate malformed advances immediately and preserves normalized failure (0.566845ms)
✔ Date Night immediate invalid-json advances immediately and preserves normalized failure (0.995761ms)
✔ Date Night immediate abort advances immediately and preserves normalized failure (0.744943ms)
✔ Date Night immediate network-error advances immediately and preserves normalized failure (0.661787ms)
✔ Date Night valid empty wins and differs from failure (0.452893ms)
✔ Date Night late loser success/rejection cannot replace winner or mutate recorded outcome (4.144116ms)
✔ Date Night cancellation aborts active attempts, stops scheduled hedges and records cancelled group (1.34005ms)
✔ Date Night four groups never exceed sixteen fixed-mirror attempts and reject duplicate/untrusted group IDs (5.455344ms)
✔ canonical lifecycle interpretation preserves the full frozen key/value semantics and precedence (42.488237ms)
✔ generated POSIX value matcher has exact truth semantics, including false prefixes/extensions and case (2.124583ms)
✔ canonical normalization preserves fill-only, input ordering, active tags and supported suffix boundaries (13.173978ms)
✔ registry parity demolished: simple flags and every recognized namespace across every supported category (992.184736ms)
✔ registry parity removed: simple flags and every recognized namespace across every supported category (566.186688ms)
✔ registry parity razed: simple flags and every recognized namespace across every supported category (536.960482ms)
✔ registry parity destroyed: simple flags and every recognized namespace across every supported category (539.267183ms)
✔ registry parity disused: simple flags and every recognized namespace across every supported category (452.85694ms)
✔ registry parity abandoned: simple flags and every recognized namespace across every supported category (306.470942ms)
✔ registry parity was: simple flags and every recognized namespace across every supported category (254.097805ms)
[discovery] provider-chain {
  mode: 'date-night',
  strategy: 'hedged',
  source: 'live',
  durationMs: 2,
  budgetExhausted: false,
  requestedGroups: 1,
  successfulGroups: 1,
  failedGroups: 0,
  partial: false,
  groups: [
    {
      group: 'seasonal',
      outcome: 'success',
      durationMs: 2,
      winnerMirror: 2
    }
  ],
  attempts: [
    {
      group: 'seasonal',
      mirror: 1,
      hedgeOffsetMs: 0,
      durationMs: 1,
      outcome: 'http-error',
      status: 503
    },
    {
      group: 'seasonal',
      mirror: 2,
      hedgeOffsetMs: 1,
      durationMs: 1,
      outcome: 'success'
    }
  ]
}
[discovery] provider-chain {
  mode: 'date-night',
  strategy: 'hedged',
  source: 'live',
  durationMs: 5,
  budgetExhausted: false,
  requestedGroups: 1,
  successfulGroups: 1,
  failedGroups: 0,
  partial: false,
  groups: [
    {
      group: 'seasonal',
      outcome: 'success',
      durationMs: 5,
      winnerMirror: 2
    }
  ],
  attempts: [
    {
      group: 'seasonal',
      mirror: 1,
      hedgeOffsetMs: 0,
      durationMs: 4,
      outcome: 'http-error',
      status: 503
    },
    {
      group: 'seasonal',
      mirror: 2,
      hedgeOffsetMs: 4,
      durationMs: 1,
      outcome: 'success'
    }
  ]
}
[discovery] provider-chain {
  mode: 'date-night',
  strategy: 'hedged',
  source: 'live',
  durationMs: 5,
  budgetExhausted: false,
  requestedGroups: 4,
  successfulGroups: 4,
  failedGroups: 0,
  partial: false,
  groups: [
    {
      group: 'seasonal',
      outcome: 'success',
      durationMs: 3,
      winnerMirror: 2
    },
    {
      group: 'entertainment',
      outcome: 'success',
      durationMs: 3,
      winnerMirror: 2
    },
    {
      group: 'culture',
      outcome: 'success',
      durationMs: 2,
      winnerMirror: 2
    },
    {
      group: 'outdoor',
      outcome: 'success',
      durationMs: 5,
      winnerMirror: 2
    }
  ],
  attempts: [
    {
      group: 'culture',
      mirror: 1,
      hedgeOffsetMs: 0,
      durationMs: 1,
      outcome: 'http-error',
      status: 503
    },
    {
      group: 'culture',
      mirror: 2,
      hedgeOffsetMs: 1,
      durationMs: 1,
      outcome: 'success'
    },
    {
      group: 'entertainment',
      mirror: 1,
      hedgeOffsetMs: 0,
      durationMs: 1,
      outcome: 'http-error',
      status: 503
    },
    {
      group: 'entertainment',
      mirror: 2,
      hedgeOffsetMs: 1,
      durationMs: 2,
      outcome: 'success'
    },
    {
      group: 'outdoor',
      mirror: 1,
      hedgeOffsetMs: 0,
      durationMs: 1,
      outcome: 'http-error',
      status: 503
    },
    {
      group: 'outdoor',
      mirror: 2,
      hedgeOffsetMs: 1,
      durationMs: 4,
      outcome: 'success'
    },
    {
      group: 'seasonal',
      mirror: 1,
      hedgeOffsetMs: 0,
      durationMs: 1,
      outcome: 'http-error',
      status: 503
    },
    {
      group: 'seasonal',
      mirror: 2,
      hedgeOffsetMs: 1,
      durationMs: 2,
      outcome: 'success'
    }
  ]
}
[discovery] provider-chain {
  mode: 'date-night',
  strategy: 'hedged',
  source: 'live',
  durationMs: 1,
  budgetExhausted: false,
  requestedGroups: 1,
  successfulGroups: 1,
  failedGroups: 0,
  partial: false,
  groups: [
    {
      group: 'seasonal',
      outcome: 'success',
      durationMs: 1,
      winnerMirror: 2
    }
  ],
  attempts: [
    {
      group: 'seasonal',
      mirror: 1,
      hedgeOffsetMs: 0,
      durationMs: 0,
      outcome: 'http-error',
      status: 503
    },
    {
      group: 'seasonal',
      mirror: 2,
      hedgeOffsetMs: 0,
      durationMs: 0,
      outcome: 'success'
    }
  ]
}
[discovery] provider-chain {
  mode: 'date-night',
  strategy: 'hedged',
  source: 'live',
  durationMs: 1,
  budgetExhausted: false,
  requestedGroups: 1,
  successfulGroups: 1,
  failedGroups: 0,
  partial: false,
  groups: [
    {
      group: 'seasonal',
      outcome: 'success',
      durationMs: 1,
      winnerMirror: 2
    }
  ],
  attempts: [
    {
      group: 'seasonal',
      mirror: 1,
      hedgeOffsetMs: 0,
      durationMs: 0,
      outcome: 'http-error',
      status: 503
    },
    {
      group: 'seasonal',
      mirror: 2,
      hedgeOffsetMs: 0,
      durationMs: 1,
      outcome: 'success'
    }
  ]
}
[discovery] provider-chain {
  mode: 'date-night',
  strategy: 'hedged',
  source: 'live',
  durationMs: 3,
  budgetExhausted: false,
  requestedGroups: 4,
  successfulGroups: 4,
  failedGroups: 0,
  partial: false,
  groups: [
    {
      group: 'seasonal',
      outcome: 'success',
      durationMs: 2,
      winnerMirror: 2
    },
    {
      group: 'entertainment',
      outcome: 'success',
      durationMs: 2,
      winnerMirror: 2
    },
    {
      group: 'culture',
      outcome: 'success',
      durationMs: 1,
      winnerMirror: 2
    },
    {
      group: 'outdoor',
      outcome: 'success',
      durationMs: 3,
      winnerMirror: 2
    }
  ],
  attempts: [
    {
      group: 'culture',
      mirror: 1,
      hedgeOffsetMs: 0,
      durationMs: 1,
      outcome: 'http-error',
      status: 503
    },
    {
      group: 'culture',
      mirror: 2,
      hedgeOffsetMs: 1,
      durationMs: 1,
      outcome: 'success'
    },
    {
      group: 'entertainment',
      mirror: 1,
      hedgeOffsetMs: 0,
      durationMs: 1,
      outcome: 'http-error',
      status: 503
    },
    {
      group: 'entertainment',
      mirror: 2,
      hedgeOffsetMs: 1,
      durationMs: 2,
      outcome: 'success'
    },
    {
      group: 'outdoor',
      mirror: 1,
      hedgeOffsetMs: 0,
      durationMs: 1,
      outcome: 'http-error',
      status: 503
    },
    {
      group: 'outdoor',
      mirror: 2,
      hedgeOffsetMs: 1,
      durationMs: 2,
      outcome: 'success'
    },
    {
      group: 'seasonal',
      mirror: 1,
      hedgeOffsetMs: 0,
      durationMs: 1,
      outcome: 'http-error',
      status: 503
    },
    {
      group: 'seasonal',
      mirror: 2,
      hedgeOffsetMs: 1,
      durationMs: 1,
      outcome: 'success'
    }
  ]
}
[discovery] provider-chain {
  mode: 'date-night',
  strategy: 'hedged',
  source: 'live',
  durationMs: 1,
  budgetExhausted: false,
  requestedGroups: 1,
  successfulGroups: 1,
  failedGroups: 0,
  partial: false,
  groups: [
    {
      group: 'culture',
      outcome: 'success',
      durationMs: 1,
      winnerMirror: 2
    }
  ],
  attempts: [
    {
      group: 'culture',
      mirror: 1,
      hedgeOffsetMs: 0,
      durationMs: 0,
      outcome: 'http-error',
      status: 503
    },
    {
      group: 'culture',
      mirror: 2,
      hedgeOffsetMs: 0,
      durationMs: 0,
      outcome: 'success'
    }
  ]
}
[discovery] provider-chain {
  mode: 'date-night',
  strategy: 'hedged',
  source: 'live',
  durationMs: 1,
  budgetExhausted: false,
  requestedGroups: 1,
  successfulGroups: 1,
  failedGroups: 0,
  partial: false,
  groups: [
    {
      group: 'culture',
      outcome: 'success',
      durationMs: 1,
      winnerMirror: 2
    }
  ],
  attempts: [
    {
      group: 'culture',
      mirror: 1,
      hedgeOffsetMs: 0,
      durationMs: 0,
      outcome: 'http-error',
      status: 503
    },
    {
      group: 'culture',
      mirror: 2,
      hedgeOffsetMs: 0,
      durationMs: 0,
      outcome: 'success'
    }
  ]
}
[discovery] provider-chain {
  mode: 'date-night',
  strategy: 'hedged',
  source: 'live',
  durationMs: 4,
  budgetExhausted: false,
  requestedGroups: 4,
  successfulGroups: 4,
  failedGroups: 0,
  partial: false,
  groups: [
    {
      group: 'seasonal',
      outcome: 'success',
      durationMs: 3,
      winnerMirror: 2
    },
    {
      group: 'entertainment',
      outcome: 'success',
      durationMs: 4,
      winnerMirror: 2
    },
    {
      group: 'culture',
      outcome: 'success',
      durationMs: 2,
      winnerMirror: 2
    },
    {
      group: 'outdoor',
      outcome: 'success',
      durationMs: 4,
      winnerMirror: 2
    }
  ],
  attempts: [
    {
      group: 'culture',
      mirror: 1,
      hedgeOffsetMs: 0,
      durationMs: 1,
      outcome: 'http-error',
      status: 503
    },
    {
      group: 'culture',
      mirror: 2,
      hedgeOffsetMs: 1,
      durationMs: 1,
      outcome: 'success'
    },
    {
      group: 'entertainment',
      mirror: 1,
      hedgeOffsetMs: 0,
      durationMs: 1,
      outcome: 'http-error',
      status: 503
    },
    {
      group: 'entertainment',
      mirror: 2,
      hedgeOffsetMs: 1,
      durationMs: 3,
      outcome: 'success'
    },
    {
      group: 'outdoor',
      mirror: 1,
      hedgeOffsetMs: 0,
      durationMs: 1,
      outcome: 'http-error',
      status: 503
    },
    {
      group: 'outdoor',
      mirror: 2,
      hedgeOffsetMs: 1,
      durationMs: 3,
      outcome: 'success'
    },
    {
      group: 'seasonal',
      mirror: 1,
      hedgeOffsetMs: 0,
      durationMs: 1,
      outcome: 'http-error',
      status: 503
    },
    {
      group: 'seasonal',
      mirror: 2,
      hedgeOffsetMs: 1,
      durationMs: 2,
      outcome: 'success'
    }
  ]
}
[discovery] provider-chain {
  mode: 'date-night',
  strategy: 'hedged',
  source: 'live',
  durationMs: 1,
  budgetExhausted: false,
  requestedGroups: 1,
  successfulGroups: 1,
  failedGroups: 0,
  partial: false,
  groups: [
    {
      group: 'culture',
      outcome: 'success',
      durationMs: 1,
      winnerMirror: 2
    }
  ],
  attempts: [
    {
      group: 'culture',
      mirror: 1,
      hedgeOffsetMs: 0,
      durationMs: 0,
      outcome: 'http-error',
      status: 503
    },
    {
      group: 'culture',
      mirror: 2,
      hedgeOffsetMs: 0,
      durationMs: 0,
      outcome: 'success'
    }
  ]
}
[discovery] provider-chain {
  mode: 'date-night',
  strategy: 'hedged',
  source: 'live',
  durationMs: 1,
  budgetExhausted: false,
  requestedGroups: 1,
  successfulGroups: 1,
  failedGroups: 0,
  partial: false,
  groups: [
    {
      group: 'culture',
      outcome: 'success',
      durationMs: 1,
      winnerMirror: 2
    }
  ],
  attempts: [
    {
      group: 'culture',
      mirror: 1,
      hedgeOffsetMs: 0,
      durationMs: 0,
      outcome: 'http-error',
      status: 503
    },
    {
      group: 'culture',
      mirror: 2,
      hedgeOffsetMs: 0,
      durationMs: 1,
      outcome: 'success'
    }
  ]
}
[discovery] provider-chain {
  mode: 'date-night',
  strategy: 'hedged',
  source: 'live',
  durationMs: 3,
  budgetExhausted: false,
  requestedGroups: 4,
  successfulGroups: 4,
  failedGroups: 0,
  partial: false,
  groups: [
    {
      group: 'seasonal',
      outcome: 'success',
      durationMs: 2,
      winnerMirror: 2
    },
    {
      group: 'entertainment',
      outcome: 'success',
      durationMs: 2,
      winnerMirror: 2
    },
    {
      group: 'culture',
      outcome: 'success',
      durationMs: 1,
      winnerMirror: 2
    },
    {
      group: 'outdoor',
      outcome: 'success',
      durationMs: 3,
      winnerMirror: 2
    }
  ],
  attempts: [
    {
      group: 'culture',
      mirror: 1,
      hedgeOffsetMs: 0,
      durationMs: 1,
      outcome: 'http-error',
      status: 503
    },
    {
      group: 'culture',
      mirror: 2,
      hedgeOffsetMs: 1,
      durationMs: 1,
      outcome: 'success'
    },
    {
      group: 'entertainment',
      mirror: 1,
      hedgeOffsetMs: 0,
      durationMs: 1,
      outcome: 'http-error',
      status: 503
    },
    {
      group: 'entertainment',
      mirror: 2,
      hedgeOffsetMs: 1,
      durationMs: 1,
      outcome: 'success'
    },
    {
      group: 'outdoor',
      mirror: 1,
      hedgeOffsetMs: 0,
      durationMs: 1,
      outcome: 'http-error',
      status: 503
    },
    {
      group: 'outdoor',
      mirror: 2,
      hedgeOffsetMs: 1,
      durationMs: 2,
      outcome: 'success'
    },
    {
      group: 'seasonal',
      mirror: 1,
      hedgeOffsetMs: 0,
      durationMs: 1,
      outcome: 'http-error',
      status: 503
    },
    {
      group: 'seasonal',
      mirror: 2,
      hedgeOffsetMs: 1,
      durationMs: 1,
      outcome: 'success'
    }
  ]
}
[discovery] provider-chain {
  mode: 'date-night',
  strategy: 'hedged',
  source: 'live',
  durationMs: 1,
  budgetExhausted: false,
  requestedGroups: 1,
  successfulGroups: 1,
  failedGroups: 0,
  partial: false,
  groups: [
    {
      group: 'culture',
      outcome: 'success',
      durationMs: 1,
      winnerMirror: 2
    }
  ],
  attempts: [
    {
      group: 'culture',
      mirror: 1,
      hedgeOffsetMs: 0,
      durationMs: 0,
      outcome: 'http-error',
      status: 503
    },
    {
      group: 'culture',
      mirror: 2,
      hedgeOffsetMs: 0,
      durationMs: 0,
      outcome: 'success'
    }
  ]
}
[discovery] provider-chain {
  mode: 'date-night',
  strategy: 'hedged',
  source: 'live',
  durationMs: 4,
  budgetExhausted: false,
  requestedGroups: 2,
  successfulGroups: 2,
  failedGroups: 0,
  partial: false,
  groups: [
    {
      group: 'entertainment',
      outcome: 'success',
      durationMs: 3,
      winnerMirror: 2
    },
    {
      group: 'culture',
      outcome: 'success',
      durationMs: 3,
      winnerMirror: 2
    }
  ],
  attempts: [
    {
      group: 'culture',
      mirror: 1,
      hedgeOffsetMs: 0,
      durationMs: 2,
      outcome: 'http-error',
      status: 503
    },
    {
      group: 'culture',
      mirror: 2,
      hedgeOffsetMs: 2,
      durationMs: 1,
      outcome: 'success'
    },
    {
      group: 'entertainment',
      mirror: 1,
      hedgeOffsetMs: 0,
      durationMs: 2,
      outcome: 'http-error',
      status: 503
    },
    {
      group: 'entertainment',
      mirror: 2,
      hedgeOffsetMs: 2,
      durationMs: 1,
      outcome: 'success'
    }
  ]
}
[discovery] provider-chain {
  mode: 'date-night',
  strategy: 'hedged',
  source: 'live',
  durationMs: 4,
  budgetExhausted: false,
  requestedGroups: 4,
  successfulGroups: 4,
  failedGroups: 0,
  partial: false,
  groups: [
    {
      group: 'seasonal',
      outcome: 'success',
      durationMs: 3,
      winnerMirror: 2
    },
    {
      group: 'entertainment',
      outcome: 'success',
      durationMs: 3,
      winnerMirror: 2
    },
    {
      group: 'culture',
      outcome: 'success',
      durationMs: 2,
      winnerMirror: 2
    },
    {
      group: 'outdoor',
      outcome: 'success',
      durationMs: 4,
      winnerMirror: 2
    }
  ],
  attempts: [
    {
      group: 'culture',
      mirror: 1,
      hedgeOffsetMs: 0,
      durationMs: 1,
      outcome: 'http-error',
      status: 503
    },
    {
      group: 'culture',
      mirror: 2,
      hedgeOffsetMs: 1,
      durationMs: 2,
      outcome: 'success'
    },
    {
      group: 'entertainment',
      mirror: 1,
      hedgeOffsetMs: 0,
      durationMs: 1,
      outcome: 'http-error',
      status: 503
    },
    {
      group: 'entertainment',
      mirror: 2,
      hedgeOffsetMs: 1,
      durationMs: 3,
      outcome: 'success'
    },
    {
      group: 'outdoor',
      mirror: 1,
      hedgeOffsetMs: 0,
      durationMs: 1,
      outcome: 'http-error',
      status: 503
    },
    {
      group: 'outdoor',
      mirror: 2,
      hedgeOffsetMs: 1,
      durationMs: 3,
      outcome: 'success'
    },
    {
      group: 'seasonal',
      mirror: 1,
      hedgeOffsetMs: 0,
      durationMs: 1,
      outcome: 'http-error',
      status: 503
    },
    {
      group: 'seasonal',
      mirror: 2,
      hedgeOffsetMs: 1,
      durationMs: 2,
      outcome: 'success'
    }
  ]
}
✔ real handler demolished: forward/reverse seasonal and ordinary flags, result order, later mirror (105.17541ms)
✔ real handler demolished: reconstructed contextual seasonal evidence and ordinary namespace parity (35.080187ms)
[discovery] provider-chain {
  mode: 'date-night',
  strategy: 'hedged',
  source: 'live',
  durationMs: 1,
  budgetExhausted: false,
  requestedGroups: 1,
  successfulGroups: 1,
  failedGroups: 0,
  partial: false,
  groups: [
    {
      group: 'seasonal',
      outcome: 'success',
      durationMs: 1,
      winnerMirror: 2
    }
  ],
  attempts: [
    {
      group: 'seasonal',
      mirror: 1,
      hedgeOffsetMs: 0,
      durationMs: 0,
      outcome: 'http-error',
      status: 503
    },
    {
      group: 'seasonal',
      mirror: 2,
      hedgeOffsetMs: 0,
      durationMs: 1,
      outcome: 'success'
    }
  ]
}
[discovery] provider-chain {
  mode: 'date-night',
  strategy: 'hedged',
  source: 'live',
  durationMs: 1,
  budgetExhausted: false,
  requestedGroups: 1,
  successfulGroups: 1,
  failedGroups: 0,
  partial: false,
  groups: [
    {
      group: 'seasonal',
      outcome: 'success',
      durationMs: 1,
      winnerMirror: 2
    }
  ],
  attempts: [
    {
      group: 'seasonal',
      mirror: 1,
      hedgeOffsetMs: 0,
      durationMs: 0,
      outcome: 'http-error',
      status: 503
    },
    {
      group: 'seasonal',
      mirror: 2,
      hedgeOffsetMs: 0,
      durationMs: 1,
      outcome: 'success'
    }
  ]
}
[discovery] provider-chain {
  mode: 'date-night',
  strategy: 'hedged',
  source: 'live',
  durationMs: 4,
  budgetExhausted: false,
  requestedGroups: 4,
  successfulGroups: 4,
  failedGroups: 0,
  partial: false,
  groups: [
    {
      group: 'seasonal',
      outcome: 'success',
      durationMs: 3,
      winnerMirror: 2
    },
    {
      group: 'entertainment',
      outcome: 'success',
      durationMs: 3,
      winnerMirror: 2
    },
    {
      group: 'culture',
      outcome: 'success',
      durationMs: 2,
      winnerMirror: 2
    },
    {
      group: 'outdoor',
      outcome: 'success',
      durationMs: 4,
      winnerMirror: 2
    }
  ],
  attempts: [
    {
      group: 'culture',
      mirror: 1,
      hedgeOffsetMs: 0,
      durationMs: 1,
      outcome: 'http-error',
      status: 503
    },
    {
      group: 'culture',
      mirror: 2,
      hedgeOffsetMs: 1,
      durationMs: 1,
      outcome: 'success'
    },
    {
      group: 'entertainment',
      mirror: 1,
      hedgeOffsetMs: 0,
      durationMs: 1,
      outcome: 'http-error',
      status: 503
    },
    {
      group: 'entertainment',
      mirror: 2,
      hedgeOffsetMs: 1,
      durationMs: 2,
      outcome: 'success'
    },
    {
      group: 'outdoor',
      mirror: 1,
      hedgeOffsetMs: 0,
      durationMs: 1,
      outcome: 'http-error',
      status: 503
    },
    {
      group: 'outdoor',
      mirror: 2,
      hedgeOffsetMs: 1,
      durationMs: 3,
      outcome: 'success'
    },
    {
      group: 'seasonal',
      mirror: 1,
      hedgeOffsetMs: 0,
      durationMs: 1,
      outcome: 'http-error',
      status: 503
    },
    {
      group: 'seasonal',
      mirror: 2,
      hedgeOffsetMs: 1,
      durationMs: 2,
      outcome: 'success'
    }
  ]
}
[discovery] provider-chain {
  mode: 'date-night',
  strategy: 'hedged',
  source: 'live',
  durationMs: 1,
  budgetExhausted: false,
  requestedGroups: 1,
  successfulGroups: 1,
  failedGroups: 0,
  partial: false,
  groups: [
    {
      group: 'seasonal',
      outcome: 'success',
      durationMs: 1,
      winnerMirror: 2
    }
  ],
  attempts: [
    {
      group: 'seasonal',
      mirror: 1,
      hedgeOffsetMs: 0,
      durationMs: 0,
      outcome: 'http-error',
      status: 503
    },
    {
      group: 'seasonal',
      mirror: 2,
      hedgeOffsetMs: 0,
      durationMs: 1,
      outcome: 'success'
    }
  ]
}
[discovery] provider-chain {
  mode: 'date-night',
  strategy: 'hedged',
  source: 'live',
  durationMs: 1,
  budgetExhausted: false,
  requestedGroups: 1,
  successfulGroups: 1,
  failedGroups: 0,
  partial: false,
  groups: [
    {
      group: 'seasonal',
      outcome: 'success',
      durationMs: 1,
      winnerMirror: 2
    }
  ],
  attempts: [
    {
      group: 'seasonal',
      mirror: 1,
      hedgeOffsetMs: 0,
      durationMs: 0,
      outcome: 'http-error',
      status: 503
    },
    {
      group: 'seasonal',
      mirror: 2,
      hedgeOffsetMs: 0,
      durationMs: 1,
      outcome: 'success'
    }
  ]
}
[discovery] provider-chain {
  mode: 'date-night',
  strategy: 'hedged',
  source: 'live',
  durationMs: 4,
  budgetExhausted: false,
  requestedGroups: 4,
  successfulGroups: 4,
  failedGroups: 0,
  partial: false,
  groups: [
    {
      group: 'seasonal',
      outcome: 'success',
      durationMs: 3,
      winnerMirror: 2
    },
    {
      group: 'entertainment',
      outcome: 'success',
      durationMs: 3,
      winnerMirror: 2
    },
    {
      group: 'culture',
      outcome: 'success',
      durationMs: 2,
      winnerMirror: 2
    },
    {
      group: 'outdoor',
      outcome: 'success',
      durationMs: 3,
      winnerMirror: 2
    }
  ],
  attempts: [
    {
      group: 'culture',
      mirror: 1,
      hedgeOffsetMs: 0,
      durationMs: 1,
      outcome: 'http-error',
      status: 503
    },
    {
      group: 'culture',
      mirror: 2,
      hedgeOffsetMs: 1,
      durationMs: 1,
      outcome: 'success'
    },
    {
      group: 'entertainment',
      mirror: 1,
      hedgeOffsetMs: 0,
      durationMs: 1,
      outcome: 'http-error',
      status: 503
    },
    {
      group: 'entertainment',
      mirror: 2,
      hedgeOffsetMs: 1,
      durationMs: 2,
      outcome: 'success'
    },
    {
      group: 'outdoor',
      mirror: 1,
      hedgeOffsetMs: 0,
      durationMs: 1,
      outcome: 'http-error',
      status: 503
    },
    {
      group: 'outdoor',
      mirror: 2,
      hedgeOffsetMs: 1,
      durationMs: 3,
      outcome: 'success'
    },
    {
      group: 'seasonal',
      mirror: 1,
      hedgeOffsetMs: 0,
      durationMs: 1,
      outcome: 'http-error',
      status: 503
    },
    {
      group: 'seasonal',
      mirror: 2,
      hedgeOffsetMs: 1,
      durationMs: 2,
      outcome: 'success'
    }
  ]
}
[discovery] provider-chain {
  mode: 'date-night',
  strategy: 'hedged',
  source: 'live',
  durationMs: 1,
  budgetExhausted: false,
  requestedGroups: 1,
  successfulGroups: 1,
  failedGroups: 0,
  partial: false,
  groups: [
    {
      group: 'culture',
      outcome: 'success',
      durationMs: 1,
      winnerMirror: 2
    }
  ],
  attempts: [
    {
      group: 'culture',
      mirror: 1,
      hedgeOffsetMs: 0,
      durationMs: 0,
      outcome: 'http-error',
      status: 503
    },
    {
      group: 'culture',
      mirror: 2,
      hedgeOffsetMs: 0,
      durationMs: 1,
      outcome: 'success'
    }
  ]
}
[discovery] provider-chain {
  mode: 'date-night',
  strategy: 'hedged',
  source: 'live',
  durationMs: 1,
  budgetExhausted: false,
  requestedGroups: 1,
  successfulGroups: 1,
  failedGroups: 0,
  partial: false,
  groups: [
    {
      group: 'culture',
      outcome: 'success',
      durationMs: 1,
      winnerMirror: 2
    }
  ],
  attempts: [
    {
      group: 'culture',
      mirror: 1,
      hedgeOffsetMs: 0,
      durationMs: 0,
      outcome: 'http-error',
      status: 503
    },
    {
      group: 'culture',
      mirror: 2,
      hedgeOffsetMs: 0,
      durationMs: 1,
      outcome: 'success'
    }
  ]
}
[discovery] provider-chain {
  mode: 'date-night',
  strategy: 'hedged',
  source: 'live',
  durationMs: 4,
  budgetExhausted: false,
  requestedGroups: 4,
  successfulGroups: 4,
  failedGroups: 0,
  partial: false,
  groups: [
    {
      group: 'seasonal',
      outcome: 'success',
      durationMs: 3,
      winnerMirror: 2
    },
    {
      group: 'entertainment',
      outcome: 'success',
      durationMs: 4,
      winnerMirror: 2
    },
    {
      group: 'culture',
      outcome: 'success',
      durationMs: 2,
      winnerMirror: 2
    },
    {
      group: 'outdoor',
      outcome: 'success',
      durationMs: 4,
      winnerMirror: 2
    }
  ],
  attempts: [
    {
      group: 'culture',
      mirror: 1,
      hedgeOffsetMs: 0,
      durationMs: 1,
      outcome: 'http-error',
      status: 503
    },
    {
      group: 'culture',
      mirror: 2,
      hedgeOffsetMs: 1,
      durationMs: 1,
      outcome: 'success'
    },
    {
      group: 'entertainment',
      mirror: 1,
      hedgeOffsetMs: 0,
      durationMs: 1,
      outcome: 'http-error',
      status: 503
    },
    {
      group: 'entertainment',
      mirror: 2,
      hedgeOffsetMs: 1,
      durationMs: 3,
      outcome: 'success'
    },
    {
      group: 'outdoor',
      mirror: 1,
      hedgeOffsetMs: 0,
      durationMs: 1,
      outcome: 'http-error',
      status: 503
    },
    {
      group: 'outdoor',
      mirror: 2,
      hedgeOffsetMs: 1,
      durationMs: 3,
      outcome: 'success'
    },
    {
      group: 'seasonal',
      mirror: 1,
      hedgeOffsetMs: 0,
      durationMs: 1,
      outcome: 'http-error',
      status: 503
    },
    {
      group: 'seasonal',
      mirror: 2,
      hedgeOffsetMs: 1,
      durationMs: 2,
      outcome: 'success'
    }
  ]
}
[discovery] provider-chain {
  mode: 'date-night',
  strategy: 'hedged',
  source: 'live',
  durationMs: 2,
  budgetExhausted: false,
  requestedGroups: 1,
  successfulGroups: 1,
  failedGroups: 0,
  partial: false,
  groups: [
    {
      group: 'culture',
      outcome: 'success',
      durationMs: 1,
      winnerMirror: 2
    }
  ],
  attempts: [
    {
      group: 'culture',
      mirror: 1,
      hedgeOffsetMs: 0,
      durationMs: 0,
      outcome: 'http-error',
      status: 503
    },
    {
      group: 'culture',
      mirror: 2,
      hedgeOffsetMs: 0,
      durationMs: 1,
      outcome: 'success'
    }
  ]
}
[discovery] provider-chain {
  mode: 'date-night',
  strategy: 'hedged',
  source: 'live',
  durationMs: 1,
  budgetExhausted: false,
  requestedGroups: 1,
  successfulGroups: 1,
  failedGroups: 0,
  partial: false,
  groups: [
    {
      group: 'culture',
      outcome: 'success',
      durationMs: 1,
      winnerMirror: 2
    }
  ],
  attempts: [
    {
      group: 'culture',
      mirror: 1,
      hedgeOffsetMs: 0,
      durationMs: 0,
      outcome: 'http-error',
      status: 503
    },
    {
      group: 'culture',
      mirror: 2,
      hedgeOffsetMs: 0,
      durationMs: 1,
      outcome: 'success'
    }
  ]
}
[discovery] provider-chain {
  mode: 'date-night',
  strategy: 'hedged',
  source: 'live',
  durationMs: 5,
  budgetExhausted: false,
  requestedGroups: 4,
  successfulGroups: 4,
  failedGroups: 0,
  partial: false,
  groups: [
    {
      group: 'seasonal',
      outcome: 'success',
      durationMs: 3,
      winnerMirror: 2
    },
    {
      group: 'entertainment',
      outcome: 'success',
      durationMs: 4,
      winnerMirror: 2
    },
    {
      group: 'culture',
      outcome: 'success',
      durationMs: 2,
      winnerMirror: 2
    },
    {
      group: 'outdoor',
      outcome: 'success',
      durationMs: 4,
      winnerMirror: 2
    }
  ],
  attempts: [
    {
      group: 'culture',
      mirror: 1,
      hedgeOffsetMs: 0,
      durationMs: 1,
      outcome: 'http-error',
      status: 503
    },
    {
      group: 'culture',
      mirror: 2,
      hedgeOffsetMs: 1,
      durationMs: 1,
      outcome: 'success'
    },
    {
      group: 'entertainment',
      mirror: 1,
      hedgeOffsetMs: 0,
      durationMs: 1,
      outcome: 'http-error',
      status: 503
    },
    {
      group: 'entertainment',
      mirror: 2,
      hedgeOffsetMs: 1,
      durationMs: 3,
      outcome: 'success'
    },
    {
      group: 'outdoor',
      mirror: 1,
      hedgeOffsetMs: 0,
      durationMs: 1,
      outcome: 'http-error',
      status: 503
    },
    {
      group: 'outdoor',
      mirror: 2,
      hedgeOffsetMs: 1,
      durationMs: 3,
      outcome: 'success'
    },
    {
      group: 'seasonal',
      mirror: 1,
      hedgeOffsetMs: 0,
      durationMs: 1,
      outcome: 'http-error',
      status: 503
    },
    {
      group: 'seasonal',
      mirror: 2,
      hedgeOffsetMs: 1,
      durationMs: 2,
      outcome: 'success'
    }
  ]
}
[discovery] provider-chain {
  mode: 'date-night',
  strategy: 'hedged',
  source: 'live',
  durationMs: 1,
  budgetExhausted: false,
  requestedGroups: 1,
  successfulGroups: 1,
  failedGroups: 0,
  partial: false,
  groups: [
    {
      group: 'culture',
      outcome: 'success',
      durationMs: 1,
      winnerMirror: 2
    }
  ],
  attempts: [
    {
      group: 'culture',
      mirror: 1,
      hedgeOffsetMs: 0,
      durationMs: 0,
      outcome: 'http-error',
      status: 503
    },
    {
      group: 'culture',
      mirror: 2,
      hedgeOffsetMs: 0,
      durationMs: 1,
      outcome: 'success'
    }
  ]
}
[discovery] provider-chain {
  mode: 'date-night',
  strategy: 'hedged',
  source: 'live',
  durationMs: 11,
  budgetExhausted: false,
  requestedGroups: 2,
  successfulGroups: 2,
  failedGroups: 0,
  partial: false,
  groups: [
    {
      group: 'entertainment',
      outcome: 'success',
      durationMs: 11,
      winnerMirror: 2
    },
    {
      group: 'culture',
      outcome: 'success',
      durationMs: 1,
      winnerMirror: 2
    }
  ],
  attempts: [
    {
      group: 'culture',
      mirror: 1,
      hedgeOffsetMs: 0,
      durationMs: 0,
      outcome: 'http-error',
      status: 503
    },
    {
      group: 'culture',
      mirror: 2,
      hedgeOffsetMs: 0,
      durationMs: 1,
      outcome: 'success'
    },
    {
      group: 'entertainment',
      mirror: 1,
      hedgeOffsetMs: 0,
      durationMs: 0,
      outcome: 'http-error',
      status: 503
    },
    {
      group: 'entertainment',
      mirror: 2,
      hedgeOffsetMs: 0,
      durationMs: 11,
      outcome: 'success'
    }
  ]
}
[discovery] provider-chain {
  mode: 'date-night',
  strategy: 'hedged',
  source: 'live',
  durationMs: 5,
  budgetExhausted: false,
  requestedGroups: 4,
  successfulGroups: 4,
  failedGroups: 0,
  partial: false,
  groups: [
    {
      group: 'seasonal',
      outcome: 'success',
      durationMs: 4,
      winnerMirror: 2
    },
    {
      group: 'entertainment',
      outcome: 'success',
      durationMs: 4,
      winnerMirror: 2
    },
    {
      group: 'culture',
      outcome: 'success',
      durationMs: 3,
      winnerMirror: 2
    },
    {
      group: 'outdoor',
      outcome: 'success',
      durationMs: 5,
      winnerMirror: 2
    }
  ],
  attempts: [
    {
      group: 'culture',
      mirror: 1,
      hedgeOffsetMs: 0,
      durationMs: 1,
      outcome: 'http-error',
      status: 503
    },
    {
      group: 'culture',
      mirror: 2,
      hedgeOffsetMs: 1,
      durationMs: 1,
      outcome: 'success'
    },
    {
      group: 'entertainment',
      mirror: 1,
      hedgeOffsetMs: 0,
      durationMs: 1,
      outcome: 'http-error',
      status: 503
    },
    {
      group: 'entertainment',
      mirror: 2,
      hedgeOffsetMs: 1,
      durationMs: 3,
      outcome: 'success'
    },
    {
      group: 'outdoor',
      mirror: 1,
      hedgeOffsetMs: 0,
      durationMs: 1,
      outcome: 'http-error',
      status: 503
    },
    {
      group: 'outdoor',
      mirror: 2,
      hedgeOffsetMs: 1,
      durationMs: 4,
      outcome: 'success'
    },
    {
      group: 'seasonal',
      mirror: 1,
      hedgeOffsetMs: 0,
      durationMs: 1,
      outcome: 'http-error',
      status: 503
    },
    {
      group: 'seasonal',
      mirror: 2,
      hedgeOffsetMs: 1,
      durationMs: 2,
      outcome: 'success'
    }
  ]
}
✔ real handler removed: forward/reverse seasonal and ordinary flags, result order, later mirror (82.017895ms)
✔ real handler removed: reconstructed contextual seasonal evidence and ordinary namespace parity (7.911425ms)
[discovery] provider-chain {
  mode: 'date-night',
  strategy: 'hedged',
  source: 'live',
  durationMs: 1,
  budgetExhausted: false,
  requestedGroups: 1,
  successfulGroups: 1,
  failedGroups: 0,
  partial: false,
  groups: [
    {
      group: 'seasonal',
      outcome: 'success',
      durationMs: 1,
      winnerMirror: 2
    }
  ],
  attempts: [
    {
      group: 'seasonal',
      mirror: 1,
      hedgeOffsetMs: 0,
      durationMs: 0,
      outcome: 'http-error',
      status: 503
    },
    {
      group: 'seasonal',
      mirror: 2,
      hedgeOffsetMs: 0,
      durationMs: 1,
      outcome: 'success'
    }
  ]
}
[discovery] provider-chain {
  mode: 'date-night',
  strategy: 'hedged',
  source: 'live',
  durationMs: 1,
  budgetExhausted: false,
  requestedGroups: 1,
  successfulGroups: 1,
  failedGroups: 0,
  partial: false,
  groups: [
    {
      group: 'seasonal',
      outcome: 'success',
      durationMs: 1,
      winnerMirror: 2
    }
  ],
  attempts: [
    {
      group: 'seasonal',
      mirror: 1,
      hedgeOffsetMs: 0,
      durationMs: 0,
      outcome: 'http-error',
      status: 503
    },
    {
      group: 'seasonal',
      mirror: 2,
      hedgeOffsetMs: 0,
      durationMs: 1,
      outcome: 'success'
    }
  ]
}
[discovery] provider-chain {
  mode: 'date-night',
  strategy: 'hedged',
  source: 'live',
  durationMs: 4,
  budgetExhausted: false,
  requestedGroups: 4,
  successfulGroups: 4,
  failedGroups: 0,
  partial: false,
  groups: [
    {
      group: 'seasonal',
      outcome: 'success',
      durationMs: 2,
      winnerMirror: 2
    },
    {
      group: 'entertainment',
      outcome: 'success',
      durationMs: 3,
      winnerMirror: 2
    },
    {
      group: 'culture',
      outcome: 'success',
      durationMs: 2,
      winnerMirror: 2
    },
    {
      group: 'outdoor',
      outcome: 'success',
      durationMs: 3,
      winnerMirror: 2
    }
  ],
  attempts: [
    {
      group: 'culture',
      mirror: 1,
      hedgeOffsetMs: 0,
      durationMs: 1,
      outcome: 'http-error',
      status: 503
    },
    {
      group: 'culture',
      mirror: 2,
      hedgeOffsetMs: 1,
      durationMs: 1,
      outcome: 'success'
    },
    {
      group: 'entertainment',
      mirror: 1,
      hedgeOffsetMs: 0,
      durationMs: 1,
      outcome: 'http-error',
      status: 503
    },
    {
      group: 'entertainment',
      mirror: 2,
      hedgeOffsetMs: 1,
      durationMs: 2,
      outcome: 'success'
    },
    {
      group: 'outdoor',
      mirror: 1,
      hedgeOffsetMs: 0,
      durationMs: 1,
      outcome: 'http-error',
      status: 503
    },
    {
      group: 'outdoor',
      mirror: 2,
      hedgeOffsetMs: 1,
      durationMs: 3,
      outcome: 'success'
    },
    {
      group: 'seasonal',
      mirror: 1,
      hedgeOffsetMs: 0,
      durationMs: 1,
      outcome: 'http-error',
      status: 503
    },
    {
      group: 'seasonal',
      mirror: 2,
      hedgeOffsetMs: 1,
      durationMs: 2,
      outcome: 'success'
    }
  ]
}
[discovery] provider-chain {
  mode: 'date-night',
  strategy: 'hedged',
  source: 'live',
  durationMs: 1,
  budgetExhausted: false,
  requestedGroups: 1,
  successfulGroups: 1,
  failedGroups: 0,
  partial: false,
  groups: [
    {
      group: 'seasonal',
      outcome: 'success',
      durationMs: 1,
      winnerMirror: 2
    }
  ],
  attempts: [
    {
      group: 'seasonal',
      mirror: 1,
      hedgeOffsetMs: 0,
      durationMs: 0,
      outcome: 'http-error',
      status: 503
    },
    {
      group: 'seasonal',
      mirror: 2,
      hedgeOffsetMs: 0,
      durationMs: 1,
      outcome: 'success'
    }
  ]
}
[discovery] provider-chain {
  mode: 'date-night',
  strategy: 'hedged',
  source: 'live',
  durationMs: 2,
  budgetExhausted: false,
  requestedGroups: 1,
  successfulGroups: 1,
  failedGroups: 0,
  partial: false,
  groups: [
    {
      group: 'seasonal',
      outcome: 'success',
      durationMs: 2,
      winnerMirror: 2
    }
  ],
  attempts: [
    {
      group: 'seasonal',
      mirror: 1,
      hedgeOffsetMs: 0,
      durationMs: 0,
      outcome: 'http-error',
      status: 503
    },
    {
      group: 'seasonal',
      mirror: 2,
      hedgeOffsetMs: 0,
      durationMs: 1,
      outcome: 'success'
    }
  ]
}
[discovery] provider-chain {
  mode: 'date-night',
  strategy: 'hedged',
  source: 'live',
  durationMs: 4,
  budgetExhausted: false,
  requestedGroups: 4,
  successfulGroups: 4,
  failedGroups: 0,
  partial: false,
  groups: [
    {
      group: 'seasonal',
      outcome: 'success',
      durationMs: 3,
      winnerMirror: 2
    },
    {
      group: 'entertainment',
      outcome: 'success',
      durationMs: 3,
      winnerMirror: 2
    },
    {
      group: 'culture',
      outcome: 'success',
      durationMs: 2,
      winnerMirror: 2
    },
    {
      group: 'outdoor',
      outcome: 'success',
      durationMs: 4,
      winnerMirror: 2
    }
  ],
  attempts: [
    {
      group: 'culture',
      mirror: 1,
      hedgeOffsetMs: 0,
      durationMs: 1,
      outcome: 'http-error',
      status: 503
    },
    {
      group: 'culture',
      mirror: 2,
      hedgeOffsetMs: 1,
      durationMs: 1,
      outcome: 'success'
    },
    {
      group: 'entertainment',
      mirror: 1,
      hedgeOffsetMs: 0,
      durationMs: 1,
      outcome: 'http-error',
      status: 503
    },
    {
      group: 'entertainment',
      mirror: 2,
      hedgeOffsetMs: 1,
      durationMs: 3,
      outcome: 'success'
    },
    {
      group: 'outdoor',
      mirror: 1,
      hedgeOffsetMs: 0,
      durationMs: 1,
      outcome: 'http-error',
      status: 503
    },
    {
      group: 'outdoor',
      mirror: 2,
      hedgeOffsetMs: 1,
      durationMs: 3,
      outcome: 'success'
    },
    {
      group: 'seasonal',
      mirror: 1,
      hedgeOffsetMs: 0,
      durationMs: 1,
      outcome: 'http-error',
      status: 503
    },
    {
      group: 'seasonal',
      mirror: 2,
      hedgeOffsetMs: 1,
      durationMs: 2,
      outcome: 'success'
    }
  ]
}
[discovery] provider-chain {
  mode: 'date-night',
  strategy: 'hedged',
  source: 'live',
  durationMs: 2,
  budgetExhausted: false,
  requestedGroups: 1,
  successfulGroups: 1,
  failedGroups: 0,
  partial: false,
  groups: [
    {
      group: 'culture',
      outcome: 'success',
      durationMs: 2,
      winnerMirror: 2
    }
  ],
  attempts: [
    {
      group: 'culture',
      mirror: 1,
      hedgeOffsetMs: 0,
      durationMs: 1,
      outcome: 'http-error',
      status: 503
    },
    {
      group: 'culture',
      mirror: 2,
      hedgeOffsetMs: 1,
      durationMs: 1,
      outcome: 'success'
    }
  ]
}
[discovery] provider-chain {
  mode: 'date-night',
  strategy: 'hedged',
  source: 'live',
  durationMs: 1,
  budgetExhausted: false,
  requestedGroups: 1,
  successfulGroups: 1,
  failedGroups: 0,
  partial: false,
  groups: [
    {
      group: 'culture',
      outcome: 'success',
      durationMs: 1,
      winnerMirror: 2
    }
  ],
  attempts: [
    {
      group: 'culture',
      mirror: 1,
      hedgeOffsetMs: 0,
      durationMs: 0,
      outcome: 'http-error',
      status: 503
    },
    {
      group: 'culture',
      mirror: 2,
      hedgeOffsetMs: 0,
      durationMs: 1,
      outcome: 'success'
    }
  ]
}
[discovery] provider-chain {
  mode: 'date-night',
  strategy: 'hedged',
  source: 'live',
  durationMs: 6,
  budgetExhausted: false,
  requestedGroups: 4,
  successfulGroups: 4,
  failedGroups: 0,
  partial: false,
  groups: [
    {
      group: 'seasonal',
      outcome: 'success',
      durationMs: 3,
      winnerMirror: 2
    },
    {
      group: 'entertainment',
      outcome: 'success',
      durationMs: 5,
      winnerMirror: 2
    },
    {
      group: 'culture',
      outcome: 'success',
      durationMs: 2,
      winnerMirror: 2
    },
    {
      group: 'outdoor',
      outcome: 'success',
      durationMs: 6,
      winnerMirror: 2
    }
  ],
  attempts: [
    {
      group: 'culture',
      mirror: 1,
      hedgeOffsetMs: 0,
      durationMs: 1,
      outcome: 'http-error',
      status: 503
    },
    {
      group: 'culture',
      mirror: 2,
      hedgeOffsetMs: 1,
      durationMs: 1,
      outcome: 'success'
    },
    {
      group: 'entertainment',
      mirror: 1,
      hedgeOffsetMs: 0,
      durationMs: 1,
      outcome: 'http-error',
      status: 503
    },
    {
      group: 'entertainment',
      mirror: 2,
      hedgeOffsetMs: 1,
      durationMs: 4,
      outcome: 'success'
    },
    {
      group: 'outdoor',
      mirror: 1,
      hedgeOffsetMs: 0,
      durationMs: 1,
      outcome: 'http-error',
      status: 503
    },
    {
      group: 'outdoor',
      mirror: 2,
      hedgeOffsetMs: 1,
      durationMs: 5,
      outcome: 'success'
    },
    {
      group: 'seasonal',
      mirror: 1,
      hedgeOffsetMs: 0,
      durationMs: 1,
      outcome: 'http-error',
      status: 503
    },
    {
      group: 'seasonal',
      mirror: 2,
      hedgeOffsetMs: 1,
      durationMs: 2,
      outcome: 'success'
    }
  ]
}
[discovery] provider-chain {
  mode: 'date-night',
  strategy: 'hedged',
  source: 'live',
  durationMs: 4,
  budgetExhausted: false,
  requestedGroups: 1,
  successfulGroups: 1,
  failedGroups: 0,
  partial: false,
  groups: [
    {
      group: 'culture',
      outcome: 'success',
      durationMs: 4,
      winnerMirror: 2
    }
  ],
  attempts: [
    {
      group: 'culture',
      mirror: 1,
      hedgeOffsetMs: 0,
      durationMs: 0,
      outcome: 'http-error',
      status: 503
    },
    {
      group: 'culture',
      mirror: 2,
      hedgeOffsetMs: 0,
      durationMs: 3,
      outcome: 'success'
    }
  ]
}
[discovery] provider-chain {
  mode: 'date-night',
  strategy: 'hedged',
  source: 'live',
  durationMs: 1,
  budgetExhausted: false,
  requestedGroups: 1,
  successfulGroups: 1,
  failedGroups: 0,
  partial: false,
  groups: [
    {
      group: 'culture',
      outcome: 'success',
      durationMs: 1,
      winnerMirror: 2
    }
  ],
  attempts: [
    {
      group: 'culture',
      mirror: 1,
      hedgeOffsetMs: 0,
      durationMs: 0,
      outcome: 'http-error',
      status: 503
    },
    {
      group: 'culture',
      mirror: 2,
      hedgeOffsetMs: 0,
      durationMs: 1,
      outcome: 'success'
    }
  ]
}
[discovery] provider-chain {
  mode: 'date-night',
  strategy: 'hedged',
  source: 'live',
  durationMs: 6,
  budgetExhausted: false,
  requestedGroups: 4,
  successfulGroups: 4,
  failedGroups: 0,
  partial: false,
  groups: [
    {
      group: 'seasonal',
      outcome: 'success',
      durationMs: 4,
      winnerMirror: 2
    },
    {
      group: 'entertainment',
      outcome: 'success',
      durationMs: 5,
      winnerMirror: 2
    },
    {
      group: 'culture',
      outcome: 'success',
      durationMs: 2,
      winnerMirror: 2
    },
    {
      group: 'outdoor',
      outcome: 'success',
      durationMs: 5,
      winnerMirror: 2
    }
  ],
  attempts: [
    {
      group: 'culture',
      mirror: 1,
      hedgeOffsetMs: 0,
      durationMs: 1,
      outcome: 'http-error',
      status: 503
    },
    {
      group: 'culture',
      mirror: 2,
      hedgeOffsetMs: 1,
      durationMs: 1,
      outcome: 'success'
    },
    {
      group: 'entertainment',
      mirror: 1,
      hedgeOffsetMs: 0,
      durationMs: 1,
      outcome: 'http-error',
      status: 503
    },
    {
      group: 'entertainment',
      mirror: 2,
      hedgeOffsetMs: 1,
      durationMs: 4,
      outcome: 'success'
    },
    {
      group: 'outdoor',
      mirror: 1,
      hedgeOffsetMs: 0,
      durationMs: 1,
      outcome: 'http-error',
      status: 503
    },
    {
      group: 'outdoor',
      mirror: 2,
      hedgeOffsetMs: 1,
      durationMs: 4,
      outcome: 'success'
    },
    {
      group: 'seasonal',
      mirror: 1,
      hedgeOffsetMs: 0,
      durationMs: 1,
      outcome: 'http-error',
      status: 503
    },
    {
      group: 'seasonal',
      mirror: 2,
      hedgeOffsetMs: 1,
      durationMs: 3,
      outcome: 'success'
    }
  ]
}
[discovery] provider-chain {
  mode: 'date-night',
  strategy: 'hedged',
  source: 'live',
  durationMs: 1,
  budgetExhausted: false,
  requestedGroups: 1,
  successfulGroups: 1,
  failedGroups: 0,
  partial: false,
  groups: [
    {
      group: 'culture',
      outcome: 'success',
      durationMs: 1,
      winnerMirror: 2
    }
  ],
  attempts: [
    {
      group: 'culture',
      mirror: 1,
      hedgeOffsetMs: 0,
      durationMs: 0,
      outcome: 'http-error',
      status: 503
    },
    {
      group: 'culture',
      mirror: 2,
      hedgeOffsetMs: 0,
      durationMs: 0,
      outcome: 'success'
    }
  ]
}
[discovery] provider-chain {
  mode: 'date-night',
  strategy: 'hedged',
  source: 'live',
  durationMs: 2,
  budgetExhausted: false,
  requestedGroups: 2,
  successfulGroups: 2,
  failedGroups: 0,
  partial: false,
  groups: [
    {
      group: 'entertainment',
      outcome: 'success',
      durationMs: 2,
      winnerMirror: 2
    },
    {
      group: 'culture',
      outcome: 'success',
      durationMs: 1,
      winnerMirror: 2
    }
  ],
  attempts: [
    {
      group: 'culture',
      mirror: 1,
      hedgeOffsetMs: 0,
      durationMs: 0,
      outcome: 'http-error',
      status: 503
    },
    {
      group: 'culture',
      mirror: 2,
      hedgeOffsetMs: 0,
      durationMs: 1,
      outcome: 'success'
    },
    {
      group: 'entertainment',
      mirror: 1,
      hedgeOffsetMs: 0,
      durationMs: 0,
      outcome: 'http-error',
      status: 503
    },
    {
      group: 'entertainment',
      mirror: 2,
      hedgeOffsetMs: 0,
      durationMs: 1,
      outcome: 'success'
    }
  ]
}
[discovery] provider-chain {
  mode: 'date-night',
  strategy: 'hedged',
  source: 'live',
  durationMs: 4,
  budgetExhausted: false,
  requestedGroups: 4,
  successfulGroups: 4,
  failedGroups: 0,
  partial: false,
  groups: [
    {
      group: 'seasonal',
      outcome: 'success',
      durationMs: 3,
      winnerMirror: 2
    },
    {
      group: 'entertainment',
      outcome: 'success',
      durationMs: 3,
      winnerMirror: 2
    },
    {
      group: 'culture',
      outcome: 'success',
      durationMs: 2,
      winnerMirror: 2
    },
    {
      group: 'outdoor',
      outcome: 'success',
      durationMs: 3,
      winnerMirror: 2
    }
  ],
  attempts: [
    {
      group: 'culture',
      mirror: 1,
      hedgeOffsetMs: 0,
      durationMs: 1,
      outcome: 'http-error',
      status: 503
    },
    {
      group: 'culture',
      mirror: 2,
      hedgeOffsetMs: 1,
      durationMs: 1,
      outcome: 'success'
    },
    {
      group: 'entertainment',
      mirror: 1,
      hedgeOffsetMs: 0,
      durationMs: 1,
      outcome: 'http-error',
      status: 503
    },
    {
      group: 'entertainment',
      mirror: 2,
      hedgeOffsetMs: 1,
      durationMs: 2,
      outcome: 'success'
    },
    {
      group: 'outdoor',
      mirror: 1,
      hedgeOffsetMs: 0,
      durationMs: 1,
      outcome: 'http-error',
      status: 503
    },
    {
      group: 'outdoor',
      mirror: 2,
      hedgeOffsetMs: 1,
      durationMs: 3,
      outcome: 'success'
    },
    {
      group: 'seasonal',
      mirror: 1,
      hedgeOffsetMs: 0,
      durationMs: 1,
      outcome: 'http-error',
      status: 503
    },
    {
      group: 'seasonal',
      mirror: 2,
      hedgeOffsetMs: 1,
      durationMs: 2,
      outcome: 'success'
    }
  ]
}
✔ real handler razed: forward/reverse seasonal and ordinary flags, result order, later mirror (72.768654ms)
✔ real handler razed: reconstructed contextual seasonal evidence and ordinary namespace parity (6.472176ms)
[discovery] provider-chain {
  mode: 'date-night',
  strategy: 'hedged',
  source: 'live',
  durationMs: 4,
  budgetExhausted: false,
  requestedGroups: 1,
  successfulGroups: 1,
  failedGroups: 0,
  partial: false,
  groups: [
    {
      group: 'seasonal',
      outcome: 'success',
      durationMs: 4,
      winnerMirror: 2
    }
  ],
  attempts: [
    {
      group: 'seasonal',
      mirror: 1,
      hedgeOffsetMs: 0,
      durationMs: 4,
      outcome: 'http-error',
      status: 503
    },
    {
      group: 'seasonal',
      mirror: 2,
      hedgeOffsetMs: 4,
      durationMs: 1,
      outcome: 'success'
    }
  ]
}
[discovery] provider-chain {
  mode: 'date-night',
  strategy: 'hedged',
  source: 'live',
  durationMs: 1,
  budgetExhausted: false,
  requestedGroups: 1,
  successfulGroups: 1,
  failedGroups: 0,
  partial: false,
  groups: [
    {
      group: 'seasonal',
      outcome: 'success',
      durationMs: 1,
      winnerMirror: 2
    }
  ],
  attempts: [
    {
      group: 'seasonal',
      mirror: 1,
      hedgeOffsetMs: 0,
      durationMs: 0,
      outcome: 'http-error',
      status: 503
    },
    {
      group: 'seasonal',
      mirror: 2,
      hedgeOffsetMs: 0,
      durationMs: 1,
      outcome: 'success'
    }
  ]
}
[discovery] provider-chain {
  mode: 'date-night',
  strategy: 'hedged',
  source: 'live',
  durationMs: 3,
  budgetExhausted: false,
  requestedGroups: 4,
  successfulGroups: 4,
  failedGroups: 0,
  partial: false,
  groups: [
    {
      group: 'seasonal',
      outcome: 'success',
      durationMs: 2,
      winnerMirror: 2
    },
    {
      group: 'entertainment',
      outcome: 'success',
      durationMs: 2,
      winnerMirror: 2
    },
    {
      group: 'culture',
      outcome: 'success',
      durationMs: 1,
      winnerMirror: 2
    },
    {
      group: 'outdoor',
      outcome: 'success',
      durationMs: 2,
      winnerMirror: 2
    }
  ],
  attempts: [
    {
      group: 'culture',
      mirror: 1,
      hedgeOffsetMs: 0,
      durationMs: 1,
      outcome: 'http-error',
      status: 503
    },
    {
      group: 'culture',
      mirror: 2,
      hedgeOffsetMs: 1,
      durationMs: 1,
      outcome: 'success'
    },
    {
      group: 'entertainment',
      mirror: 1,
      hedgeOffsetMs: 0,
      durationMs: 1,
      outcome: 'http-error',
      status: 503
    },
    {
      group: 'entertainment',
      mirror: 2,
      hedgeOffsetMs: 1,
      durationMs: 1,
      outcome: 'success'
    },
    {
      group: 'outdoor',
      mirror: 1,
      hedgeOffsetMs: 0,
      durationMs: 1,
      outcome: 'http-error',
      status: 503
    },
    {
      group: 'outdoor',
      mirror: 2,
      hedgeOffsetMs: 1,
      durationMs: 2,
      outcome: 'success'
    },
    {
      group: 'seasonal',
      mirror: 1,
      hedgeOffsetMs: 0,
      durationMs: 1,
      outcome: 'http-error',
      status: 503
    },
    {
      group: 'seasonal',
      mirror: 2,
      hedgeOffsetMs: 1,
      durationMs: 1,
      outcome: 'success'
    }
  ]
}
[discovery] provider-chain {
  mode: 'date-night',
  strategy: 'hedged',
  source: 'live',
  durationMs: 1,
  budgetExhausted: false,
  requestedGroups: 1,
  successfulGroups: 1,
  failedGroups: 0,
  partial: false,
  groups: [
    {
      group: 'seasonal',
      outcome: 'success',
      durationMs: 1,
      winnerMirror: 2
    }
  ],
  attempts: [
    {
      group: 'seasonal',
      mirror: 1,
      hedgeOffsetMs: 0,
      durationMs: 0,
      outcome: 'http-error',
      status: 503
    },
    {
      group: 'seasonal',
      mirror: 2,
      hedgeOffsetMs: 0,
      durationMs: 0,
      outcome: 'success'
    }
  ]
}
[discovery] provider-chain {
  mode: 'date-night',
  strategy: 'hedged',
  source: 'live',
  durationMs: 1,
  budgetExhausted: false,
  requestedGroups: 1,
  successfulGroups: 1,
  failedGroups: 0,
  partial: false,
  groups: [
    {
      group: 'seasonal',
      outcome: 'success',
      durationMs: 1,
      winnerMirror: 2
    }
  ],
  attempts: [
    {
      group: 'seasonal',
      mirror: 1,
      hedgeOffsetMs: 0,
      durationMs: 0,
      outcome: 'http-error',
      status: 503
    },
    {
      group: 'seasonal',
      mirror: 2,
      hedgeOffsetMs: 0,
      durationMs: 1,
      outcome: 'success'
    }
  ]
}
[discovery] provider-chain {
  mode: 'date-night',
  strategy: 'hedged',
  source: 'live',
  durationMs: 2,
  budgetExhausted: false,
  requestedGroups: 4,
  successfulGroups: 4,
  failedGroups: 0,
  partial: false,
  groups: [
    {
      group: 'seasonal',
      outcome: 'success',
      durationMs: 1,
      winnerMirror: 2
    },
    {
      group: 'entertainment',
      outcome: 'success',
      durationMs: 2,
      winnerMirror: 2
    },
    {
      group: 'culture',
      outcome: 'success',
      durationMs: 1,
      winnerMirror: 2
    },
    {
      group: 'outdoor',
      outcome: 'success',
      durationMs: 2,
      winnerMirror: 2
    }
  ],
  attempts: [
    {
      group: 'culture',
      mirror: 1,
      hedgeOffsetMs: 0,
      durationMs: 0,
      outcome: 'http-error',
      status: 503
    },
    {
      group: 'culture',
      mirror: 2,
      hedgeOffsetMs: 0,
      durationMs: 1,
      outcome: 'success'
    },
    {
      group: 'entertainment',
      mirror: 1,
      hedgeOffsetMs: 0,
      durationMs: 0,
      outcome: 'http-error',
      status: 503
    },
    {
      group: 'entertainment',
      mirror: 2,
      hedgeOffsetMs: 0,
      durationMs: 1,
      outcome: 'success'
    },
    {
      group: 'outdoor',
      mirror: 1,
      hedgeOffsetMs: 0,
      durationMs: 0,
      outcome: 'http-error',
      status: 503
    },
    {
      group: 'outdoor',
      mirror: 2,
      hedgeOffsetMs: 0,
      durationMs: 2,
      outcome: 'success'
    },
    {
      group: 'seasonal',
      mirror: 1,
      hedgeOffsetMs: 0,
      durationMs: 0,
      outcome: 'http-error',
      status: 503
    },
    {
      group: 'seasonal',
      mirror: 2,
      hedgeOffsetMs: 0,
      durationMs: 1,
      outcome: 'success'
    }
  ]
}
[discovery] provider-chain {
  mode: 'date-night',
  strategy: 'hedged',
  source: 'live',
  durationMs: 1,
  budgetExhausted: false,
  requestedGroups: 1,
  successfulGroups: 1,
  failedGroups: 0,
  partial: false,
  groups: [
    {
      group: 'culture',
      outcome: 'success',
      durationMs: 1,
      winnerMirror: 2
    }
  ],
  attempts: [
    {
      group: 'culture',
      mirror: 1,
      hedgeOffsetMs: 0,
      durationMs: 0,
      outcome: 'http-error',
      status: 503
    },
    {
      group: 'culture',
      mirror: 2,
      hedgeOffsetMs: 0,
      durationMs: 1,
      outcome: 'success'
    }
  ]
}
[discovery] provider-chain {
  mode: 'date-night',
  strategy: 'hedged',
  source: 'live',
  durationMs: 1,
  budgetExhausted: false,
  requestedGroups: 1,
  successfulGroups: 1,
  failedGroups: 0,
  partial: false,
  groups: [
    {
      group: 'culture',
      outcome: 'success',
      durationMs: 1,
      winnerMirror: 2
    }
  ],
  attempts: [
    {
      group: 'culture',
      mirror: 1,
      hedgeOffsetMs: 0,
      durationMs: 0,
      outcome: 'http-error',
      status: 503
    },
    {
      group: 'culture',
      mirror: 2,
      hedgeOffsetMs: 0,
      durationMs: 1,
      outcome: 'success'
    }
  ]
}
[discovery] provider-chain {
  mode: 'date-night',
  strategy: 'hedged',
  source: 'live',
  durationMs: 4,
  budgetExhausted: false,
  requestedGroups: 4,
  successfulGroups: 4,
  failedGroups: 0,
  partial: false,
  groups: [
    {
      group: 'seasonal',
      outcome: 'success',
      durationMs: 2,
      winnerMirror: 2
    },
    {
      group: 'entertainment',
      outcome: 'success',
      durationMs: 3,
      winnerMirror: 2
    },
    {
      group: 'culture',
      outcome: 'success',
      durationMs: 1,
      winnerMirror: 2
    },
    {
      group: 'outdoor',
      outcome: 'success',
      durationMs: 3,
      winnerMirror: 2
    }
  ],
  attempts: [
    {
      group: 'culture',
      mirror: 1,
      hedgeOffsetMs: 0,
      durationMs: 0,
      outcome: 'http-error',
      status: 503
    },
    {
      group: 'culture',
      mirror: 2,
      hedgeOffsetMs: 0,
      durationMs: 1,
      outcome: 'success'
    },
    {
      group: 'entertainment',
      mirror: 1,
      hedgeOffsetMs: 0,
      durationMs: 0,
      outcome: 'http-error',
      status: 503
    },
    {
      group: 'entertainment',
      mirror: 2,
      hedgeOffsetMs: 0,
      durationMs: 2,
      outcome: 'success'
    },
    {
      group: 'outdoor',
      mirror: 1,
      hedgeOffsetMs: 0,
      durationMs: 0,
      outcome: 'http-error',
      status: 503
    },
    {
      group: 'outdoor',
      mirror: 2,
      hedgeOffsetMs: 0,
      durationMs: 3,
      outcome: 'success'
    },
    {
      group: 'seasonal',
      mirror: 1,
      hedgeOffsetMs: 0,
      durationMs: 1,
      outcome: 'http-error',
      status: 503
    },
    {
      group: 'seasonal',
      mirror: 2,
      hedgeOffsetMs: 1,
      durationMs: 2,
      outcome: 'success'
    }
  ]
}
[discovery] provider-chain {
  mode: 'date-night',
  strategy: 'hedged',
  source: 'live',
  durationMs: 1,
  budgetExhausted: false,
  requestedGroups: 1,
  successfulGroups: 1,
  failedGroups: 0,
  partial: false,
  groups: [
    {
      group: 'culture',
      outcome: 'success',
      durationMs: 1,
      winnerMirror: 2
    }
  ],
  attempts: [
    {
      group: 'culture',
      mirror: 1,
      hedgeOffsetMs: 0,
      durationMs: 0,
      outcome: 'http-error',
      status: 503
    },
    {
      group: 'culture',
      mirror: 2,
      hedgeOffsetMs: 0,
      durationMs: 1,
      outcome: 'success'
    }
  ]
}
[discovery] provider-chain {
  mode: 'date-night',
  strategy: 'hedged',
  source: 'live',
  durationMs: 1,
  budgetExhausted: false,
  requestedGroups: 1,
  successfulGroups: 1,
  failedGroups: 0,
  partial: false,
  groups: [
    {
      group: 'culture',
      outcome: 'success',
      durationMs: 1,
      winnerMirror: 2
    }
  ],
  attempts: [
    {
      group: 'culture',
      mirror: 1,
      hedgeOffsetMs: 0,
      durationMs: 0,
      outcome: 'http-error',
      status: 503
    },
    {
      group: 'culture',
      mirror: 2,
      hedgeOffsetMs: 0,
      durationMs: 1,
      outcome: 'success'
    }
  ]
}
[discovery] provider-chain {
  mode: 'date-night',
  strategy: 'hedged',
  source: 'live',
  durationMs: 7,
  budgetExhausted: false,
  requestedGroups: 4,
  successfulGroups: 4,
  failedGroups: 0,
  partial: false,
  groups: [
    {
      group: 'seasonal',
      outcome: 'success',
      durationMs: 6,
      winnerMirror: 2
    },
    {
      group: 'entertainment',
      outcome: 'success',
      durationMs: 6,
      winnerMirror: 2
    },
    {
      group: 'culture',
      outcome: 'success',
      durationMs: 2,
      winnerMirror: 2
    },
    {
      group: 'outdoor',
      outcome: 'success',
      durationMs: 7,
      winnerMirror: 2
    }
  ],
  attempts: [
    {
      group: 'culture',
      mirror: 1,
      hedgeOffsetMs: 0,
      durationMs: 1,
      outcome: 'http-error',
      status: 503
    },
    {
      group: 'culture',
      mirror: 2,
      hedgeOffsetMs: 1,
      durationMs: 1,
      outcome: 'success'
    },
    {
      group: 'entertainment',
      mirror: 1,
      hedgeOffsetMs: 0,
      durationMs: 1,
      outcome: 'http-error',
      status: 503
    },
    {
      group: 'entertainment',
      mirror: 2,
      hedgeOffsetMs: 1,
      durationMs: 6,
      outcome: 'success'
    },
    {
      group: 'outdoor',
      mirror: 1,
      hedgeOffsetMs: 0,
      durationMs: 1,
      outcome: 'http-error',
      status: 503
    },
    {
      group: 'outdoor',
      mirror: 2,
      hedgeOffsetMs: 1,
      durationMs: 6,
      outcome: 'success'
    },
    {
      group: 'seasonal',
      mirror: 1,
      hedgeOffsetMs: 0,
      durationMs: 1,
      outcome: 'http-error',
      status: 503
    },
    {
      group: 'seasonal',
      mirror: 2,
      hedgeOffsetMs: 1,
      durationMs: 5,
      outcome: 'success'
    }
  ]
}
[discovery] provider-chain {
  mode: 'date-night',
  strategy: 'hedged',
  source: 'live',
  durationMs: 3,
  budgetExhausted: false,
  requestedGroups: 1,
  successfulGroups: 1,
  failedGroups: 0,
  partial: false,
  groups: [
    {
      group: 'culture',
      outcome: 'success',
      durationMs: 3,
      winnerMirror: 2
    }
  ],
  attempts: [
    {
      group: 'culture',
      mirror: 1,
      hedgeOffsetMs: 0,
      durationMs: 0,
      outcome: 'http-error',
      status: 503
    },
    {
      group: 'culture',
      mirror: 2,
      hedgeOffsetMs: 0,
      durationMs: 2,
      outcome: 'success'
    }
  ]
}
[discovery] provider-chain {
  mode: 'date-night',
  strategy: 'hedged',
  source: 'live',
  durationMs: 2,
  budgetExhausted: false,
  requestedGroups: 2,
  successfulGroups: 2,
  failedGroups: 0,
  partial: false,
  groups: [
    {
      group: 'entertainment',
      outcome: 'success',
      durationMs: 2,
      winnerMirror: 2
    },
    {
      group: 'culture',
      outcome: 'success',
      durationMs: 1,
      winnerMirror: 2
    }
  ],
  attempts: [
    {
      group: 'culture',
      mirror: 1,
      hedgeOffsetMs: 0,
      durationMs: 0,
      outcome: 'http-error',
      status: 503
    },
    {
      group: 'culture',
      mirror: 2,
      hedgeOffsetMs: 0,
      durationMs: 1,
      outcome: 'success'
    },
    {
      group: 'entertainment',
      mirror: 1,
      hedgeOffsetMs: 0,
      durationMs: 0,
      outcome: 'http-error',
      status: 503
    },
    {
      group: 'entertainment',
      mirror: 2,
      hedgeOffsetMs: 0,
      durationMs: 1,
      outcome: 'success'
    }
  ]
}
[discovery] provider-chain {
  mode: 'date-night',
  strategy: 'hedged',
  source: 'live',
  durationMs: 4,
  budgetExhausted: false,
  requestedGroups: 4,
  successfulGroups: 4,
  failedGroups: 0,
  partial: false,
  groups: [
    {
      group: 'seasonal',
      outcome: 'success',
      durationMs: 3,
      winnerMirror: 2
    },
    {
      group: 'entertainment',
      outcome: 'success',
      durationMs: 4,
      winnerMirror: 2
    },
    {
      group: 'culture',
      outcome: 'success',
      durationMs: 2,
      winnerMirror: 2
    },
    {
      group: 'outdoor',
      outcome: 'success',
      durationMs: 4,
      winnerMirror: 2
    }
  ],
  attempts: [
    {
      group: 'culture',
      mirror: 1,
      hedgeOffsetMs: 0,
      durationMs: 1,
      outcome: 'http-error',
      status: 503
    },
    {
      group: 'culture',
      mirror: 2,
      hedgeOffsetMs: 1,
      durationMs: 1,
      outcome: 'success'
    },
    {
      group: 'entertainment',
      mirror: 1,
      hedgeOffsetMs: 0,
      durationMs: 1,
      outcome: 'http-error',
      status: 503
    },
    {
      group: 'entertainment',
      mirror: 2,
      hedgeOffsetMs: 1,
      durationMs: 3,
      outcome: 'success'
    },
    {
      group: 'outdoor',
      mirror: 1,
      hedgeOffsetMs: 0,
      durationMs: 1,
      outcome: 'http-error',
      status: 503
    },
    {
      group: 'outdoor',
      mirror: 2,
      hedgeOffsetMs: 1,
      durationMs: 3,
      outcome: 'success'
    },
    {
      group: 'seasonal',
      mirror: 1,
      hedgeOffsetMs: 0,
      durationMs: 1,
      outcome: 'http-error',
      status: 503
    },
    {
      group: 'seasonal',
      mirror: 2,
      hedgeOffsetMs: 1,
      durationMs: 2,
      outcome: 'success'
    }
  ]
}
✔ real handler destroyed: forward/reverse seasonal and ordinary flags, result order, later mirror (61.743596ms)
✔ real handler destroyed: reconstructed contextual seasonal evidence and ordinary namespace parity (8.941397ms)
[discovery] provider-chain {
  mode: 'date-night',
  strategy: 'hedged',
  source: 'live',
  durationMs: 3,
  budgetExhausted: false,
  requestedGroups: 1,
  successfulGroups: 1,
  failedGroups: 0,
  partial: false,
  groups: [
    {
      group: 'seasonal',
      outcome: 'success',
      durationMs: 3,
      winnerMirror: 2
    }
  ],
  attempts: [
    {
      group: 'seasonal',
      mirror: 1,
      hedgeOffsetMs: 0,
      durationMs: 1,
      outcome: 'http-error',
      status: 503
    },
    {
      group: 'seasonal',
      mirror: 2,
      hedgeOffsetMs: 2,
      durationMs: 1,
      outcome: 'success'
    }
  ]
}
[discovery] provider-chain {
  mode: 'date-night',
  strategy: 'hedged',
  source: 'live',
  durationMs: 1,
  budgetExhausted: false,
  requestedGroups: 1,
  successfulGroups: 1,
  failedGroups: 0,
  partial: false,
  groups: [
    {
      group: 'seasonal',
      outcome: 'success',
      durationMs: 1,
      winnerMirror: 2
    }
  ],
  attempts: [
    {
      group: 'seasonal',
      mirror: 1,
      hedgeOffsetMs: 0,
      durationMs: 0,
      outcome: 'http-error',
      status: 503
    },
    {
      group: 'seasonal',
      mirror: 2,
      hedgeOffsetMs: 0,
      durationMs: 1,
      outcome: 'success'
    }
  ]
}
[discovery] provider-chain {
  mode: 'date-night',
  strategy: 'hedged',
  source: 'live',
  durationMs: 5,
  budgetExhausted: false,
  requestedGroups: 4,
  successfulGroups: 4,
  failedGroups: 0,
  partial: false,
  groups: [
    {
      group: 'seasonal',
      outcome: 'success',
      durationMs: 2,
      winnerMirror: 2
    },
    {
      group: 'entertainment',
      outcome: 'success',
      durationMs: 3,
      winnerMirror: 2
    },
    {
      group: 'culture',
      outcome: 'success',
      durationMs: 2,
      winnerMirror: 2
    },
    {
      group: 'outdoor',
      outcome: 'success',
      durationMs: 5,
      winnerMirror: 2
    }
  ],
  attempts: [
    {
      group: 'culture',
      mirror: 1,
      hedgeOffsetMs: 0,
      durationMs: 1,
      outcome: 'http-error',
      status: 503
    },
    {
      group: 'culture',
      mirror: 2,
      hedgeOffsetMs: 1,
      durationMs: 1,
      outcome: 'success'
    },
    {
      group: 'entertainment',
      mirror: 1,
      hedgeOffsetMs: 0,
      durationMs: 1,
      outcome: 'http-error',
      status: 503
    },
    {
      group: 'entertainment',
      mirror: 2,
      hedgeOffsetMs: 1,
      durationMs: 2,
      outcome: 'success'
    },
    {
      group: 'outdoor',
      mirror: 1,
      hedgeOffsetMs: 0,
      durationMs: 1,
      outcome: 'http-error',
      status: 503
    },
    {
      group: 'outdoor',
      mirror: 2,
      hedgeOffsetMs: 1,
      durationMs: 4,
      outcome: 'success'
    },
    {
      group: 'seasonal',
      mirror: 1,
      hedgeOffsetMs: 0,
      durationMs: 1,
      outcome: 'http-error',
      status: 503
    },
    {
      group: 'seasonal',
      mirror: 2,
      hedgeOffsetMs: 1,
      durationMs: 2,
      outcome: 'success'
    }
  ]
}
[discovery] provider-chain {
  mode: 'date-night',
  strategy: 'hedged',
  source: 'live',
  durationMs: 7,
  budgetExhausted: false,
  requestedGroups: 1,
  successfulGroups: 1,
  failedGroups: 0,
  partial: false,
  groups: [
    {
      group: 'seasonal',
      outcome: 'success',
      durationMs: 6,
      winnerMirror: 2
    }
  ],
  attempts: [
    {
      group: 'seasonal',
      mirror: 1,
      hedgeOffsetMs: 0,
      durationMs: 0,
      outcome: 'http-error',
      status: 503
    },
    {
      group: 'seasonal',
      mirror: 2,
      hedgeOffsetMs: 0,
      durationMs: 6,
      outcome: 'success'
    }
  ]
}
[discovery] provider-chain {
  mode: 'date-night',
  strategy: 'hedged',
  source: 'live',
  durationMs: 1,
  budgetExhausted: false,
  requestedGroups: 1,
  successfulGroups: 1,
  failedGroups: 0,
  partial: false,
  groups: [
    {
      group: 'seasonal',
      outcome: 'success',
      durationMs: 1,
      winnerMirror: 2
    }
  ],
  attempts: [
    {
      group: 'seasonal',
      mirror: 1,
      hedgeOffsetMs: 0,
      durationMs: 0,
      outcome: 'http-error',
      status: 503
    },
    {
      group: 'seasonal',
      mirror: 2,
      hedgeOffsetMs: 0,
      durationMs: 1,
      outcome: 'success'
    }
  ]
}
[discovery] provider-chain {
  mode: 'date-night',
  strategy: 'hedged',
  source: 'live',
  durationMs: 3,
  budgetExhausted: false,
  requestedGroups: 4,
  successfulGroups: 4,
  failedGroups: 0,
  partial: false,
  groups: [
    {
      group: 'seasonal',
      outcome: 'success',
      durationMs: 2,
      winnerMirror: 2
    },
    {
      group: 'entertainment',
      outcome: 'success',
      durationMs: 2,
      winnerMirror: 2
    },
    {
      group: 'culture',
      outcome: 'success',
      durationMs: 1,
      winnerMirror: 2
    },
    {
      group: 'outdoor',
      outcome: 'success',
      durationMs: 2,
      winnerMirror: 2
    }
  ],
  attempts: [
    {
      group: 'culture',
      mirror: 1,
      hedgeOffsetMs: 0,
      durationMs: 1,
      outcome: 'http-error',
      status: 503
    },
    {
      group: 'culture',
      mirror: 2,
      hedgeOffsetMs: 1,
      durationMs: 1,
      outcome: 'success'
    },
    {
      group: 'entertainment',
      mirror: 1,
      hedgeOffsetMs: 0,
      durationMs: 1,
      outcome: 'http-error',
      status: 503
    },
    {
      group: 'entertainment',
      mirror: 2,
      hedgeOffsetMs: 1,
      durationMs: 2,
      outcome: 'success'
    },
    {
      group: 'outdoor',
      mirror: 1,
      hedgeOffsetMs: 0,
      durationMs: 1,
      outcome: 'http-error',
      status: 503
    },
    {
      group: 'outdoor',
      mirror: 2,
      hedgeOffsetMs: 1,
      durationMs: 2,
      outcome: 'success'
    },
    {
      group: 'seasonal',
      mirror: 1,
      hedgeOffsetMs: 0,
      durationMs: 1,
      outcome: 'http-error',
      status: 503
    },
    {
      group: 'seasonal',
      mirror: 2,
      hedgeOffsetMs: 1,
      durationMs: 1,
      outcome: 'success'
    }
  ]
}
[discovery] provider-chain {
  mode: 'date-night',
  strategy: 'hedged',
  source: 'live',
  durationMs: 1,
  budgetExhausted: false,
  requestedGroups: 1,
  successfulGroups: 1,
  failedGroups: 0,
  partial: false,
  groups: [
    {
      group: 'culture',
      outcome: 'success',
      durationMs: 1,
      winnerMirror: 2
    }
  ],
  attempts: [
    {
      group: 'culture',
      mirror: 1,
      hedgeOffsetMs: 0,
      durationMs: 0,
      outcome: 'http-error',
      status: 503
    },
    {
      group: 'culture',
      mirror: 2,
      hedgeOffsetMs: 0,
      durationMs: 1,
      outcome: 'success'
    }
  ]
}
[discovery] provider-chain {
  mode: 'date-night',
  strategy: 'hedged',
  source: 'live',
  durationMs: 1,
  budgetExhausted: false,
  requestedGroups: 1,
  successfulGroups: 1,
  failedGroups: 0,
  partial: false,
  groups: [
    {
      group: 'culture',
      outcome: 'success',
      durationMs: 1,
      winnerMirror: 2
    }
  ],
  attempts: [
    {
      group: 'culture',
      mirror: 1,
      hedgeOffsetMs: 0,
      durationMs: 0,
      outcome: 'http-error',
      status: 503
    },
    {
      group: 'culture',
      mirror: 2,
      hedgeOffsetMs: 0,
      durationMs: 1,
      outcome: 'success'
    }
  ]
}
[discovery] provider-chain {
  mode: 'date-night',
  strategy: 'hedged',
  source: 'live',
  durationMs: 4,
  budgetExhausted: false,
  requestedGroups: 4,
  successfulGroups: 4,
  failedGroups: 0,
  partial: false,
  groups: [
    {
      group: 'seasonal',
      outcome: 'success',
      durationMs: 2,
      winnerMirror: 2
    },
    {
      group: 'entertainment',
      outcome: 'success',
      durationMs: 3,
      winnerMirror: 2
    },
    {
      group: 'culture',
      outcome: 'success',
      durationMs: 2,
      winnerMirror: 2
    },
    {
      group: 'outdoor',
      outcome: 'success',
      durationMs: 3,
      winnerMirror: 2
    }
  ],
  attempts: [
    {
      group: 'culture',
      mirror: 1,
      hedgeOffsetMs: 0,
      durationMs: 1,
      outcome: 'http-error',
      status: 503
    },
    {
      group: 'culture',
      mirror: 2,
      hedgeOffsetMs: 1,
      durationMs: 1,
      outcome: 'success'
    },
    {
      group: 'entertainment',
      mirror: 1,
      hedgeOffsetMs: 0,
      durationMs: 1,
      outcome: 'http-error',
      status: 503
    },
    {
      group: 'entertainment',
      mirror: 2,
      hedgeOffsetMs: 1,
      durationMs: 2,
      outcome: 'success'
    },
    {
      group: 'outdoor',
      mirror: 1,
      hedgeOffsetMs: 0,
      durationMs: 1,
      outcome: 'http-error',
      status: 503
    },
    {
      group: 'outdoor',
      mirror: 2,
      hedgeOffsetMs: 1,
      durationMs: 3,
      outcome: 'success'
    },
    {
      group: 'seasonal',
      mirror: 1,
      hedgeOffsetMs: 0,
      durationMs: 1,
      outcome: 'http-error',
      status: 503
    },
    {
      group: 'seasonal',
      mirror: 2,
      hedgeOffsetMs: 1,
      durationMs: 2,
      outcome: 'success'
    }
  ]
}
[discovery] provider-chain {
  mode: 'date-night',
  strategy: 'hedged',
  source: 'live',
  durationMs: 1,
  budgetExhausted: false,
  requestedGroups: 1,
  successfulGroups: 1,
  failedGroups: 0,
  partial: false,
  groups: [
    {
      group: 'culture',
      outcome: 'success',
      durationMs: 1,
      winnerMirror: 2
    }
  ],
  attempts: [
    {
      group: 'culture',
      mirror: 1,
      hedgeOffsetMs: 0,
      durationMs: 0,
      outcome: 'http-error',
      status: 503
    },
    {
      group: 'culture',
      mirror: 2,
      hedgeOffsetMs: 0,
      durationMs: 0,
      outcome: 'success'
    }
  ]
}
[discovery] provider-chain {
  mode: 'date-night',
  strategy: 'hedged',
  source: 'live',
  durationMs: 1,
  budgetExhausted: false,
  requestedGroups: 1,
  successfulGroups: 1,
  failedGroups: 0,
  partial: false,
  groups: [
    {
      group: 'culture',
      outcome: 'success',
      durationMs: 1,
      winnerMirror: 2
    }
  ],
  attempts: [
    {
      group: 'culture',
      mirror: 1,
      hedgeOffsetMs: 0,
      durationMs: 0,
      outcome: 'http-error',
      status: 503
    },
    {
      group: 'culture',
      mirror: 2,
      hedgeOffsetMs: 0,
      durationMs: 0,
      outcome: 'success'
    }
  ]
}
[discovery] provider-chain {
  mode: 'date-night',
  strategy: 'hedged',
  source: 'live',
  durationMs: 3,
  budgetExhausted: false,
  requestedGroups: 4,
  successfulGroups: 4,
  failedGroups: 0,
  partial: false,
  groups: [
    {
      group: 'seasonal',
      outcome: 'success',
      durationMs: 2,
      winnerMirror: 2
    },
    {
      group: 'entertainment',
      outcome: 'success',
      durationMs: 3,
      winnerMirror: 2
    },
    {
      group: 'culture',
      outcome: 'success',
      durationMs: 1,
      winnerMirror: 2
    },
    {
      group: 'outdoor',
      outcome: 'success',
      durationMs: 3,
      winnerMirror: 2
    }
  ],
  attempts: [
    {
      group: 'culture',
      mirror: 1,
      hedgeOffsetMs: 0,
      durationMs: 1,
      outcome: 'http-error',
      status: 503
    },
    {
      group: 'culture',
      mirror: 2,
      hedgeOffsetMs: 1,
      durationMs: 1,
      outcome: 'success'
    },
    {
      group: 'entertainment',
      mirror: 1,
      hedgeOffsetMs: 0,
      durationMs: 1,
      outcome: 'http-error',
      status: 503
    },
    {
      group: 'entertainment',
      mirror: 2,
      hedgeOffsetMs: 1,
      durationMs: 2,
      outcome: 'success'
    },
    {
      group: 'outdoor',
      mirror: 1,
      hedgeOffsetMs: 0,
      durationMs: 1,
      outcome: 'http-error',
      status: 503
    },
    {
      group: 'outdoor',
      mirror: 2,
      hedgeOffsetMs: 1,
      durationMs: 2,
      outcome: 'success'
    },
    {
      group: 'seasonal',
      mirror: 1,
      hedgeOffsetMs: 0,
      durationMs: 1,
      outcome: 'http-error',
      status: 503
    },
    {
      group: 'seasonal',
      mirror: 2,
      hedgeOffsetMs: 1,
      durationMs: 1,
      outcome: 'success'
    }
  ]
}
[discovery] provider-chain {
  mode: 'date-night',
  strategy: 'hedged',
  source: 'live',
  durationMs: 2,
  budgetExhausted: false,
  requestedGroups: 1,
  successfulGroups: 1,
  failedGroups: 0,
  partial: false,
  groups: [
    {
      group: 'culture',
      outcome: 'success',
      durationMs: 1,
      winnerMirror: 2
    }
  ],
  attempts: [
    {
      group: 'culture',
      mirror: 1,
      hedgeOffsetMs: 0,
      durationMs: 0,
      outcome: 'http-error',
      status: 503
    },
    {
      group: 'culture',
      mirror: 2,
      hedgeOffsetMs: 0,
      durationMs: 1,
      outcome: 'success'
    }
  ]
}
[discovery] provider-chain {
  mode: 'date-night',
  strategy: 'hedged',
  source: 'live',
  durationMs: 2,
  budgetExhausted: false,
  requestedGroups: 2,
  successfulGroups: 2,
  failedGroups: 0,
  partial: false,
  groups: [
    {
      group: 'entertainment',
      outcome: 'success',
      durationMs: 2,
      winnerMirror: 2
    },
    {
      group: 'culture',
      outcome: 'success',
      durationMs: 1,
      winnerMirror: 2
    }
  ],
  attempts: [
    {
      group: 'culture',
      mirror: 1,
      hedgeOffsetMs: 0,
      durationMs: 0,
      outcome: 'http-error',
      status: 503
    },
    {
      group: 'culture',
      mirror: 2,
      hedgeOffsetMs: 0,
      durationMs: 1,
      outcome: 'success'
    },
    {
      group: 'entertainment',
      mirror: 1,
      hedgeOffsetMs: 0,
      durationMs: 0,
      outcome: 'http-error',
      status: 503
    },
    {
      group: 'entertainment',
      mirror: 2,
      hedgeOffsetMs: 0,
      durationMs: 2,
      outcome: 'success'
    }
  ]
}
[discovery] provider-chain {
  mode: 'date-night',
  strategy: 'hedged',
  source: 'live',
  durationMs: 4,
  budgetExhausted: false,
  requestedGroups: 4,
  successfulGroups: 4,
  failedGroups: 0,
  partial: false,
  groups: [
    {
      group: 'seasonal',
      outcome: 'success',
      durationMs: 3,
      winnerMirror: 2
    },
    {
      group: 'entertainment',
      outcome: 'success',
      durationMs: 4,
      winnerMirror: 2
    },
    {
      group: 'culture',
      outcome: 'success',
      durationMs: 2,
      winnerMirror: 2
    },
    {
      group: 'outdoor',
      outcome: 'success',
      durationMs: 4,
      winnerMirror: 2
    }
  ],
  attempts: [
    {
      group: 'culture',
      mirror: 1,
      hedgeOffsetMs: 0,
      durationMs: 1,
      outcome: 'http-error',
      status: 503
    },
    {
      group: 'culture',
      mirror: 2,
      hedgeOffsetMs: 1,
      durationMs: 2,
      outcome: 'success'
    },
    {
      group: 'entertainment',
      mirror: 1,
      hedgeOffsetMs: 0,
      durationMs: 1,
      outcome: 'http-error',
      status: 503
    },
    {
      group: 'entertainment',
      mirror: 2,
      hedgeOffsetMs: 1,
      durationMs: 3,
      outcome: 'success'
    },
    {
      group: 'outdoor',
      mirror: 1,
      hedgeOffsetMs: 0,
      durationMs: 1,
      outcome: 'http-error',
      status: 503
    },
    {
      group: 'outdoor',
      mirror: 2,
      hedgeOffsetMs: 1,
      durationMs: 3,
      outcome: 'success'
    },
    {
      group: 'seasonal',
      mirror: 1,
      hedgeOffsetMs: 0,
      durationMs: 1,
      outcome: 'http-error',
      status: 503
    },
    {
      group: 'seasonal',
      mirror: 2,
      hedgeOffsetMs: 1,
      durationMs: 2,
      outcome: 'success'
    }
  ]
}
✔ real handler disused: forward/reverse seasonal and ordinary flags, result order, later mirror (70.011378ms)
✔ real handler disused: reconstructed contextual seasonal evidence and ordinary namespace parity (7.076677ms)
[discovery] provider-chain {
  mode: 'date-night',
  strategy: 'hedged',
  source: 'live',
  durationMs: 1,
  budgetExhausted: false,
  requestedGroups: 1,
  successfulGroups: 1,
  failedGroups: 0,
  partial: false,
  groups: [
    {
      group: 'seasonal',
      outcome: 'success',
      durationMs: 1,
      winnerMirror: 2
    }
  ],
  attempts: [
    {
      group: 'seasonal',
      mirror: 1,
      hedgeOffsetMs: 0,
      durationMs: 0,
      outcome: 'http-error',
      status: 503
    },
    {
      group: 'seasonal',
      mirror: 2,
      hedgeOffsetMs: 0,
      durationMs: 1,
      outcome: 'success'
    }
  ]
}
[discovery] provider-chain {
  mode: 'date-night',
  strategy: 'hedged',
  source: 'live',
  durationMs: 1,
  budgetExhausted: false,
  requestedGroups: 1,
  successfulGroups: 1,
  failedGroups: 0,
  partial: false,
  groups: [
    {
      group: 'seasonal',
      outcome: 'success',
      durationMs: 1,
      winnerMirror: 2
    }
  ],
  attempts: [
    {
      group: 'seasonal',
      mirror: 1,
      hedgeOffsetMs: 0,
      durationMs: 0,
      outcome: 'http-error',
      status: 503
    },
    {
      group: 'seasonal',
      mirror: 2,
      hedgeOffsetMs: 0,
      durationMs: 1,
      outcome: 'success'
    }
  ]
}
[discovery] provider-chain {
  mode: 'date-night',
  strategy: 'hedged',
  source: 'live',
  durationMs: 5,
  budgetExhausted: false,
  requestedGroups: 4,
  successfulGroups: 4,
  failedGroups: 0,
  partial: false,
  groups: [
    {
      group: 'seasonal',
      outcome: 'success',
      durationMs: 4,
      winnerMirror: 2
    },
    {
      group: 'entertainment',
      outcome: 'success',
      durationMs: 5,
      winnerMirror: 2
    },
    {
      group: 'culture',
      outcome: 'success',
      durationMs: 1,
      winnerMirror: 2
    },
    {
      group: 'outdoor',
      outcome: 'success',
      durationMs: 5,
      winnerMirror: 2
    }
  ],
  attempts: [
    {
      group: 'culture',
      mirror: 1,
      hedgeOffsetMs: 0,
      durationMs: 0,
      outcome: 'http-error',
      status: 503
    },
    {
      group: 'culture',
      mirror: 2,
      hedgeOffsetMs: 0,
      durationMs: 1,
      outcome: 'success'
    },
    {
      group: 'entertainment',
      mirror: 1,
      hedgeOffsetMs: 0,
      durationMs: 0,
      outcome: 'http-error',
      status: 503
    },
    {
      group: 'entertainment',
      mirror: 2,
      hedgeOffsetMs: 0,
      durationMs: 4,
      outcome: 'success'
    },
    {
      group: 'outdoor',
      mirror: 1,
      hedgeOffsetMs: 0,
      durationMs: 0,
      outcome: 'http-error',
      status: 503
    },
    {
      group: 'outdoor',
      mirror: 2,
      hedgeOffsetMs: 0,
      durationMs: 5,
      outcome: 'success'
    },
    {
      group: 'seasonal',
      mirror: 1,
      hedgeOffsetMs: 0,
      durationMs: 0,
      outcome: 'http-error',
      status: 503
    },
    {
      group: 'seasonal',
      mirror: 2,
      hedgeOffsetMs: 0,
      durationMs: 4,
      outcome: 'success'
    }
  ]
}
[discovery] provider-chain {
  mode: 'date-night',
  strategy: 'hedged',
  source: 'live',
  durationMs: 1,
  budgetExhausted: false,
  requestedGroups: 1,
  successfulGroups: 1,
  failedGroups: 0,
  partial: false,
  groups: [
    {
      group: 'seasonal',
      outcome: 'success',
      durationMs: 1,
      winnerMirror: 2
    }
  ],
  attempts: [
    {
      group: 'seasonal',
      mirror: 1,
      hedgeOffsetMs: 0,
      durationMs: 0,
      outcome: 'http-error',
      status: 503
    },
    {
      group: 'seasonal',
      mirror: 2,
      hedgeOffsetMs: 0,
      durationMs: 1,
      outcome: 'success'
    }
  ]
}
[discovery] provider-chain {
  mode: 'date-night',
  strategy: 'hedged',
  source: 'live',
  durationMs: 1,
  budgetExhausted: false,
  requestedGroups: 1,
  successfulGroups: 1,
  failedGroups: 0,
  partial: false,
  groups: [
    {
      group: 'seasonal',
      outcome: 'success',
      durationMs: 1,
      winnerMirror: 2
    }
  ],
  attempts: [
    {
      group: 'seasonal',
      mirror: 1,
      hedgeOffsetMs: 0,
      durationMs: 0,
      outcome: 'http-error',
      status: 503
    },
    {
      group: 'seasonal',
      mirror: 2,
      hedgeOffsetMs: 0,
      durationMs: 1,
      outcome: 'success'
    }
  ]
}
[discovery] provider-chain {
  mode: 'date-night',
  strategy: 'hedged',
  source: 'live',
  durationMs: 3,
  budgetExhausted: false,
  requestedGroups: 4,
  successfulGroups: 4,
  failedGroups: 0,
  partial: false,
  groups: [
    {
      group: 'seasonal',
      outcome: 'success',
      durationMs: 2,
      winnerMirror: 2
    },
    {
      group: 'entertainment',
      outcome: 'success',
      durationMs: 2,
      winnerMirror: 2
    },
    {
      group: 'culture',
      outcome: 'success',
      durationMs: 1,
      winnerMirror: 2
    },
    {
      group: 'outdoor',
      outcome: 'success',
      durationMs: 2,
      winnerMirror: 2
    }
  ],
  attempts: [
    {
      group: 'culture',
      mirror: 1,
      hedgeOffsetMs: 0,
      durationMs: 1,
      outcome: 'http-error',
      status: 503
    },
    {
      group: 'culture',
      mirror: 2,
      hedgeOffsetMs: 1,
      durationMs: 1,
      outcome: 'success'
    },
    {
      group: 'entertainment',
      mirror: 1,
      hedgeOffsetMs: 0,
      durationMs: 1,
      outcome: 'http-error',
      status: 503
    },
    {
      group: 'entertainment',
      mirror: 2,
      hedgeOffsetMs: 1,
      durationMs: 2,
      outcome: 'success'
    },
    {
      group: 'outdoor',
      mirror: 1,
      hedgeOffsetMs: 0,
      durationMs: 1,
      outcome: 'http-error',
      status: 503
    },
    {
      group: 'outdoor',
      mirror: 2,
      hedgeOffsetMs: 1,
      durationMs: 2,
      outcome: 'success'
    },
    {
      group: 'seasonal',
      mirror: 1,
      hedgeOffsetMs: 0,
      durationMs: 1,
      outcome: 'http-error',
      status: 503
    },
    {
      group: 'seasonal',
      mirror: 2,
      hedgeOffsetMs: 1,
      durationMs: 1,
      outcome: 'success'
    }
  ]
}
[discovery] provider-chain {
  mode: 'date-night',
  strategy: 'hedged',
  source: 'live',
  durationMs: 1,
  budgetExhausted: false,
  requestedGroups: 1,
  successfulGroups: 1,
  failedGroups: 0,
  partial: false,
  groups: [
    {
      group: 'culture',
      outcome: 'success',
      durationMs: 1,
      winnerMirror: 2
    }
  ],
  attempts: [
    {
      group: 'culture',
      mirror: 1,
      hedgeOffsetMs: 0,
      durationMs: 0,
      outcome: 'http-error',
      status: 503
    },
    {
      group: 'culture',
      mirror: 2,
      hedgeOffsetMs: 0,
      durationMs: 1,
      outcome: 'success'
    }
  ]
}
[discovery] provider-chain {
  mode: 'date-night',
  strategy: 'hedged',
  source: 'live',
  durationMs: 1,
  budgetExhausted: false,
  requestedGroups: 1,
  successfulGroups: 1,
  failedGroups: 0,
  partial: false,
  groups: [
    {
      group: 'culture',
      outcome: 'success',
      durationMs: 1,
      winnerMirror: 2
    }
  ],
  attempts: [
    {
      group: 'culture',
      mirror: 1,
      hedgeOffsetMs: 0,
      durationMs: 0,
      outcome: 'http-error',
      status: 503
    },
    {
      group: 'culture',
      mirror: 2,
      hedgeOffsetMs: 0,
      durationMs: 1,
      outcome: 'success'
    }
  ]
}
[discovery] provider-chain {
  mode: 'date-night',
  strategy: 'hedged',
  source: 'live',
  durationMs: 3,
  budgetExhausted: false,
  requestedGroups: 4,
  successfulGroups: 4,
  failedGroups: 0,
  partial: false,
  groups: [
    {
      group: 'seasonal',
      outcome: 'success',
      durationMs: 2,
      winnerMirror: 2
    },
    {
      group: 'entertainment',
      outcome: 'success',
      durationMs: 2,
      winnerMirror: 2
    },
    {
      group: 'culture',
      outcome: 'success',
      durationMs: 1,
      winnerMirror: 2
    },
    {
      group: 'outdoor',
      outcome: 'success',
      durationMs: 3,
      winnerMirror: 2
    }
  ],
  attempts: [
    {
      group: 'culture',
      mirror: 1,
      hedgeOffsetMs: 0,
      durationMs: 1,
      outcome: 'http-error',
      status: 503
    },
    {
      group: 'culture',
      mirror: 2,
      hedgeOffsetMs: 1,
      durationMs: 1,
      outcome: 'success'
    },
    {
      group: 'entertainment',
      mirror: 1,
      hedgeOffsetMs: 0,
      durationMs: 1,
      outcome: 'http-error',
      status: 503
    },
    {
      group: 'entertainment',
      mirror: 2,
      hedgeOffsetMs: 1,
      durationMs: 2,
      outcome: 'success'
    },
    {
      group: 'outdoor',
      mirror: 1,
      hedgeOffsetMs: 0,
      durationMs: 1,
      outcome: 'http-error',
      status: 503
    },
    {
      group: 'outdoor',
      mirror: 2,
      hedgeOffsetMs: 1,
      durationMs: 2,
      outcome: 'success'
    },
    {
      group: 'seasonal',
      mirror: 1,
      hedgeOffsetMs: 0,
      durationMs: 1,
      outcome: 'http-error',
      status: 503
    },
    {
      group: 'seasonal',
      mirror: 2,
      hedgeOffsetMs: 1,
      durationMs: 1,
      outcome: 'success'
    }
  ]
}
[discovery] provider-chain {
  mode: 'date-night',
  strategy: 'hedged',
  source: 'live',
  durationMs: 1,
  budgetExhausted: false,
  requestedGroups: 1,
  successfulGroups: 1,
  failedGroups: 0,
  partial: false,
  groups: [
    {
      group: 'culture',
      outcome: 'success',
      durationMs: 1,
      winnerMirror: 2
    }
  ],
  attempts: [
    {
      group: 'culture',
      mirror: 1,
      hedgeOffsetMs: 0,
      durationMs: 0,
      outcome: 'http-error',
      status: 503
    },
    {
      group: 'culture',
      mirror: 2,
      hedgeOffsetMs: 0,
      durationMs: 1,
      outcome: 'success'
    }
  ]
}
[discovery] provider-chain {
  mode: 'date-night',
  strategy: 'hedged',
  source: 'live',
  durationMs: 1,
  budgetExhausted: false,
  requestedGroups: 1,
  successfulGroups: 1,
  failedGroups: 0,
  partial: false,
  groups: [
    {
      group: 'culture',
      outcome: 'success',
      durationMs: 1,
      winnerMirror: 2
    }
  ],
  attempts: [
    {
      group: 'culture',
      mirror: 1,
      hedgeOffsetMs: 0,
      durationMs: 0,
      outcome: 'http-error',
      status: 503
    },
    {
      group: 'culture',
      mirror: 2,
      hedgeOffsetMs: 0,
      durationMs: 1,
      outcome: 'success'
    }
  ]
}
[discovery] provider-chain {
  mode: 'date-night',
  strategy: 'hedged',
  source: 'live',
  durationMs: 4,
  budgetExhausted: false,
  requestedGroups: 4,
  successfulGroups: 4,
  failedGroups: 0,
  partial: false,
  groups: [
    {
      group: 'seasonal',
      outcome: 'success',
      durationMs: 3,
      winnerMirror: 2
    },
    {
      group: 'entertainment',
      outcome: 'success',
      durationMs: 3,
      winnerMirror: 2
    },
    {
      group: 'culture',
      outcome: 'success',
      durationMs: 2,
      winnerMirror: 2
    },
    {
      group: 'outdoor',
      outcome: 'success',
      durationMs: 3,
      winnerMirror: 2
    }
  ],
  attempts: [
    {
      group: 'culture',
      mirror: 1,
      hedgeOffsetMs: 0,
      durationMs: 1,
      outcome: 'http-error',
      status: 503
    },
    {
      group: 'culture',
      mirror: 2,
      hedgeOffsetMs: 1,
      durationMs: 1,
      outcome: 'success'
    },
    {
      group: 'entertainment',
      mirror: 1,
      hedgeOffsetMs: 0,
      durationMs: 1,
      outcome: 'http-error',
      status: 503
    },
    {
      group: 'entertainment',
      mirror: 2,
      hedgeOffsetMs: 1,
      durationMs: 2,
      outcome: 'success'
    },
    {
      group: 'outdoor',
      mirror: 1,
      hedgeOffsetMs: 0,
      durationMs: 1,
      outcome: 'http-error',
      status: 503
    },
    {
      group: 'outdoor',
      mirror: 2,
      hedgeOffsetMs: 1,
      durationMs: 3,
      outcome: 'success'
    },
    {
      group: 'seasonal',
      mirror: 1,
      hedgeOffsetMs: 0,
      durationMs: 1,
      outcome: 'http-error',
      status: 503
    },
    {
      group: 'seasonal',
      mirror: 2,
      hedgeOffsetMs: 1,
      durationMs: 2,
      outcome: 'success'
    }
  ]
}
[discovery] provider-chain {
  mode: 'date-night',
  strategy: 'hedged',
  source: 'live',
  durationMs: 1,
  budgetExhausted: false,
  requestedGroups: 1,
  successfulGroups: 1,
  failedGroups: 0,
  partial: false,
  groups: [
    {
      group: 'culture',
      outcome: 'success',
      durationMs: 1,
      winnerMirror: 2
    }
  ],
  attempts: [
    {
      group: 'culture',
      mirror: 1,
      hedgeOffsetMs: 0,
      durationMs: 0,
      outcome: 'http-error',
      status: 503
    },
    {
      group: 'culture',
      mirror: 2,
      hedgeOffsetMs: 0,
      durationMs: 1,
      outcome: 'success'
    }
  ]
}
[discovery] provider-chain {
  mode: 'date-night',
  strategy: 'hedged',
  source: 'live',
  durationMs: 2,
  budgetExhausted: false,
  requestedGroups: 2,
  successfulGroups: 2,
  failedGroups: 0,
  partial: false,
  groups: [
    {
      group: 'entertainment',
      outcome: 'success',
      durationMs: 2,
      winnerMirror: 2
    },
    {
      group: 'culture',
      outcome: 'success',
      durationMs: 1,
      winnerMirror: 2
    }
  ],
  attempts: [
    {
      group: 'culture',
      mirror: 1,
      hedgeOffsetMs: 0,
      durationMs: 0,
      outcome: 'http-error',
      status: 503
    },
    {
      group: 'culture',
      mirror: 2,
      hedgeOffsetMs: 0,
      durationMs: 1,
      outcome: 'success'
    },
    {
      group: 'entertainment',
      mirror: 1,
      hedgeOffsetMs: 0,
      durationMs: 0,
      outcome: 'http-error',
      status: 503
    },
    {
      group: 'entertainment',
      mirror: 2,
      hedgeOffsetMs: 0,
      durationMs: 1,
      outcome: 'success'
    }
  ]
}
[discovery] provider-chain {
  mode: 'date-night',
  strategy: 'hedged',
  source: 'live',
  durationMs: 4,
  budgetExhausted: false,
  requestedGroups: 4,
  successfulGroups: 4,
  failedGroups: 0,
  partial: false,
  groups: [
    {
      group: 'seasonal',
      outcome: 'success',
      durationMs: 3,
      winnerMirror: 2
    },
    {
      group: 'entertainment',
      outcome: 'success',
      durationMs: 3,
      winnerMirror: 2
    },
    {
      group: 'culture',
      outcome: 'success',
      durationMs: 2,
      winnerMirror: 2
    },
    {
      group: 'outdoor',
      outcome: 'success',
      durationMs: 3,
      winnerMirror: 2
    }
  ],
  attempts: [
    {
      group: 'culture',
      mirror: 1,
      hedgeOffsetMs: 0,
      durationMs: 1,
      outcome: 'http-error',
      status: 503
    },
    {
      group: 'culture',
      mirror: 2,
      hedgeOffsetMs: 1,
      durationMs: 1,
      outcome: 'success'
    },
    {
      group: 'entertainment',
      mirror: 1,
      hedgeOffsetMs: 0,
      durationMs: 1,
      outcome: 'http-error',
      status: 503
    },
    {
      group: 'entertainment',
      mirror: 2,
      hedgeOffsetMs: 1,
      durationMs: 2,
      outcome: 'success'
    },
    {
      group: 'outdoor',
      mirror: 1,
      hedgeOffsetMs: 0,
      durationMs: 1,
      outcome: 'http-error',
      status: 503
    },
    {
      group: 'outdoor',
      mirror: 2,
      hedgeOffsetMs: 1,
      durationMs: 3,
      outcome: 'success'
    },
    {
      group: 'seasonal',
      mirror: 1,
      hedgeOffsetMs: 0,
      durationMs: 1,
      outcome: 'http-error',
      status: 503
    },
    {
      group: 'seasonal',
      mirror: 2,
      hedgeOffsetMs: 1,
      durationMs: 2,
      outcome: 'success'
    }
  ]
}
✔ real handler abandoned: forward/reverse seasonal and ordinary flags, result order, later mirror (59.530956ms)
✔ real handler abandoned: reconstructed contextual seasonal evidence and ordinary namespace parity (8.957932ms)
[discovery] provider-chain {
  mode: 'date-night',
  strategy: 'hedged',
  source: 'live',
  durationMs: 1,
  budgetExhausted: false,
  requestedGroups: 1,
  successfulGroups: 1,
  failedGroups: 0,
  partial: false,
  groups: [
    {
      group: 'seasonal',
      outcome: 'success',
      durationMs: 1,
      winnerMirror: 2
    }
  ],
  attempts: [
    {
      group: 'seasonal',
      mirror: 1,
      hedgeOffsetMs: 0,
      durationMs: 0,
      outcome: 'http-error',
      status: 503
    },
    {
      group: 'seasonal',
      mirror: 2,
      hedgeOffsetMs: 0,
      durationMs: 1,
      outcome: 'success'
    }
  ]
}
[discovery] provider-chain {
  mode: 'date-night',
  strategy: 'hedged',
  source: 'live',
  durationMs: 1,
  budgetExhausted: false,
  requestedGroups: 1,
  successfulGroups: 1,
  failedGroups: 0,
  partial: false,
  groups: [
    {
      group: 'seasonal',
      outcome: 'success',
      durationMs: 1,
      winnerMirror: 2
    }
  ],
  attempts: [
    {
      group: 'seasonal',
      mirror: 1,
      hedgeOffsetMs: 0,
      durationMs: 0,
      outcome: 'http-error',
      status: 503
    },
    {
      group: 'seasonal',
      mirror: 2,
      hedgeOffsetMs: 0,
      durationMs: 1,
      outcome: 'success'
    }
  ]
}
[discovery] provider-chain {
  mode: 'date-night',
  strategy: 'hedged',
  source: 'live',
  durationMs: 4,
  budgetExhausted: false,
  requestedGroups: 4,
  successfulGroups: 4,
  failedGroups: 0,
  partial: false,
  groups: [
    {
      group: 'seasonal',
      outcome: 'success',
      durationMs: 3,
      winnerMirror: 2
    },
    {
      group: 'entertainment',
      outcome: 'success',
      durationMs: 3,
      winnerMirror: 2
    },
    {
      group: 'culture',
      outcome: 'success',
      durationMs: 2,
      winnerMirror: 2
    },
    {
      group: 'outdoor',
      outcome: 'success',
      durationMs: 3,
      winnerMirror: 2
    }
  ],
  attempts: [
    {
      group: 'culture',
      mirror: 1,
      hedgeOffsetMs: 0,
      durationMs: 1,
      outcome: 'http-error',
      status: 503
    },
    {
      group: 'culture',
      mirror: 2,
      hedgeOffsetMs: 1,
      durationMs: 1,
      outcome: 'success'
    },
    {
      group: 'entertainment',
      mirror: 1,
      hedgeOffsetMs: 0,
      durationMs: 1,
      outcome: 'http-error',
      status: 503
    },
    {
      group: 'entertainment',
      mirror: 2,
      hedgeOffsetMs: 1,
      durationMs: 2,
      outcome: 'success'
    },
    {
      group: 'outdoor',
      mirror: 1,
      hedgeOffsetMs: 0,
      durationMs: 1,
      outcome: 'http-error',
      status: 503
    },
    {
      group: 'outdoor',
      mirror: 2,
      hedgeOffsetMs: 1,
      durationMs: 3,
      outcome: 'success'
    },
    {
      group: 'seasonal',
      mirror: 1,
      hedgeOffsetMs: 0,
      durationMs: 1,
      outcome: 'http-error',
      status: 503
    },
    {
      group: 'seasonal',
      mirror: 2,
      hedgeOffsetMs: 1,
      durationMs: 2,
      outcome: 'success'
    }
  ]
}
[discovery] provider-chain {
  mode: 'date-night',
  strategy: 'hedged',
  source: 'live',
  durationMs: 1,
  budgetExhausted: false,
  requestedGroups: 1,
  successfulGroups: 1,
  failedGroups: 0,
  partial: false,
  groups: [
    {
      group: 'seasonal',
      outcome: 'success',
      durationMs: 1,
      winnerMirror: 2
    }
  ],
  attempts: [
    {
      group: 'seasonal',
      mirror: 1,
      hedgeOffsetMs: 0,
      durationMs: 0,
      outcome: 'http-error',
      status: 503
    },
    {
      group: 'seasonal',
      mirror: 2,
      hedgeOffsetMs: 0,
      durationMs: 1,
      outcome: 'success'
    }
  ]
}
[discovery] provider-chain {
  mode: 'date-night',
  strategy: 'hedged',
  source: 'live',
  durationMs: 1,
  budgetExhausted: false,
  requestedGroups: 1,
  successfulGroups: 1,
  failedGroups: 0,
  partial: false,
  groups: [
    {
      group: 'seasonal',
      outcome: 'success',
      durationMs: 1,
      winnerMirror: 2
    }
  ],
  attempts: [
    {
      group: 'seasonal',
      mirror: 1,
      hedgeOffsetMs: 0,
      durationMs: 0,
      outcome: 'http-error',
      status: 503
    },
    {
      group: 'seasonal',
      mirror: 2,
      hedgeOffsetMs: 0,
      durationMs: 1,
      outcome: 'success'
    }
  ]
}
[discovery] provider-chain {
  mode: 'date-night',
  strategy: 'hedged',
  source: 'live',
  durationMs: 3,
  budgetExhausted: false,
  requestedGroups: 4,
  successfulGroups: 4,
  failedGroups: 0,
  partial: false,
  groups: [
    {
      group: 'seasonal',
      outcome: 'success',
      durationMs: 2,
      winnerMirror: 2
    },
    {
      group: 'entertainment',
      outcome: 'success',
      durationMs: 3,
      winnerMirror: 2
    },
    {
      group: 'culture',
      outcome: 'success',
      durationMs: 1,
      winnerMirror: 2
    },
    {
      group: 'outdoor',
      outcome: 'success',
      durationMs: 3,
      winnerMirror: 2
    }
  ],
  attempts: [
    {
      group: 'culture',
      mirror: 1,
      hedgeOffsetMs: 0,
      durationMs: 1,
      outcome: 'http-error',
      status: 503
    },
    {
      group: 'culture',
      mirror: 2,
      hedgeOffsetMs: 1,
      durationMs: 1,
      outcome: 'success'
    },
    {
      group: 'entertainment',
      mirror: 1,
      hedgeOffsetMs: 0,
      durationMs: 1,
      outcome: 'http-error',
      status: 503
    },
    {
      group: 'entertainment',
      mirror: 2,
      hedgeOffsetMs: 1,
      durationMs: 2,
      outcome: 'success'
    },
    {
      group: 'outdoor',
      mirror: 1,
      hedgeOffsetMs: 0,
      durationMs: 1,
      outcome: 'http-error',
      status: 503
    },
    {
      group: 'outdoor',
      mirror: 2,
      hedgeOffsetMs: 1,
      durationMs: 3,
      outcome: 'success'
    },
    {
      group: 'seasonal',
      mirror: 1,
      hedgeOffsetMs: 0,
      durationMs: 1,
      outcome: 'http-error',
      status: 503
    },
    {
      group: 'seasonal',
      mirror: 2,
      hedgeOffsetMs: 1,
      durationMs: 2,
      outcome: 'success'
    }
  ]
}
[discovery] provider-chain {
  mode: 'date-night',
  strategy: 'hedged',
  source: 'live',
  durationMs: 1,
  budgetExhausted: false,
  requestedGroups: 1,
  successfulGroups: 1,
  failedGroups: 0,
  partial: false,
  groups: [
    {
      group: 'culture',
      outcome: 'success',
      durationMs: 1,
      winnerMirror: 2
    }
  ],
  attempts: [
    {
      group: 'culture',
      mirror: 1,
      hedgeOffsetMs: 0,
      durationMs: 0,
      outcome: 'http-error',
      status: 503
    },
    {
      group: 'culture',
      mirror: 2,
      hedgeOffsetMs: 0,
      durationMs: 1,
      outcome: 'success'
    }
  ]
}
[discovery] provider-chain {
  mode: 'date-night',
  strategy: 'hedged',
  source: 'live',
  durationMs: 1,
  budgetExhausted: false,
  requestedGroups: 1,
  successfulGroups: 1,
  failedGroups: 0,
  partial: false,
  groups: [
    {
      group: 'culture',
      outcome: 'success',
      durationMs: 1,
      winnerMirror: 2
    }
  ],
  attempts: [
    {
      group: 'culture',
      mirror: 1,
      hedgeOffsetMs: 0,
      durationMs: 0,
      outcome: 'http-error',
      status: 503
    },
    {
      group: 'culture',
      mirror: 2,
      hedgeOffsetMs: 0,
      durationMs: 1,
      outcome: 'success'
    }
  ]
}
[discovery] provider-chain {
  mode: 'date-night',
  strategy: 'hedged',
  source: 'live',
  durationMs: 4,
  budgetExhausted: false,
  requestedGroups: 4,
  successfulGroups: 4,
  failedGroups: 0,
  partial: false,
  groups: [
    {
      group: 'seasonal',
      outcome: 'success',
      durationMs: 2,
      winnerMirror: 2
    },
    {
      group: 'entertainment',
      outcome: 'success',
      durationMs: 3,
      winnerMirror: 2
    },
    {
      group: 'culture',
      outcome: 'success',
      durationMs: 2,
      winnerMirror: 2
    },
    {
      group: 'outdoor',
      outcome: 'success',
      durationMs: 3,
      winnerMirror: 2
    }
  ],
  attempts: [
    {
      group: 'culture',
      mirror: 1,
      hedgeOffsetMs: 0,
      durationMs: 1,
      outcome: 'http-error',
      status: 503
    },
    {
      group: 'culture',
      mirror: 2,
      hedgeOffsetMs: 1,
      durationMs: 1,
      outcome: 'success'
    },
    {
      group: 'entertainment',
      mirror: 1,
      hedgeOffsetMs: 0,
      durationMs: 1,
      outcome: 'http-error',
      status: 503
    },
    {
      group: 'entertainment',
      mirror: 2,
      hedgeOffsetMs: 1,
      durationMs: 2,
      outcome: 'success'
    },
    {
      group: 'outdoor',
      mirror: 1,
      hedgeOffsetMs: 0,
      durationMs: 1,
      outcome: 'http-error',
      status: 503
    },
    {
      group: 'outdoor',
      mirror: 2,
      hedgeOffsetMs: 1,
      durationMs: 3,
      outcome: 'success'
    },
    {
      group: 'seasonal',
      mirror: 1,
      hedgeOffsetMs: 0,
      durationMs: 1,
      outcome: 'http-error',
      status: 503
    },
    {
      group: 'seasonal',
      mirror: 2,
      hedgeOffsetMs: 1,
      durationMs: 2,
      outcome: 'success'
    }
  ]
}
[discovery] provider-chain {
  mode: 'date-night',
  strategy: 'hedged',
  source: 'live',
  durationMs: 1,
  budgetExhausted: false,
  requestedGroups: 1,
  successfulGroups: 1,
  failedGroups: 0,
  partial: false,
  groups: [
    {
      group: 'culture',
      outcome: 'success',
      durationMs: 1,
      winnerMirror: 2
    }
  ],
  attempts: [
    {
      group: 'culture',
      mirror: 1,
      hedgeOffsetMs: 0,
      durationMs: 0,
      outcome: 'http-error',
      status: 503
    },
    {
      group: 'culture',
      mirror: 2,
      hedgeOffsetMs: 0,
      durationMs: 1,
      outcome: 'success'
    }
  ]
}
[discovery] provider-chain {
  mode: 'date-night',
  strategy: 'hedged',
  source: 'live',
  durationMs: 1,
  budgetExhausted: false,
  requestedGroups: 1,
  successfulGroups: 1,
  failedGroups: 0,
  partial: false,
  groups: [
    {
      group: 'culture',
      outcome: 'success',
      durationMs: 1,
      winnerMirror: 2
    }
  ],
  attempts: [
    {
      group: 'culture',
      mirror: 1,
      hedgeOffsetMs: 0,
      durationMs: 0,
      outcome: 'http-error',
      status: 503
    },
    {
      group: 'culture',
      mirror: 2,
      hedgeOffsetMs: 0,
      durationMs: 1,
      outcome: 'success'
    }
  ]
}
[discovery] provider-chain {
  mode: 'date-night',
  strategy: 'hedged',
  source: 'live',
  durationMs: 4,
  budgetExhausted: false,
  requestedGroups: 4,
  successfulGroups: 4,
  failedGroups: 0,
  partial: false,
  groups: [
    {
      group: 'seasonal',
      outcome: 'success',
      durationMs: 2,
      winnerMirror: 2
    },
    {
      group: 'entertainment',
      outcome: 'success',
      durationMs: 3,
      winnerMirror: 2
    },
    {
      group: 'culture',
      outcome: 'success',
      durationMs: 2,
      winnerMirror: 2
    },
    {
      group: 'outdoor',
      outcome: 'success',
      durationMs: 3,
      winnerMirror: 2
    }
  ],
  attempts: [
    {
      group: 'culture',
      mirror: 1,
      hedgeOffsetMs: 0,
      durationMs: 1,
      outcome: 'http-error',
      status: 503
    },
    {
      group: 'culture',
      mirror: 2,
      hedgeOffsetMs: 1,
      durationMs: 1,
      outcome: 'success'
    },
    {
      group: 'entertainment',
      mirror: 1,
      hedgeOffsetMs: 0,
      durationMs: 1,
      outcome: 'http-error',
      status: 503
    },
    {
      group: 'entertainment',
      mirror: 2,
      hedgeOffsetMs: 1,
      durationMs: 2,
      outcome: 'success'
    },
    {
      group: 'outdoor',
      mirror: 1,
      hedgeOffsetMs: 0,
      durationMs: 1,
      outcome: 'http-error',
      status: 503
    },
    {
      group: 'outdoor',
      mirror: 2,
      hedgeOffsetMs: 1,
      durationMs: 3,
      outcome: 'success'
    },
    {
      group: 'seasonal',
      mirror: 1,
      hedgeOffsetMs: 0,
      durationMs: 1,
      outcome: 'http-error',
      status: 503
    },
    {
      group: 'seasonal',
      mirror: 2,
      hedgeOffsetMs: 1,
      durationMs: 2,
      outcome: 'success'
    }
  ]
}
[discovery] provider-chain {
  mode: 'date-night',
  strategy: 'hedged',
  source: 'live',
  durationMs: 1,
  budgetExhausted: false,
  requestedGroups: 1,
  successfulGroups: 1,
  failedGroups: 0,
  partial: false,
  groups: [
    {
      group: 'culture',
      outcome: 'success',
      durationMs: 1,
      winnerMirror: 2
    }
  ],
  attempts: [
    {
      group: 'culture',
      mirror: 1,
      hedgeOffsetMs: 0,
      durationMs: 0,
      outcome: 'http-error',
      status: 503
    },
    {
      group: 'culture',
      mirror: 2,
      hedgeOffsetMs: 0,
      durationMs: 1,
      outcome: 'success'
    }
  ]
}
[discovery] provider-chain {
  mode: 'date-night',
  strategy: 'hedged',
  source: 'live',
  durationMs: 2,
  budgetExhausted: false,
  requestedGroups: 2,
  successfulGroups: 2,
  failedGroups: 0,
  partial: false,
  groups: [
    {
      group: 'entertainment',
      outcome: 'success',
      durationMs: 2,
      winnerMirror: 2
    },
    {
      group: 'culture',
      outcome: 'success',
      durationMs: 1,
      winnerMirror: 2
    }
  ],
  attempts: [
    {
      group: 'culture',
      mirror: 1,
      hedgeOffsetMs: 0,
      durationMs: 0,
      outcome: 'http-error',
      status: 503
    },
    {
      group: 'culture',
      mirror: 2,
      hedgeOffsetMs: 0,
      durationMs: 1,
      outcome: 'success'
    },
    {
      group: 'entertainment',
      mirror: 1,
      hedgeOffsetMs: 0,
      durationMs: 0,
      outcome: 'http-error',
      status: 503
    },
    {
      group: 'entertainment',
      mirror: 2,
      hedgeOffsetMs: 0,
      durationMs: 1,
      outcome: 'success'
    }
  ]
}
[discovery] provider-chain {
  mode: 'date-night',
  strategy: 'hedged',
  source: 'live',
  durationMs: 4,
  budgetExhausted: false,
  requestedGroups: 4,
  successfulGroups: 4,
  failedGroups: 0,
  partial: false,
  groups: [
    {
      group: 'seasonal',
      outcome: 'success',
      durationMs: 2,
      winnerMirror: 2
    },
    {
      group: 'entertainment',
      outcome: 'success',
      durationMs: 3,
      winnerMirror: 2
    },
    {
      group: 'culture',
      outcome: 'success',
      durationMs: 2,
      winnerMirror: 2
    },
    {
      group: 'outdoor',
      outcome: 'success',
      durationMs: 3,
      winnerMirror: 2
    }
  ],
  attempts: [
    {
      group: 'culture',
      mirror: 1,
      hedgeOffsetMs: 0,
      durationMs: 1,
      outcome: 'http-error',
      status: 503
    },
    {
      group: 'culture',
      mirror: 2,
      hedgeOffsetMs: 1,
      durationMs: 1,
      outcome: 'success'
    },
    {
      group: 'entertainment',
      mirror: 1,
      hedgeOffsetMs: 0,
      durationMs: 1,
      outcome: 'http-error',
      status: 503
    },
    {
      group: 'entertainment',
      mirror: 2,
      hedgeOffsetMs: 1,
      durationMs: 2,
      outcome: 'success'
    },
    {
      group: 'outdoor',
      mirror: 1,
      hedgeOffsetMs: 0,
      durationMs: 1,
      outcome: 'http-error',
      status: 503
    },
    {
      group: 'outdoor',
      mirror: 2,
      hedgeOffsetMs: 1,
      durationMs: 3,
      outcome: 'success'
    },
    {
      group: 'seasonal',
      mirror: 1,
      hedgeOffsetMs: 0,
      durationMs: 1,
      outcome: 'http-error',
      status: 503
    },
    {
      group: 'seasonal',
      mirror: 2,
      hedgeOffsetMs: 1,
      durationMs: 2,
      outcome: 'success'
    }
  ]
}
✔ real handler was: forward/reverse seasonal and ordinary flags, result order, later mirror (59.733266ms)
✔ real handler was: reconstructed contextual seasonal evidence and ordinary namespace parity (12.449225ms)
✔ all supported active seasonal contexts carry simple lifecycle flags independent of category (7.183147ms)
✔ different groups, completion order, duplicate identities and disused/permanent conflicts remain deterministic (11.20535ms)
✔ lifecycle-only, false flags, generic contexts and unsupported status tags never create eligible seasonal leakage (10.607679ms)
✔ negative-key search is exclusively set-bounded, positive queries stay narrow and hostile input never interpolates (1.192567ms)
✔ seasonal live success survives stalled parks and merges saved coverage with honest partial metadata (51.3368ms)
✔ entertainment survives seasonal HTTP failure with selected failed coverage retained (4.2921ms)
✔ valid empty requested group is successful coverage, distinct from missing venues and failed acquisition (1.833914ms)
✔ valid empty success with a failed sibling remains partial live, not fallback or terminal error (2.238995ms)
✔ cross-group equal OSM identity unions disjoint classifications despite changed provider name (1.905693ms)
✔ identical cross-group evidence is deduplicated and permanently closed evidence dominates active siblings (4.193811ms)
✔ malformed missing-elements sibling cannot erase valid seasonal live response (2.180437ms)
✔ malformed remark sibling cannot erase valid seasonal live response (1.915277ms)
✔ malformed invalid-json sibling cannot erase valid seasonal live response (2.513109ms)
✔ all four groups/mirrors stalled settle honest saved fallback at 12.5s (7.312122ms)
✔ all four groups/mirrors stalled settle terminal error at 12.5s (3.522871ms)
✔ all valid-empty groups are live coverage rather than outage even with zero venues (1.647514ms)
✔ Date Night ordinary partial UI preserves live picks and discloses failed groups (879.067482ms)
✔ Date Night seasonal partial UI preserves live picks and discloses failed groups (11.11184ms)
✔ query cost: leisure uses the complete finite exact-value carrier in every independent group (2.54078ms)
✔ query cost: amenity uses the complete finite exact-value carrier in every independent group (1.086438ms)
✔ query cost: tourism uses the complete finite exact-value carrier in every independent group (1.740974ms)
✔ query cost: attraction uses the complete finite exact-value carrier in every independent group (0.474335ms)
✔ query cost: sport uses the complete finite exact-value carrier in every independent group (2.768854ms)
✔ query cost: landuse uses the complete finite exact-value carrier in every independent group (4.811272ms)
✔ query cost: exact acquisition has no extra keys, duplicate clauses or unbounded selectors (1.350907ms)
✔ query cost: the structure guard rejects the diagnosed cinema regex even when shorter (1.152327ms)
✔ query cost: positive query statements and prefixed carrier statements remain unchanged for every measured plan (1.435204ms)
✔ query cost: all 154 audited interpretations and all 111 negative acquisitions survive every requested group (589.729782ms)
✔ query cost: arbitrary permanent suffixes and non-finite lifecycle values remain set-bounded and reachable (29.460073ms)
✔ query cost: equality preserves old acquisition for finite values and near misses, with and without lifecycle flags (649.624697ms)
✔ query cost: four independent groups and the four fixed mirrors remain unchanged (0.544621ms)
[discovery] provider-chain {
  mode: 'date-night',
  strategy: 'hedged',
  source: 'live',
  durationMs: 1,
  budgetExhausted: false,
  requestedGroups: 1,
  successfulGroups: 1,
  failedGroups: 0,
  partial: false,
  groups: [
    {
      group: 'seasonal',
      outcome: 'success',
      durationMs: 1,
      winnerMirror: 2
    }
  ],
  attempts: [
    {
      group: 'seasonal',
      mirror: 1,
      hedgeOffsetMs: 0,
      durationMs: 1,
      outcome: 'http-error',
      status: 503
    },
    {
      group: 'seasonal',
      mirror: 2,
      hedgeOffsetMs: 1,
      durationMs: 1,
      outcome: 'success'
    }
  ]
}
[discovery] provider-chain {
  mode: 'date-night',
  strategy: 'hedged',
  source: 'live',
  durationMs: 1,
  budgetExhausted: false,
  requestedGroups: 1,
  successfulGroups: 1,
  failedGroups: 0,
  partial: false,
  groups: [
    {
      group: 'seasonal',
      outcome: 'success',
      durationMs: 1,
      winnerMirror: 2
    }
  ],
  attempts: [
    {
      group: 'seasonal',
      mirror: 1,
      hedgeOffsetMs: 0,
      durationMs: 0,
      outcome: 'http-error',
      status: 503
    },
    {
      group: 'seasonal',
      mirror: 2,
      hedgeOffsetMs: 0,
      durationMs: 1,
      outcome: 'success'
    }
  ]
}
[discovery] provider-chain {
  mode: 'date-night',
  strategy: 'hedged',
  source: 'live',
  durationMs: 1,
  budgetExhausted: false,
  requestedGroups: 1,
  successfulGroups: 1,
  failedGroups: 0,
  partial: false,
  groups: [
    {
      group: 'seasonal',
      outcome: 'success',
      durationMs: 1,
      winnerMirror: 2
    }
  ],
  attempts: [
    {
      group: 'seasonal',
      mirror: 1,
      hedgeOffsetMs: 0,
      durationMs: 0,
      outcome: 'http-error',
      status: 503
    },
    {
      group: 'seasonal',
      mirror: 2,
      hedgeOffsetMs: 0,
      durationMs: 1,
      outcome: 'success'
    }
  ]
}
[discovery] provider-chain {
  mode: 'date-night',
  strategy: 'hedged',
  source: 'live',
  durationMs: 1,
  budgetExhausted: false,
  requestedGroups: 1,
  successfulGroups: 1,
  failedGroups: 0,
  partial: false,
  groups: [
    {
      group: 'seasonal',
      outcome: 'success',
      durationMs: 1,
      winnerMirror: 2
    }
  ],
  attempts: [
    {
      group: 'seasonal',
      mirror: 1,
      hedgeOffsetMs: 0,
      durationMs: 0,
      outcome: 'http-error',
      status: 503
    },
    {
      group: 'seasonal',
      mirror: 2,
      hedgeOffsetMs: 0,
      durationMs: 0,
      outcome: 'success'
    }
  ]
}
[discovery] provider-chain {
  mode: 'date-night',
  strategy: 'hedged',
  source: 'live',
  durationMs: 11,
  budgetExhausted: false,
  requestedGroups: 1,
  successfulGroups: 1,
  failedGroups: 0,
  partial: false,
  groups: [
    {
      group: 'seasonal',
      outcome: 'success',
      durationMs: 1,
      winnerMirror: 2
    }
  ],
  attempts: [
    {
      group: 'seasonal',
      mirror: 1,
      hedgeOffsetMs: 0,
      durationMs: 0,
      outcome: 'http-error',
      status: 503
    },
    {
      group: 'seasonal',
      mirror: 2,
      hedgeOffsetMs: 0,
      durationMs: 1,
      outcome: 'success'
    }
  ]
}
[discovery] provider-chain {
  mode: 'date-night',
  strategy: 'hedged',
  source: 'live',
  durationMs: 1,
  budgetExhausted: false,
  requestedGroups: 1,
  successfulGroups: 1,
  failedGroups: 0,
  partial: false,
  groups: [
    {
      group: 'seasonal',
      outcome: 'success',
      durationMs: 1,
      winnerMirror: 2
    }
  ],
  attempts: [
    {
      group: 'seasonal',
      mirror: 1,
      hedgeOffsetMs: 0,
      durationMs: 0,
      outcome: 'http-error',
      status: 503
    },
    {
      group: 'seasonal',
      mirror: 2,
      hedgeOffsetMs: 0,
      durationMs: 1,
      outcome: 'success'
    }
  ]
}
[discovery] provider-chain {
  mode: 'date-night',
  strategy: 'hedged',
  source: 'live',
  durationMs: 2,
  budgetExhausted: false,
  requestedGroups: 4,
  successfulGroups: 4,
  failedGroups: 0,
  partial: false,
  groups: [
    {
      group: 'seasonal',
      outcome: 'success',
      durationMs: 2,
      winnerMirror: 2
    },
    {
      group: 'entertainment',
      outcome: 'success',
      durationMs: 2,
      winnerMirror: 2
    },
    {
      group: 'culture',
      outcome: 'success',
      durationMs: 2,
      winnerMirror: 2
    },
    {
      group: 'outdoor',
      outcome: 'success',
      durationMs: 2,
      winnerMirror: 2
    }
  ],
  attempts: [
    {
      group: 'culture',
      mirror: 1,
      hedgeOffsetMs: 0,
      durationMs: 1,
      outcome: 'http-error',
      status: 503
    },
    {
      group: 'culture',
      mirror: 2,
      hedgeOffsetMs: 1,
      durationMs: 1,
      outcome: 'success'
    },
    {
      group: 'entertainment',
      mirror: 1,
      hedgeOffsetMs: 0,
      durationMs: 1,
      outcome: 'http-error',
      status: 503
    },
    {
      group: 'entertainment',
      mirror: 2,
      hedgeOffsetMs: 1,
      durationMs: 1,
      outcome: 'success'
    },
    {
      group: 'outdoor',
      mirror: 1,
      hedgeOffsetMs: 0,
      durationMs: 1,
      outcome: 'http-error',
      status: 503
    },
    {
      group: 'outdoor',
      mirror: 2,
      hedgeOffsetMs: 1,
      durationMs: 1,
      outcome: 'success'
    },
    {
      group: 'seasonal',
      mirror: 1,
      hedgeOffsetMs: 0,
      durationMs: 1,
      outcome: 'http-error',
      status: 503
    },
    {
      group: 'seasonal',
      mirror: 2,
      hedgeOffsetMs: 1,
      durationMs: 2,
      outcome: 'success'
    }
  ]
}
[discovery] provider-chain {
  mode: 'date-night',
  strategy: 'hedged',
  source: 'live',
  durationMs: 7,
  budgetExhausted: false,
  requestedGroups: 4,
  successfulGroups: 4,
  failedGroups: 0,
  partial: false,
  groups: [
    {
      group: 'seasonal',
      outcome: 'success',
      durationMs: 6,
      winnerMirror: 2
    },
    {
      group: 'entertainment',
      outcome: 'success',
      durationMs: 6,
      winnerMirror: 2
    },
    {
      group: 'culture',
      outcome: 'success',
      durationMs: 6,
      winnerMirror: 2
    },
    {
      group: 'outdoor',
      outcome: 'success',
      durationMs: 6,
      winnerMirror: 2
    }
  ],
  attempts: [
    {
      group: 'culture',
      mirror: 1,
      hedgeOffsetMs: 0,
      durationMs: 0,
      outcome: 'http-error',
      status: 503
    },
    {
      group: 'culture',
      mirror: 2,
      hedgeOffsetMs: 0,
      durationMs: 6,
      outcome: 'success'
    },
    {
      group: 'entertainment',
      mirror: 1,
      hedgeOffsetMs: 0,
      durationMs: 0,
      outcome: 'http-error',
      status: 503
    },
    {
      group: 'entertainment',
      mirror: 2,
      hedgeOffsetMs: 0,
      durationMs: 6,
      outcome: 'success'
    },
    {
      group: 'outdoor',
      mirror: 1,
      hedgeOffsetMs: 0,
      durationMs: 0,
      outcome: 'http-error',
      status: 503
    },
    {
      group: 'outdoor',
      mirror: 2,
      hedgeOffsetMs: 0,
      durationMs: 6,
      outcome: 'success'
    },
    {
      group: 'seasonal',
      mirror: 1,
      hedgeOffsetMs: 0,
      durationMs: 0,
      outcome: 'http-error',
      status: 503
    },
    {
      group: 'seasonal',
      mirror: 2,
      hedgeOffsetMs: 0,
      durationMs: 6,
      outcome: 'success'
    }
  ]
}
[discovery] provider-chain {
  mode: 'date-night',
  strategy: 'hedged',
  source: 'live',
  durationMs: 2,
  budgetExhausted: false,
  requestedGroups: 3,
  successfulGroups: 3,
  failedGroups: 0,
  partial: false,
  groups: [
    {
      group: 'entertainment',
      outcome: 'empty',
      durationMs: 2,
      winnerMirror: 1
    },
    {
      group: 'culture',
      outcome: 'success',
      durationMs: 2,
      winnerMirror: 1
    },
    {
      group: 'outdoor',
      outcome: 'empty',
      durationMs: 2,
      winnerMirror: 1
    }
  ],
  attempts: [
    {
      group: 'culture',
      mirror: 1,
      hedgeOffsetMs: 0,
      durationMs: 2,
      outcome: 'success'
    },
    {
      group: 'entertainment',
      mirror: 1,
      hedgeOffsetMs: 0,
      durationMs: 2,
      outcome: 'empty'
    },
    {
      group: 'outdoor',
      mirror: 1,
      hedgeOffsetMs: 0,
      durationMs: 2,
      outcome: 'empty'
    }
  ]
}
[discovery] provider-chain {
  mode: 'date-night',
  strategy: 'hedged',
  source: 'merged',
  durationMs: 1,
  budgetExhausted: false,
  requestedGroups: 1,
  successfulGroups: 1,
  failedGroups: 0,
  partial: false,
  groups: [
    {
      group: 'culture',
      outcome: 'empty',
      durationMs: 1,
      winnerMirror: 1
    }
  ],
  attempts: [
    {
      group: 'culture',
      mirror: 1,
      hedgeOffsetMs: 0,
      durationMs: 1,
      outcome: 'empty'
    }
  ]
}
[discovery] provider-chain {
  mode: 'date-night',
  strategy: 'hedged',
  source: 'merged',
  durationMs: 0,
  budgetExhausted: false,
  requestedGroups: 1,
  successfulGroups: 1,
  failedGroups: 0,
  partial: false,
  groups: [
    {
      group: 'seasonal',
      outcome: 'empty',
      durationMs: 0,
      winnerMirror: 1
    }
  ],
  attempts: [
    {
      group: 'seasonal',
      mirror: 1,
      hedgeOffsetMs: 0,
      durationMs: 0,
      outcome: 'empty'
    }
  ]
}
[discovery] provider-chain {
  mode: 'date-night',
  strategy: 'hedged',
  source: 'merged',
  durationMs: 0,
  budgetExhausted: false,
  requestedGroups: 1,
  successfulGroups: 1,
  failedGroups: 0,
  partial: false,
  groups: [
    {
      group: 'culture',
      outcome: 'empty',
      durationMs: 0,
      winnerMirror: 1
    }
  ],
  attempts: [
    {
      group: 'culture',
      mirror: 1,
      hedgeOffsetMs: 0,
      durationMs: 0,
      outcome: 'empty'
    }
  ]
}
✔ all Date Night database selectors use exact keys; lifecycle regex keys are bounded to a named set (5.756287ms)
✔ all 6167 canonical fixtures preserve selected positive semantics and broad identity-negative lifecycle acquisition (1740.336569ms)
✔ bounded context preselection never leaks generic places into seasonal output (21.179894ms)
✔ precise and lifecycle selectors stay independent of the active context set (28.974403ms)
✔ query fixture interpreter rejects missing/unknown sets, unbounded selectors and unexpected output grammar (18.947149ms)
✔ exact text keys preserve classifier key casing while still matching case-insensitive values (26.151212ms)
✔ Anything, omitted and empty category input produce all and only active query groups (1.327361ms)
✔ specific categories plan only required groups and combine selected siblings (0.5042ms)
✔ query plans and normalized coverage signatures are deterministic without mutating caller input (0.307624ms)
✔ Halloween OFF strips stale seasonal selections and preserves existing Anything fallback (2.028808ms)
✔ activity validation rejects malformed, inherited, unknown and query-injection inputs (0.94914ms)
✔ every ordinary category owns exact active clauses and shares supported identity-negative companions (143.267136ms)
✔ query construction independently enforces concrete whitelist input, finite coordinates and capped radius (0.73003ms)
✔ seasonal-only queries do not acquire unrelated ordinary or seasonal offerings (5.870048ms)
✔ precise seasonal attraction and agricultural maze representations remain reachable (5.437766ms)
✔ selected seasonal metadata remains reachable across every supported context, field and separator (55.079431ms)
✔ retained Exeter theme-park record remains acquired by a Corn Maze-only plan (0.769459ms)
✔ narrowed seasonal acquisition retains lifecycle-only evidence previously reached through broad contexts (10.948843ms)
✔ real selected query cannot resurrect an active duplicate by dropping its lifecycle-only theme-park record (15.52381ms)
✔ RV2 demolished=yes real acquisition parity: anything (5.017653ms)
ℹ {"selection":["anything"],"source":"live","partial":false,"eligible":[],"acquired":["date-night-osm-node-9201","date-night-osm-node-9202"]}
✔ RV2 demolished=yes real acquisition parity: corn-maze + pumpkin-patch (1.76539ms)
ℹ {"selection":["corn-maze","pumpkin-patch"],"source":"live","partial":false,"eligible":[],"acquired":["date-night-osm-node-9201","date-night-osm-node-9202"]}
✔ RV2 demolished=yes real acquisition parity: pumpkin-patch (1.297425ms)
ℹ {"selection":["pumpkin-patch"],"source":"live","partial":false,"eligible":[],"acquired":["date-night-osm-node-9202"]}
✔ RV2 demolished=yes real acquisition parity: corn-maze (1.398468ms)
ℹ {"selection":["corn-maze"],"source":"live","partial":false,"eligible":[],"acquired":["date-night-osm-node-9201","date-night-osm-node-9202"]}
✔ V-DR-01 cross-tag demolition excludes active Corn identity for corn-maze in either provider/result order (6.901793ms)
✔ V-DR-01 cross-tag demolition excludes active Corn identity for pumpkin-patch in either provider/result order (4.741767ms)
✔ V-DR-01 cross-tag demolition excludes active Corn identity for corn-maze + pumpkin-patch in either provider/result order (14.126172ms)
✔ V-DR-01 cross-tag demolition excludes active Corn identity for anything in either provider/result order (17.044061ms)
✔ V-DR-01 Pumpkin-only retains reverse demolished:corn_maze lifecycle companion (8.606382ms)
✔ V-DR-01 Pumpkin-only retains reverse disused:haunted_house lifecycle companion (5.379599ms)
✔ V-DR-01 ordinary Movies narrowing retains matching Museum demolition with Halloween both OFF and ON (3.245111ms)
✔ V-DR-01 Halloween OFF preserves the same seasonal-classification boundary for Anything and narrowed ordinary queries (5.352498ms)
✔ V-DR-01 unrelated negatives cannot suppress an active identity or leak into eligible positive results (3.921031ms)
✔ V-DR-01 negative companions span supported categories while affirmative clauses remain narrow (25.368579ms)
✔ narrowed acquisition never turns generic, negative or unrelated evidence into seasonal classification (6.060695ms)
✔ real server validator rejects hostile category input before any provider request (2.770326ms)
✔ real server request uses validated selected clauses, normalizes inactive seasonal input and preserves radius cap (3.435739ms)
✔ radial cache counts valid-empty successful patches as proof and outer success never covers missing core (23.155565ms)
✔ a failed outermost patch preserves 0–40 completeness; retry work is only missing patch/category (5.302253ms)
✔ radial cache rejects fallback as coverage (1.308563ms)
✔ radial cache rejects failed as coverage (1.291046ms)
✔ radial cache rejects cancelled as coverage (6.188188ms)
✔ radial cache rejects cache-hit as coverage (0.739815ms)
✔ radial cache rejects legacy as coverage (0.53095ms)
✔ radial cache rejects wrong-patch as coverage (0.733446ms)
✔ radial cache rejects wrong-version as coverage (0.54402ms)
✔ positive circle overlap is owned once; identities/evidence dedupe without clipping classifications (13.515042ms)
✔ radial V-DR-02: maxEntries eviction cannot resurrect superseded patch/category authority (2.440539ms)
✔ radial V-DR-02: maxVenues eviction cannot resurrect superseded patch/category authority (1.242563ms)
✔ radial cross-patch/category negative evidence suppresses positives and eviction cannot resurrect them (1.763879ms)
✔ legacy disk authority and patch authority never satisfy or supersede one another (0.518291ms)
✔ TTL/eviction remove proof; radius and semantic changes are scoped; local eligibility strictly clips (4.7498ms)
✔ radial IDs and geometry are deterministic; larger plans preserve the exact inner prefix (3.15748ms)
✔ radial partition has no sampled holes or double owners at 37.176447,-94.310223 (159.574742ms)
✔ radial partition has no sampled holes or double owners at 0,179.99 (118.134957ms)
✔ radial partition has no sampled holes or double owners at 80,-179.99 (111.930019ms)
✔ radial partition has no sampled holes or double owners at -80,30 (98.584971ms)
✔ every sector corner fits its bounded circle; no patch approaches a 50-mile monolith (0.500575ms)
✔ exact poles have a deterministic bearing frame and complete bounded coverage (3.717273ms)
✔ out-of-radius points have no logical owner and overlap maps to only one patch (0.476408ms)
✔ server resolves only enumerated patch IDs and rejects arbitrary geometry and hostile inputs (0.583519ms)
✔ continuous coverage requires every inner patch and requested category; outer success cannot fill a gap (1.815196ms)
✔ eviction/removal of a required proof makes continuous coverage incomplete; smaller maximum clips the claim (0.31207ms)
✔ actual patch RPC derives bounded geometry on the server and clips overlapping positive rows (15.889152ms)
✔ patch RPC rejects geometry/query injection, unknown IDs, and unauthorized outer patches before fetch (1.33332ms)
✔ patch group valid-empty remains authoritative and is not saved fallback (2.140677ms)
✔ patch provider cancellation forwards request signal, aborts attempts and stops hedges (154.282245ms)
✔ actual UI: core completes first, actions enable before maximum coverage and outer work continues serially (519.024265ms)
✔ actual UI: open ResultOverlay stays stable when outer venues arrive; next action uses fresh pool (30.325353ms)
✔ actual UI: open OptionsOverlay stays stable when outer venues arrive; next action uses fresh pool (30.522039ms)
✔ actual UI: open DateNightPlanOverlay stays stable when outer venues arrive; next action uses fresh pool (34.207684ms)
✔ middle failure leaves a truthful gap, retains nearby picks, and retry targets only the failed sector (42.31789ms)
✔ outermost failure preserves complete 0–40 and no failure triggers runaway auto-retry (748.243333ms)
✔ three consecutive degraded outer patches stop the bounded pass and preserve inner results (21.091702ms)
✔ 15→50 schedules only missing outer work; decreasing cancels obsolete work without refetch or late admission (10.172182ms)
✔ shrinking while core is in flight retains the necessary core request and strictly clips future venues (8.257226ms)
✔ all local-only filters cause zero RPCs and do not cancel background expansion (23.293089ms)
✔ location changes invalidate incompatible coverage and late outer responses cannot mutate new origin (12.932292ms)
✔ all-stall core settles by watchdog, does not expand, and explicit retry reacquires only core (10.567778ms)
✔ saved core fallback remains usable and exposes an explicit missing-area retry without false coverage (10.08414ms)
✔ dinner: success settles active UI and clears watchdog before deadline (470.545604ms)
✔ dinner: fallback settles active UI and clears watchdog before deadline (4.735618ms)
✔ dinner: error settles active UI and clears watchdog before deadline (5.728846ms)
✔ dinner: AbortError settles active UI and clears watchdog before deadline (2.735554ms)
✔ dinner: never-settling/abort-ignoring RPC exits loading at 25s (4.92212ms)
✔ dinner: abort-compliant RPC exits loading at 25s (5.548824ms)
✔ dinner: late post-timeout success cannot overwrite timeout or a successful retry (8.911143ms)
✔ dinner: late post-timeout rejection cannot overwrite timeout or a successful retry (9.335222ms)
✔ dinner: replacement aborts old success; old settles first (11.920504ms)
✔ dinner: replacement aborts old success; new settles first (10.531536ms)
✔ dinner: replacement aborts old rejection; old settles first (21.276132ms)
✔ dinner: replacement aborts old rejection; new settles first (10.519787ms)
✔ dinner: unmount aborts/cleans up; success cannot write after unmount (6.175138ms)
✔ dinner: unmount aborts/cleans up; rejection cannot write after unmount (4.832364ms)
✔ dinner: unmount aborts/cleans up; pending cannot write after unmount (5.541964ms)
✔ dinner: radius update cancels obsolete transport or retains still-needed core; normal selection works (15.379202ms)
✔ dinner: timeout then retry success remains current when the first RPC finally resolves (7.314176ms)
✔ date-night: success settles active UI and clears watchdog before deadline (331.428238ms)
✔ date-night: fallback settles active UI and clears watchdog before deadline (14.20679ms)
✔ date-night: error settles active UI and clears watchdog before deadline (12.643018ms)
✔ date-night: AbortError settles active UI and clears watchdog before deadline (2.724136ms)
✔ date-night: never-settling/abort-ignoring RPC exits loading at 25s (3.569841ms)
✔ date-night: abort-compliant RPC exits loading at 25s (5.479129ms)
✔ date-night: late post-timeout success cannot overwrite timeout or a successful retry (7.175467ms)
✔ date-night: late post-timeout rejection cannot overwrite timeout or a successful retry (6.299285ms)
✔ date-night: replacement aborts old success; old settles first (6.550484ms)
✔ date-night: replacement aborts old success; new settles first (6.522442ms)
✔ date-night: replacement aborts old rejection; old settles first (8.521295ms)
✔ date-night: replacement aborts old rejection; new settles first (6.046665ms)
✔ date-night: unmount aborts/cleans up; success cannot write after unmount (6.170791ms)
✔ date-night: unmount aborts/cleans up; rejection cannot write after unmount (6.293697ms)
✔ date-night: unmount aborts/cleans up; pending cannot write after unmount (4.972125ms)
✔ date-night: radius update cancels obsolete transport or retains still-needed core; normal selection works (11.846347ms)
✔ date-night: timeout then retry success remains current when the first RPC finally resolves (7.162447ms)
✔ nightlife: success settles active UI and clears watchdog before deadline (61.272652ms)
✔ nightlife: fallback settles active UI and clears watchdog before deadline (3.791586ms)
✔ nightlife: error settles active UI and clears watchdog before deadline (7.068105ms)
✔ nightlife: AbortError settles active UI and clears watchdog before deadline (1.836038ms)
✔ nightlife: never-settling/abort-ignoring RPC exits loading at 25s (5.834545ms)
✔ nightlife: abort-compliant RPC exits loading at 25s (2.307939ms)
✔ nightlife: late post-timeout success cannot overwrite timeout or a successful retry (2.73997ms)
✔ nightlife: late post-timeout rejection cannot overwrite timeout or a successful retry (2.313958ms)
✔ nightlife: replacement aborts old success; old settles first (3.514007ms)
✔ nightlife: replacement aborts old success; new settles first (2.536944ms)
✔ nightlife: replacement aborts old rejection; old settles first (2.652148ms)
✔ nightlife: replacement aborts old rejection; new settles first (2.184272ms)
✔ nightlife: unmount aborts/cleans up; success cannot write after unmount (3.873598ms)
✔ nightlife: unmount aborts/cleans up; rejection cannot write after unmount (2.631717ms)
✔ nightlife: unmount aborts/cleans up; pending cannot write after unmount (1.828496ms)
✔ nightlife: radius update cancels obsolete transport or retains still-needed core; normal selection works (3.346645ms)
✔ nightlife: timeout then retry success remains current when the first RPC finally resolves (10.196966ms)
✔ Date Night: seasonal dependency replacement aborts the previous request (8.051526ms)
✔ pinned TanStack RPC forwards the exact controller signal to fetch and settles on abort (60.878592ms)
✔ shared lifecycle also settles synchronous RPC throws without leaving a watchdog (4.957572ms)
✔ dinner: headers stalls settle fallback within the provider bound (39.798088ms)
✔ dinner: headers stalls settle error within the provider bound (1.621595ms)
✔ dinner: body stalls settle fallback within the provider bound (30.968268ms)
✔ dinner: body stalls settle error within the provider bound (1.504087ms)
✔ dinner: first stall then second success returns at 8s and clears timers (7.826357ms)
✔ dinner: immediate 429 advances without delay; saved coverage and terminal error preserved (22.782649ms)
✔ dinner: immediate 500 advances without delay; saved coverage and terminal error preserved (16.652591ms)
✔ dinner: immediate 504 advances without delay; saved coverage and terminal error preserved (18.975802ms)
✔ dinner: immediate missing-elements advances without delay; saved coverage and terminal error preserved (12.506401ms)
✔ dinner: immediate remark advances without delay; saved coverage and terminal error preserved (11.686895ms)
✔ dinner: immediate invalid-json advances without delay; saved coverage and terminal error preserved (13.195028ms)
✔ dinner: valid empty results retain mode-specific mirror and source semantics (7.356699ms)
✔ dinner: normal first success is quiet, abort errors categorized, raw exceptions never logged (11.937904ms)
✔ date-night: headers stalls settle fallback within the provider bound (134.070504ms)
✔ date-night: headers stalls settle error within the provider bound (1.597097ms)
✔ date-night: body stalls settle fallback within the provider bound (1.713693ms)
✔ date-night: body stalls settle error within the provider bound (1.255713ms)
✔ date-night: first stall then second success returns at 1.5s and clears timers (2.946671ms)
✔ date-night: immediate 429 advances without delay; saved coverage and terminal error preserved (2.078212ms)
✔ date-night: immediate 500 advances without delay; saved coverage and terminal error preserved (1.818551ms)
✔ date-night: immediate 504 advances without delay; saved coverage and terminal error preserved (1.874705ms)
✔ date-night: immediate missing-elements advances without delay; saved coverage and terminal error preserved (2.028618ms)
✔ date-night: immediate remark advances without delay; saved coverage and terminal error preserved (2.26258ms)
✔ date-night: immediate invalid-json advances without delay; saved coverage and terminal error preserved (2.084832ms)
✔ date-night: valid empty results retain mode-specific mirror and source semantics (1.410216ms)
✔ date-night: normal first success is quiet, abort errors categorized, raw exceptions never logged (1.387351ms)
✔ nightlife: headers stalls settle fallback within the provider bound (3.016377ms)
✔ nightlife: headers stalls settle error within the provider bound (1.121861ms)
✔ nightlife: body stalls settle fallback within the provider bound (2.744467ms)
✔ nightlife: body stalls settle error within the provider bound (0.943833ms)
✔ nightlife: first stall then second success returns at 8s and clears timers (2.271324ms)
✔ nightlife: immediate 429 advances without delay; saved coverage and terminal error preserved (1.377046ms)
✔ nightlife: immediate 500 advances without delay; saved coverage and terminal error preserved (1.126908ms)
✔ nightlife: immediate 504 advances without delay; saved coverage and terminal error preserved (1.138657ms)
✔ nightlife: immediate missing-elements advances without delay; saved coverage and terminal error preserved (1.454452ms)
✔ nightlife: immediate remark advances without delay; saved coverage and terminal error preserved (1.527383ms)
✔ nightlife: immediate invalid-json advances without delay; saved coverage and terminal error preserved (1.494332ms)
✔ nightlife: valid empty results retain mode-specific mirror and source semantics (0.661788ms)
✔ nightlife: normal first success is quiet, abort errors categorized, raw exceptions never logged (1.036923ms)
✔ Dinner retains successful-empty precedence when subsequent mirrors exhaust the budget (2.757206ms)
✔ shared provider attempt uses native timer and real fetch body abort (117.166579ms)
✔ Nitro final streaming head: pickforus.app/ (24.02201ms)
✔ Nitro final streaming head: pickforus.app/settings (6.847932ms)
✔ Nitro final streaming head: pickforus.app/history (4.634015ms)
✔ Nitro final streaming head: pickforus.app/favorites (15.58952ms)
✔ Nitro final streaming head: dinner-roulette-chi.vercel.app/ (12.527084ms)
✔ Nitro final streaming head: dinner-roulette-chi.vercel.app/settings (3.385864ms)
✔ Nitro final streaming head: dinner-roulette-chi.vercel.app/history (2.218364ms)
✔ Nitro final streaming head: dinner-roulette-chi.vercel.app/favorites (5.083963ms)
✔ Nitro final streaming head: dinner-roulette-candidate-minions.vercel.app/ (2.794022ms)
✔ Nitro final streaming head: dinner-roulette-candidate-minions.vercel.app/settings (3.493265ms)
✔ Nitro final streaming head: dinner-roulette-candidate-minions.vercel.app/history (3.321577ms)
✔ Nitro final streaming head: dinner-roulette-candidate-minions.vercel.app/favorites (2.630234ms)
✔ canonical authority ignores stale public-host env and strips query/hash/trailing slash (1.188351ms)
✔ unknown/system/local hosts cannot become indexable canonical origins (1.141951ms)
✔ Nitro compatibility manifests match static public manifest without a workspace filesystem (6.368274ms)
✔ Nitro install tutorial has coherent identity, relative app link and noindex (3.234381ms)
✔ Nitro preserves non-document, non-GET and encoded responses (0.651232ms)
✔ Vite dev final response and installation endpoints (169.494019ms)
✔ Vite preview final response and installation endpoints (107.399774ms)
✔ injects before </head> (2.544907ms)
✔ injects the extensions script without a project id (0.34492ms)
✔ injects project id on the script and meta when provided (0.475227ms)
✔ does not duplicate grok:app_id (0.65032ms)
✔ omits x:creator tags without both creator values (1.182583ms)
✔ injects x:creator tags when both creator values are set (0.345991ms)
✔ escapes x:creator values (0.183447ms)
✔ does not duplicate x:creator tags (0.644922ms)
✔ platform chrome overwrites share-card metas and always sets og:title (0.468827ms)
✔ does not duplicate twitter:card or og:title (0.529127ms)
✔ a baked site.image is treated as a custom card (0.962991ms)
✔ baked identity does not need a workspace filesystem (0.410709ms)
✔ a public card file wins over a baked site without card=custom (0.654577ms)
✔ public/og.png wins when jpg is absent (0.344088ms)
✔ resolveOgCardAsset: disk file, then bake, then empty (placeholder) (0.689229ms)
✔ snapshotOgIdentity stamps card=custom from a public card file (0.405552ms)
✔ snapshotOgIdentity stamps banner from public/x-banner.jpg (0.39835ms)
✔ emits x:game:image for a public host when site.banner is set (0.267513ms)
✔ does not emit x:game:image without a public host or banner (0.331019ms)
✔ site title Grok App is a real name, not a sentinel (0.345971ms)
✔ published grok.me slug is still a title fallback (0.309026ms)
✔ rejects Vercel system hosts as og:image origins (0.248094ms)
✔ published VITE_PUBLIC_HOSTNAME wins over request Host for og:image (0.35831ms)
✔ vercel Host without a public hostname emits no og:image (0.186361ms)
✔ emits og:image for a public host and prefers a custom card (0.288815ms)
✔ placeholder og:image appends site.color when it is 6-digit hex (0.333903ms)
✔ document title entities are not double-escaped on og:title (0.250137ms)
✔ site.json title wins over the host slug (0.183527ms)
✔ injects into documents with no head element (0.380323ms)
✔ streaming injector matches </HEAD> case-insensitively (0.527355ms)
✔ does not duplicate the extensions script (2.619649ms)
✔ is idempotent (1.128922ms)
✔ uses the app name in the injected title tag (0.227082ms)
✔ streaming injector handles </head> split across chunks (0.507254ms)
✔ streaming injector passes post-head chunks through untouched (0.525652ms)
✔ streaming injector falls back when no </head> is seen (0.27224ms)
✔ detects install query (0.251479ms)
✔ filters non-document paths (0.436899ms)
✔ strips install params from the app link (0.173051ms)
✔ uses product identity as the host-name fallback (0.155925ms)
✔ rejects hosts that are not plain slugs (0.088674ms)
✔ renders install page markup (0.427785ms)
✔ escapes host-derived values in the install page (0.160021ms)
✔ renders the compatibility manifest with the product identity (0.252ms)
✔ vite config keeps the nitro serverDir wiring (0.190107ms)
✔ nitro middleware and its bundled assets exist (1.327901ms)
✔ vite plugin bakes og identity as a virtual module (0.154193ms)
✔ live favicon metadata uses the approved PNG with MIME and size (1.251166ms)
✔ public manifest has the exact unified PNG icon set (0.886116ms)
[discovery] provider-chain {
  mode: 'dinner',
  source: 'live',
  durationMs: 2,
  budgetExhausted: false,
  attempts: [
    { mirror: 1, durationMs: 0, outcome: 'empty' },
    { mirror: 2, durationMs: 0, outcome: 'empty' },
    { mirror: 3, durationMs: 0, outcome: 'empty' },
    { mirror: 4, durationMs: 0, outcome: 'empty' }
  ]
}
[discovery] provider-chain {
  mode: 'dinner',
  source: 'error',
  durationMs: 1,
  budgetExhausted: false,
  attempts: [
    { mirror: 1, durationMs: 1, outcome: 'malformed' },
    { mirror: 2, durationMs: 0, outcome: 'malformed' },
    { mirror: 3, durationMs: 0, outcome: 'malformed' },
    { mirror: 4, durationMs: 0, outcome: 'malformed' }
  ]
}
[discovery] provider-chain {
  mode: 'dinner',
  source: 'error',
  durationMs: 1,
  budgetExhausted: false,
  attempts: [
    { mirror: 1, durationMs: 0, outcome: 'malformed' },
    { mirror: 2, durationMs: 0, outcome: 'malformed' },
    { mirror: 3, durationMs: 0, outcome: 'malformed' },
    { mirror: 4, durationMs: 0, outcome: 'malformed' }
  ]
}
[discovery] provider-chain {
  mode: 'dinner',
  source: 'error',
  durationMs: 0,
  budgetExhausted: false,
  attempts: [
    { mirror: 1, durationMs: 0, outcome: 'network-error' },
    { mirror: 2, durationMs: 0, outcome: 'network-error' },
    { mirror: 3, durationMs: 0, outcome: 'network-error' },
    { mirror: 4, durationMs: 0, outcome: 'network-error' }
  ]
}
[discovery] provider-chain {
  mode: 'dinner',
  source: 'fallback',
  durationMs: 0,
  budgetExhausted: false,
  attempts: [
    { mirror: 1, durationMs: 0, outcome: 'network-error' },
    { mirror: 2, durationMs: 0, outcome: 'network-error' },
    { mirror: 3, durationMs: 0, outcome: 'network-error' },
    { mirror: 4, durationMs: 0, outcome: 'network-error' }
  ]
}
[discovery] provider-chain {
  mode: 'nightlife',
  source: 'live',
  durationMs: 0,
  budgetExhausted: false,
  attempts: [ { mirror: 1, durationMs: 0, outcome: 'empty' } ]
}
[discovery] provider-chain {
  mode: 'nightlife',
  source: 'error',
  durationMs: 1,
  budgetExhausted: false,
  attempts: [
    { mirror: 1, durationMs: 0, outcome: 'malformed' },
    { mirror: 2, durationMs: 0, outcome: 'malformed' },
    { mirror: 3, durationMs: 0, outcome: 'malformed' },
    { mirror: 4, durationMs: 0, outcome: 'malformed' }
  ]
}
[discovery] provider-chain {
  mode: 'nightlife',
  source: 'error',
  durationMs: 1,
  budgetExhausted: false,
  attempts: [
    { mirror: 1, durationMs: 0, outcome: 'malformed' },
    { mirror: 2, durationMs: 0, outcome: 'malformed' },
    { mirror: 3, durationMs: 0, outcome: 'malformed' },
    { mirror: 4, durationMs: 0, outcome: 'malformed' }
  ]
}
[discovery] provider-chain {
  mode: 'nightlife',
  source: 'error',
  durationMs: 0,
  budgetExhausted: false,
  attempts: [
    { mirror: 1, durationMs: 0, outcome: 'network-error' },
    { mirror: 2, durationMs: 0, outcome: 'network-error' },
    { mirror: 3, durationMs: 0, outcome: 'network-error' },
    { mirror: 4, durationMs: 0, outcome: 'network-error' }
  ]
}
[discovery] provider-chain {
  mode: 'nightlife',
  source: 'fallback',
  durationMs: 1,
  budgetExhausted: false,
  attempts: [
    { mirror: 1, durationMs: 0, outcome: 'network-error' },
    { mirror: 2, durationMs: 0, outcome: 'network-error' },
    { mirror: 3, durationMs: 1, outcome: 'network-error' },
    { mirror: 4, durationMs: 0, outcome: 'network-error' }
  ]
}
[discovery] provider-chain {
  mode: 'date-night',
  strategy: 'hedged',
  source: 'live',
  durationMs: 1,
  budgetExhausted: false,
  requestedGroups: 3,
  successfulGroups: 3,
  failedGroups: 0,
  partial: false,
  groups: [
    {
      group: 'entertainment',
      outcome: 'empty',
      durationMs: 0,
      winnerMirror: 1
    },
    {
      group: 'culture',
      outcome: 'empty',
      durationMs: 0,
      winnerMirror: 1
    },
    {
      group: 'outdoor',
      outcome: 'empty',
      durationMs: 0,
      winnerMirror: 1
    }
  ],
  attempts: [
    {
      group: 'culture',
      mirror: 1,
      hedgeOffsetMs: 0,
      durationMs: 0,
      outcome: 'empty'
    },
    {
      group: 'entertainment',
      mirror: 1,
      hedgeOffsetMs: 0,
      durationMs: 0,
      outcome: 'empty'
    },
    {
      group: 'outdoor',
      mirror: 1,
      hedgeOffsetMs: 0,
      durationMs: 0,
      outcome: 'empty'
    }
  ]
}
[discovery] provider-chain {
  mode: 'date-night',
  strategy: 'hedged',
  source: 'error',
  durationMs: 2,
  budgetExhausted: false,
  requestedGroups: 3,
  successfulGroups: 0,
  failedGroups: 3,
  partial: false,
  groups: [
    { group: 'entertainment', outcome: 'failed', durationMs: 2 },
    { group: 'culture', outcome: 'failed', durationMs: 2 },
    { group: 'outdoor', outcome: 'failed', durationMs: 2 }
  ],
  attempts: [
    {
      group: 'culture',
      mirror: 1,
      hedgeOffsetMs: 0,
      durationMs: 1,
      outcome: 'malformed'
    },
    {
      group: 'culture',
      mirror: 2,
      hedgeOffsetMs: 1,
      durationMs: 0,
      outcome: 'malformed'
    },
    {
      group: 'culture',
      mirror: 3,
      hedgeOffsetMs: 1,
      durationMs: 0,
      outcome: 'malformed'
    },
    {
      group: 'culture',
      mirror: 4,
      hedgeOffsetMs: 1,
      durationMs: 0,
      outcome: 'malformed'
    },
    {
      group: 'entertainment',
      mirror: 1,
      hedgeOffsetMs: 0,
      durationMs: 1,
      outcome: 'malformed'
    },
    {
      group: 'entertainment',
      mirror: 2,
      hedgeOffsetMs: 1,
      durationMs: 0,
      outcome: 'malformed'
    },
    {
      group: 'entertainment',
      mirror: 3,
      hedgeOffsetMs: 1,
      durationMs: 0,
      outcome: 'malformed'
    },
    {
      group: 'entertainment',
      mirror: 4,
      hedgeOffsetMs: 1,
      durationMs: 0,
      outcome: 'malformed'
    },
    {
      group: 'outdoor',
      mirror: 1,
      hedgeOffsetMs: 0,
      durationMs: 0,
      outcome: 'malformed'
    },
    {
      group: 'outdoor',
      mirror: 2,
      hedgeOffsetMs: 0,
      durationMs: 0,
      outcome: 'malformed'
    },
    {
      group: 'outdoor',
      mirror: 3,
      hedgeOffsetMs: 1,
      durationMs: 0,
      outcome: 'malformed'
    },
    {
      group: 'outdoor',
      mirror: 4,
      hedgeOffsetMs: 1,
      durationMs: 0,
      outcome: 'malformed'
    }
  ]
}
[discovery] provider-chain {
  mode: 'date-night',
  strategy: 'hedged',
  source: 'error',
  durationMs: 4,
  budgetExhausted: false,
  requestedGroups: 3,
  successfulGroups: 0,
  failedGroups: 3,
  partial: false,
  groups: [
    { group: 'entertainment', outcome: 'failed', durationMs: 4 },
    { group: 'culture', outcome: 'failed', durationMs: 4 },
    { group: 'outdoor', outcome: 'failed', durationMs: 3 }
  ],
  attempts: [
    {
      group: 'culture',
      mirror: 1,
      hedgeOffsetMs: 0,
      durationMs: 2,
      outcome: 'malformed'
    },
    {
      group: 'culture',
      mirror: 2,
      hedgeOffsetMs: 2,
      durationMs: 0,
      outcome: 'malformed'
    },
    {
      group: 'culture',
      mirror: 3,
      hedgeOffsetMs: 3,
      durationMs: 0,
      outcome: 'malformed'
    },
    {
      group: 'culture',
      mirror: 4,
      hedgeOffsetMs: 3,
      durationMs: 0,
      outcome: 'malformed'
    },
    {
      group: 'entertainment',
      mirror: 1,
      hedgeOffsetMs: 0,
      durationMs: 2,
      outcome: 'malformed'
    },
    {
      group: 'entertainment',
      mirror: 2,
      hedgeOffsetMs: 2,
      durationMs: 0,
      outcome: 'malformed'
    },
    {
      group: 'entertainment',
      mirror: 3,
      hedgeOffsetMs: 3,
      durationMs: 0,
      outcome: 'malformed'
    },
    {
      group: 'entertainment',
      mirror: 4,
      hedgeOffsetMs: 3,
      durationMs: 0,
      outcome: 'malformed'
    },
    {
      group: 'outdoor',
      mirror: 1,
      hedgeOffsetMs: 0,
      durationMs: 2,
      outcome: 'malformed'
    },
    {
      group: 'outdoor',
      mirror: 2,
      hedgeOffsetMs: 2,
      durationMs: 0,
      outcome: 'malformed'
    },
    {
      group: 'outdoor',
      mirror: 3,
      hedgeOffsetMs: 3,
      durationMs: 0,
      outcome: 'malformed'
    },
    {
      group: 'outdoor',
      mirror: 4,
      hedgeOffsetMs: 3,
      durationMs: 0,
      outcome: 'malformed'
    }
  ]
}
[discovery] provider-chain {
  mode: 'date-night',
  strategy: 'hedged',
  source: 'error',
  durationMs: 1,
  budgetExhausted: false,
  requestedGroups: 3,
  successfulGroups: 0,
  failedGroups: 3,
  partial: false,
  groups: [
    { group: 'entertainment', outcome: 'failed', durationMs: 1 },
    { group: 'culture', outcome: 'failed', durationMs: 1 },
    { group: 'outdoor', outcome: 'failed', durationMs: 0 }
  ],
  attempts: [
    {
      group: 'culture',
      mirror: 1,
      hedgeOffsetMs: 0,
      durationMs: 0,
      outcome: 'network-error'
    },
    {
      group: 'culture',
      mirror: 2,
      hedgeOffsetMs: 0,
      durationMs: 0,
      outcome: 'network-error'
    },
    {
      group: 'culture',
      mirror: 3,
      hedgeOffsetMs: 0,
      durationMs: 0,
      outcome: 'network-error'
    },
    {
      group: 'culture',
      mirror: 4,
      hedgeOffsetMs: 0,
      durationMs: 0,
      outcome: 'network-error'
    },
    {
      group: 'entertainment',
      mirror: 1,
      hedgeOffsetMs: 0,
      durationMs: 0,
      outcome: 'network-error'
    },
    {
      group: 'entertainment',
      mirror: 2,
      hedgeOffsetMs: 0,
      durationMs: 0,
      outcome: 'network-error'
    },
    {
      group: 'entertainment',
      mirror: 3,
      hedgeOffsetMs: 0,
      durationMs: 0,
      outcome: 'network-error'
    },
    {
      group: 'entertainment',
      mirror: 4,
      hedgeOffsetMs: 0,
      durationMs: 0,
      outcome: 'network-error'
    },
    {
      group: 'outdoor',
      mirror: 1,
      hedgeOffsetMs: 0,
      durationMs: 0,
      outcome: 'network-error'
    },
    {
      group: 'outdoor',
      mirror: 2,
      hedgeOffsetMs: 0,
      durationMs: 0,
      outcome: 'network-error'
    },
    {
      group: 'outdoor',
      mirror: 3,
      hedgeOffsetMs: 0,
      durationMs: 0,
      outcome: 'network-error'
    },
    {
      group: 'outdoor',
      mirror: 4,
      hedgeOffsetMs: 0,
      durationMs: 0,
      outcome: 'network-error'
    }
  ]
}
[discovery] provider-chain {
  mode: 'date-night',
  strategy: 'hedged',
  source: 'fallback',
  durationMs: 1,
  budgetExhausted: false,
  requestedGroups: 3,
  successfulGroups: 0,
  failedGroups: 3,
  partial: false,
  groups: [
    { group: 'entertainment', outcome: 'failed', durationMs: 1 },
    { group: 'culture', outcome: 'failed', durationMs: 1 },
    { group: 'outdoor', outcome: 'failed', durationMs: 1 }
  ],
  attempts: [
    {
      group: 'culture',
      mirror: 1,
      hedgeOffsetMs: 0,
      durationMs: 0,
      outcome: 'network-error'
    },
    {
      group: 'culture',
      mirror: 2,
      hedgeOffsetMs: 0,
      durationMs: 0,
      outcome: 'network-error'
    },
    {
      group: 'culture',
      mirror: 3,
      hedgeOffsetMs: 0,
      durationMs: 0,
      outcome: 'network-error'
    },
    {
      group: 'culture',
      mirror: 4,
      hedgeOffsetMs: 1,
      durationMs: 0,
      outcome: 'network-error'
    },
    {
      group: 'entertainment',
      mirror: 1,
      hedgeOffsetMs: 0,
      durationMs: 0,
      outcome: 'network-error'
    },
    {
      group: 'entertainment',
      mirror: 2,
      hedgeOffsetMs: 0,
      durationMs: 0,
      outcome: 'network-error'
    },
    {
      group: 'entertainment',
      mirror: 3,
      hedgeOffsetMs: 1,
      durationMs: 0,
      outcome: 'network-error'
    },
    {
      group: 'entertainment',
      mirror: 4,
      hedgeOffsetMs: 1,
      durationMs: 0,
      outcome: 'network-error'
    },
    {
      group: 'outdoor',
      mirror: 1,
      hedgeOffsetMs: 0,
      durationMs: 0,
      outcome: 'network-error'
    },
    {
      group: 'outdoor',
      mirror: 2,
      hedgeOffsetMs: 0,
      durationMs: 0,
      outcome: 'network-error'
    },
    {
      group: 'outdoor',
      mirror: 3,
      hedgeOffsetMs: 0,
      durationMs: 0,
      outcome: 'network-error'
    },
    {
      group: 'outdoor',
      mirror: 4,
      hedgeOffsetMs: 0,
      durationMs: 0,
      outcome: 'network-error'
    }
  ]
}
[discovery] provider-chain {
  mode: 'nightlife',
  source: 'merged',
  durationMs: 0,
  budgetExhausted: false,
  attempts: [ { mirror: 1, durationMs: 0, outcome: 'empty' } ]
}
[discovery] provider-chain {
  mode: 'date-night',
  strategy: 'hedged',
  source: 'merged',
  durationMs: 1,
  budgetExhausted: false,
  requestedGroups: 3,
  successfulGroups: 3,
  failedGroups: 0,
  partial: false,
  groups: [
    {
      group: 'entertainment',
      outcome: 'empty',
      durationMs: 1,
      winnerMirror: 1
    },
    {
      group: 'culture',
      outcome: 'empty',
      durationMs: 1,
      winnerMirror: 1
    },
    {
      group: 'outdoor',
      outcome: 'empty',
      durationMs: 1,
      winnerMirror: 1
    }
  ],
  attempts: [
    {
      group: 'culture',
      mirror: 1,
      hedgeOffsetMs: 0,
      durationMs: 1,
      outcome: 'empty'
    },
    {
      group: 'entertainment',
      mirror: 1,
      hedgeOffsetMs: 0,
      durationMs: 1,
      outcome: 'empty'
    },
    {
      group: 'outdoor',
      mirror: 1,
      hedgeOffsetMs: 0,
      durationMs: 1,
      outcome: 'empty'
    }
  ]
}
✔ restaurants: six locations reach the real coordinate query and normalize local results (13.532407ms)
✔ restaurants: valid empty areas, all-mirror outage, and coordinate validation remain distinct (32.762162ms)
✔ nightlife and casinos: six locations reach the real coordinate query and normalize local results (7.729551ms)
✔ nightlife and casinos: valid empty areas, all-mirror outage, and coordinate validation remain distinct (6.304693ms)
✔ date night: six locations reach the real coordinate query and normalize local results (21.107866ms)
✔ date night: valid empty areas, all-mirror outage, and coordinate validation remain distinct (15.277808ms)
✔ restaurant distance, cuisine and price filters behave with Canadian results (1.675055ms)
✔ local closure exclusions do not hide same-named international businesses (7.314305ms)
✔ Maps destinations preserve exact Canadian/U.S. points and encode legacy international addresses (1.058716ms)
✔ stored legacy U.S. locations and country metadata survive hydration; corrupt coordinates fall back (57.77229ms)
✔ spatial restaurant dedupe exactly preserves name rules, source priority, ordering and radius boundaries (5.781865ms)
✔ spatial restaurant candidates preserve duplicates across the antimeridian and near both poles (0.574846ms)
✔ dense international pools preserve thousands of distinct restaurants and duplicate identities (179.405326ms)
✔ _migrations keys on basename, not path (1.934426ms)
✔ a file already applied from another directory does not re-apply (13.195329ms)
✔ pending migrations are returned in name order (28.469763ms)
✔ non-.sql entries are dropped (readdir also yields the auth/ directory) (0.564981ms)
✔ the auth schema ships outside the globbed directory (1.501924ms)
✔ this workspace's auth schema copy is byte-identical to its source (0.340503ms)
✔ the copy check reads both files and catches an edit (2.066695ms)
✔ absent external workspace package gets an explicit skip reason (0.824523ms)
✔ installed documentation contracts are not skipped (0.239861ms)
✔ required documentation cannot be skipped even when absent (0.153862ms)
✔ parsePreviewArgs accepts the two actions (1.476325ms)
✔ parsePreviewArgs rejects missing, unknown and extra arguments (0.214483ms)
✔ parsePid reads a pidfile and rejects junk (0.156345ms)
✔ parsePgid reads the pgrp field past a comm containing spaces (0.208375ms)
✔ parseListenerInodes picks LISTEN sockets on the wanted port only (0.466092ms)
✔ parseListenerInodes reads the tcp6 dump the same way (0.390489ms)
✔ looksLikePreviewProcess matches the npm wrapper and its vite child (0.313883ms)
✔ looksLikePreviewProcess spares the sibling scripts and re-used pids (0.157257ms)
✔ previewOwners trusts port owners and dedupes the pidfile pid (0.177548ms)
✔ previewOwners adds a pidfile pid whose command line is still the preview (0.325571ms)
✔ previewOwners drops a stale pidfile pid re-used by another process (0.183146ms)
✔ previewOwners drops a pidfile pid that no longer exists (0.21182ms)
✔ previewOwners on a free port with no pidfile signals nothing (0.109766ms)
✔ stopOutcome fails when a pid survives or the port is still held (0.199842ms)
✔ stopOutcome reports a verified free port (0.625123ms)
✔ stopOutcome fails on a listener whose owner cannot be attributed (0.619504ms)
✔ terminatePids SIGTERMs live pids and skips dead ones (0.335886ms)
✔ terminatePids escalates to SIGKILL when SIGTERM is ignored (4.108973ms)
✔ terminatePids reports a pid that survives SIGKILL as stubborn (0.28519ms)
✔ terminatePids on a free port signals nothing (0.227332ms)
✔ light Dinner artwork retains the visually correct cuisine in its own asset pack (1.686071ms)
✔ dark Dinner artwork preserves the accepted visually verified mapping (0.461125ms)
✔ specific Dinner cuisines outrank broad provider categories without guessing food for generic venues (0.343077ms)
✔ Nightlife result artwork covers all approved categories and preserves Casino precedence (0.301515ms)
[discovery] provider-chain {
  mode: 'date-night',
  strategy: 'hedged',
  source: 'merged',
  durationMs: 2,
  budgetExhausted: false,
  requestedGroups: 4,
  successfulGroups: 4,
  failedGroups: 0,
  partial: false,
  groups: [
    {
      group: 'seasonal',
      outcome: 'empty',
      durationMs: 1,
      winnerMirror: 1
    },
    {
      group: 'entertainment',
      outcome: 'empty',
      durationMs: 1,
      winnerMirror: 1
    },
    {
      group: 'culture',
      outcome: 'empty',
      durationMs: 1,
      winnerMirror: 1
    },
    {
      group: 'outdoor',
      outcome: 'empty',
      durationMs: 1,
      winnerMirror: 1
    }
  ],
  attempts: [
    {
      group: 'culture',
      mirror: 1,
      hedgeOffsetMs: 0,
      durationMs: 1,
      outcome: 'empty'
    },
    {
      group: 'entertainment',
      mirror: 1,
      hedgeOffsetMs: 0,
      durationMs: 1,
      outcome: 'empty'
    },
    {
      group: 'outdoor',
      mirror: 1,
      hedgeOffsetMs: 0,
      durationMs: 1,
      outcome: 'empty'
    },
    {
      group: 'seasonal',
      mirror: 1,
      hedgeOffsetMs: 0,
      durationMs: 1,
      outcome: 'empty'
    }
  ]
}
[discovery] provider-chain {
  mode: 'date-night',
  strategy: 'hedged',
  source: 'fallback',
  durationMs: 1,
  budgetExhausted: false,
  requestedGroups: 1,
  successfulGroups: 0,
  failedGroups: 1,
  partial: false,
  groups: [ { group: 'seasonal', outcome: 'failed', durationMs: 1 } ],
  attempts: [
    {
      group: 'seasonal',
      mirror: 1,
      hedgeOffsetMs: 0,
      durationMs: 0,
      outcome: 'network-error'
    },
    {
      group: 'seasonal',
      mirror: 2,
      hedgeOffsetMs: 0,
      durationMs: 0,
      outcome: 'network-error'
    },
    {
      group: 'seasonal',
      mirror: 3,
      hedgeOffsetMs: 0,
      durationMs: 0,
      outcome: 'network-error'
    },
    {
      group: 'seasonal',
      mirror: 4,
      hedgeOffsetMs: 0,
      durationMs: 0,
      outcome: 'network-error'
    }
  ]
}
[discovery] provider-chain {
  mode: 'date-night',
  strategy: 'hedged',
  source: 'live',
  durationMs: 1,
  budgetExhausted: false,
  requestedGroups: 3,
  successfulGroups: 3,
  failedGroups: 0,
  partial: false,
  groups: [
    {
      group: 'entertainment',
      outcome: 'empty',
      durationMs: 1,
      winnerMirror: 1
    },
    {
      group: 'culture',
      outcome: 'empty',
      durationMs: 1,
      winnerMirror: 1
    },
    {
      group: 'outdoor',
      outcome: 'empty',
      durationMs: 1,
      winnerMirror: 1
    }
  ],
  attempts: [
    {
      group: 'culture',
      mirror: 1,
      hedgeOffsetMs: 0,
      durationMs: 1,
      outcome: 'empty'
    },
    {
      group: 'entertainment',
      mirror: 1,
      hedgeOffsetMs: 0,
      durationMs: 1,
      outcome: 'empty'
    },
    {
      group: 'outdoor',
      mirror: 1,
      hedgeOffsetMs: 0,
      durationMs: 1,
      outcome: 'empty'
    }
  ]
}
✔ Exeter's actual theme-park record is acquired by the real seasonal query and reaches the eligible pool (36.420276ms)
✔ precise activity evidence admits corn, pumpkin and haunted trail without admitting generic places (8.198677ms)
✔ same identity preserves C/P, provenance, stable ID and representative metadata in either provider order (8.592001ms)
✔ structured lifecycle cannot survive eligibility or be resurrected by an active duplicate (4.136325ms)
✔ all availability states share one OFF/ON policy, including expiry and next-year revalidation (3.061785ms)
✔ all seven seasonal selections preserve union and the radius boundary (15.048262ms)
✔ saved-only successful sparse coverage, missing categories and provider outage remain distinct (6.640168ms)
✔ per-category provenance never labels a saved haunt as live because its ordinary park duplicate is live (9.365427ms)
✔ ordinary Date Night and seasonal toggle still work internationally; unknown hours fail strict ON (4.022082ms)
✔ Halloween caution: live loading/settlement retains controls, counts and selections (339.030169ms)
✔ Halloween caution: merged loading/settlement retains controls, counts and selections (217.206149ms)
✔ Halloween caution: fallback loading/settlement retains controls, counts and selections (200.272579ms)
✔ ordinary Date Night caution absent: seasonal toggle off; controls/count/selection remain (270.79352ms)
✔ ordinary Date Night caution absent: outside Halloween season; controls/count/selection remain (134.130344ms)
✔ dinner: Halloween caution remains absent during loading and after settlement (46.352076ms)
✔ nightlife: Halloween caution remains absent during loading and after settlement (14.803504ms)
[discovery] provider-chain {
  mode: 'date-night',
  strategy: 'hedged',
  source: 'merged',
  durationMs: 1,
  budgetExhausted: false,
  requestedGroups: 4,
  successfulGroups: 4,
  failedGroups: 0,
  partial: false,
  groups: [
    {
      group: 'seasonal',
      outcome: 'empty',
      durationMs: 1,
      winnerMirror: 1
    },
    {
      group: 'entertainment',
      outcome: 'empty',
      durationMs: 1,
      winnerMirror: 1
    },
    {
      group: 'culture',
      outcome: 'empty',
      durationMs: 1,
      winnerMirror: 1
    },
    {
      group: 'outdoor',
      outcome: 'empty',
      durationMs: 1,
      winnerMirror: 1
    }
  ],
  attempts: [
    {
      group: 'culture',
      mirror: 1,
      hedgeOffsetMs: 0,
      durationMs: 1,
      outcome: 'empty'
    },
    {
      group: 'entertainment',
      mirror: 1,
      hedgeOffsetMs: 0,
      durationMs: 1,
      outcome: 'empty'
    },
    {
      group: 'outdoor',
      mirror: 1,
      hedgeOffsetMs: 0,
      durationMs: 1,
      outcome: 'empty'
    },
    {
      group: 'seasonal',
      mirror: 1,
      hedgeOffsetMs: 0,
      durationMs: 1,
      outcome: 'empty'
    }
  ]
}
[discovery] provider-chain {
  mode: 'date-night',
  strategy: 'hedged',
  source: 'merged',
  durationMs: 2,
  budgetExhausted: false,
  requestedGroups: 1,
  successfulGroups: 1,
  failedGroups: 0,
  partial: false,
  groups: [
    {
      group: 'seasonal',
      outcome: 'empty',
      durationMs: 2,
      winnerMirror: 1
    }
  ],
  attempts: [
    {
      group: 'seasonal',
      mirror: 1,
      hedgeOffsetMs: 0,
      durationMs: 2,
      outcome: 'empty'
    }
  ]
}
✔ actual component: handler → count/options/pick/plan and all seven category combinations (189.945844ms)
✔ actual component: OFF/ON/OFF, labels, saved-only disclosure, and clock-dependent pool/overlay refresh (157.551396ms)
✔ actual component displays schedule uncertainty distinctly for live weekly-hours-only venues (128.61471ms)
✔ V-F03-01 actual component: not-operating stays excluded before and after revalidation expiry (155.873007ms)
✔ V-F03-01 actual component: an expired negative cannot fill a plan until stored positive evidence replaces it (400.677569ms)
✔ V-F03-01 control: positive calendar expiry remains uncertain OFF and refreshes ON result/options/plan (143.314477ms)
✔ real clock hook refreshes at minute boundaries and focus/visibility resume, then cleans up (11.905355ms)
✔ retained regional provider captures replay through the new handler without generic-maze false positives (8430.852465ms)
✔ invented identity matrix produces seven eligible occurrences, four quarantines and closure tombstone (164.17816ms)
✔ strict unknown field rejection: root (2.875785ms)
✔ strict unknown field rejection: occurrence (1.758351ms)
✔ strict unknown field rejection: source (1.741635ms)
✔ strict unknown field rejection: assertion (1.386851ms)
✔ strict unknown field rejection: coordinate (1.502905ms)
✔ strict unknown field rejection: address (1.271487ms)
✔ fact-only rejection: review (1.794505ms)
✔ fact-only rejection: description (1.482685ms)
✔ fact-only rejection: photos (4.904773ms)
✔ fact-only rejection: logos (1.721014ms)
✔ fact-only rejection: screenshots (1.005796ms)
✔ fact-only rejection: ranking (0.970993ms)
✔ fact-only rejection: popularity (0.943282ms)
✔ fact-only rejection: rating (0.694627ms)
✔ fact-only rejection: price (1.019046ms)
✔ fact-only rejection: articleText (1.062722ms)
✔ malformed schema/version, nonfinite coordinate and invalid date are rejected (3.347526ms)
✔ name/address/URL overflow fails explicitly (3.979493ms)
✔ exact 100 publication limit accepted, 101 rejected (381.117697ms)
✔ 512 reviewed identities includes locations, quarantined and tombstone records (21.688161ms)
✔ 20 observations accepted, 21 rejected without provenance truncation (10.678215ms)
✔ runtime byte ceiling fails rather than truncating (697.887162ms)
✔ Unicode NFC and whitespace normalize while display capitalization is preserved (4.111958ms)
✔ conflicts quarantine, explicit review resolves and preserves all assertion/source IDs (6.587029ms)
✔ incomplete resolution, selected conflicts and overlapping sets are rejected (2.935604ms)
✔ current footer year is not season evidence: footer-only (2.530674ms)
✔ current footer year is not season evidence: absent (3.508514ms)
✔ historical/unconfirmed and mismatched season/year evidence quarantine (24.05001ms)
✔ all scoped negative lifecycle states survive in tombstones and exclude affected occurrences (12.855677ms)
✔ occurrence cancellation does not close other events at the venue (3.825395ms)
✔ operator lifecycle applies to its events (3.605325ms)
✔ venue lifecycle applies to its events (3.940449ms)
✔ past seasonal cancellation interval does not cancel this year's event (3.613938ms)
✔ unscoped negative, wrong scope and unsupported lifecycle evidence fail (6.648491ms)
✔ closed attraction with active duplicate is excluded and terminal evidence retained (29.17172ms)
✔ moved venue uses the new location version and explicit moved-from relationship (44.433169ms)
✔ same address, category and generic farm preserve distinct event identity (105.373073ms)
✔ missing OSM eligible; explicit OSM/web/catalog crosswalk has one event (20.428692ms)
✔ recurring next-year occurrences retain different IDs and prior-year relation (25.460847ms)
✔ explicit same-event and alias decisions combine evidence before any dedupe (6.673098ms)
✔ do-not-merge overrides direct and transitive equivalence (1.337426ms)
✔ cyclic identity and unsupported crosswalk decisions reject (5.026416ms)
✔ stable IDs reject mutable name/address derivation and do not change with spelling (3.649711ms)
✔ entire output and content revision are deterministic independent of input ordering (85.918329ms)
✔ candidate and unresolved coordinates never enter radius-ready facts (4.632513ms)
✔ coordinate review and fingerprint are required; moved address cannot reuse old point (1.656897ms)
✔ calendar/timezone remain explicit with local overnight closing semantics (5.637698ms)
✔ missing field/record is not deletion; previous facts retain their checkedAt (7.730012ms)
✔ failed refresh preserves last-good bytes and freshness; immutable evidence cannot be replaced (9.405486ms)
✔ terminal negatives survive omission in later refresh (5.907154ms)
✔ schema/manifest mismatch fails atomically and leaves output bytes unchanged (21.830485ms)
✔ tampered manifest freshness/count or runtime data is rejected (12.588204ms)
✔ adapters are disabled by default; true cannot be parsed (0.718573ms)
✔ permission review cannot be bypassed by public reachability, approval flag, expiry or automatic mode (1.238617ms)
✔ hostile URL rejected: http://seasonal.invalid/events/a (0.247784ms)
✔ hostile URL rejected: https://seasonal.invalid:444/events/a (0.160522ms)
✔ hostile URL rejected: https://u:p@seasonal.invalid/events/a (0.142595ms)
✔ hostile URL rejected: https://@seasonal.invalid/events/a (0.109505ms)
✔ hostile URL rejected: https://127.0.0.1/events/a (0.157097ms)
✔ hostile URL rejected: https://2130706433/events/a (0.122365ms)
✔ hostile URL rejected: https://0x7f000001/events/a (0.100091ms)
✔ hostile URL rejected: https://[::ffff:127.0.0.1]/events/a (0.096796ms)
✔ hostile URL rejected: https://seasonal.invalid.evil.invalid/events/a (0.162364ms)
✔ hostile URL rejected: https://seasonal.invalid./events/a (0.159751ms)
✔ hostile URL rejected: https://seasonal.invalid/other (0.236556ms)
✔ hostile URL rejected: https://seasonal.invalid/events-other (0.113281ms)
✔ hostile URL rejected: https://seasonal.invalid/events/../events/a (0.096366ms)
✔ hostile URL rejected: https://seasonal.invalid/events/%2e%2e/a (0.184588ms)
✔ hostile URL rejected: https://seasonal.invalid/events/%252f/a (0.144087ms)
✔ hostile URL rejected: https://seasonal.invalid/events/a#x (0.114283ms)
✔ hostile URL rejected: https://seasonal.invalid/events/a?redirect=https://bad.invalid (0.115053ms)
✔ hostile URL rejected: https://seasonal.invalid/events/a?year=2026&year=2027 (0.203036ms)
✔ hostile URL rejected: https://seasonal.invalid/events/a?year=2025 (0.111027ms)
✔ hostile URL rejected: https://seasonal.invalid\@bad.invalid/events/a (0.11301ms)
✔ hostile URL rejected: file:///events/a (0.09289ms)
✔ exact synthetic HTTPS host, port 443, path and allowed query pass pure policy (0.19938ms)
✔ SSRF reserved/private/mapped address denied: 0.0.0.0 (0.319151ms)
✔ SSRF reserved/private/mapped address denied: 10.1.2.3 (0.151829ms)
✔ SSRF reserved/private/mapped address denied: 100.100.100.200 (0.05361ms)
✔ SSRF reserved/private/mapped address denied: 127.0.0.1 (0.113992ms)
✔ SSRF reserved/private/mapped address denied: 169.254.169.254 (0.093591ms)
✔ SSRF reserved/private/mapped address denied: 172.31.255.255 (0.058819ms)
✔ SSRF reserved/private/mapped address denied: 192.168.1.1 (0.056275ms)
✔ SSRF reserved/private/mapped address denied: 192.0.2.1 (0.055974ms)
✔ SSRF reserved/private/mapped address denied: 198.18.0.1 (0.059179ms)
✔ SSRF reserved/private/mapped address denied: 198.51.100.1 (0.047702ms)
✔ SSRF reserved/private/mapped address denied: 203.0.113.1 (0.09982ms)
✔ SSRF reserved/private/mapped address denied: 224.0.0.1 (0.056866ms)
✔ SSRF reserved/private/mapped address denied: 255.255.255.255 (0.082975ms)
✔ SSRF reserved/private/mapped address denied: 168.63.129.16 (0.051357ms)
✔ SSRF reserved/private/mapped address denied: :: (0.202024ms)
✔ SSRF reserved/private/mapped address denied: ::1 (0.103215ms)
✔ SSRF reserved/private/mapped address denied: ::ffff:127.0.0.1 (0.065188ms)
✔ SSRF reserved/private/mapped address denied: ::ffff:7f00:1 (0.049114ms)
✔ SSRF reserved/private/mapped address denied: ::ffff:8.8.8.8 (0.043546ms)
✔ SSRF reserved/private/mapped address denied: 64:ff9b::a00:1 (0.049224ms)
✔ SSRF reserved/private/mapped address denied: fc00::1 (0.09303ms)
✔ SSRF reserved/private/mapped address denied: fe80::1 (0.056104ms)
✔ SSRF reserved/private/mapped address denied: ff02::1 (0.041613ms)
✔ SSRF reserved/private/mapped address denied: 2001:db8::1 (0.051187ms)
✔ SSRF reserved/private/mapped address denied: 2002:7f00:1:: (0.157087ms)
✔ SSRF reserved/private/mapped address denied: 3fff::1 (0.136806ms)
✔ SSRF reserved/private/mapped address denied: fe80::1%eth0 (0.081323ms)
✔ DNS answers all validated, peer pinned; equivalent public IPv6 spellings compare equal (0.694006ms)
✔ each redirect target revalidated, maximum two redirects (0.552212ms)
✔ bounded headers/wire/decompressed body/deadline/DOM/JSON-LD/request budget (0.570971ms)
✔ no executable extraction or fallback capability is exposed (0.198228ms)
✔ unmocked network attempts remain zero when guard is preloaded (1.076833ms)
✔ preview: a successful sign-out clears the token, then redirects (1.91053ms)
✔ preview: a rejected sign-out still clears the token and redirects (0.226161ms)
✔ preview: a sign-out that throws synchronously still clears and redirects (0.171338ms)
✔ preview: a sign-out that never settles clears and redirects once the wait expires (10.853109ms)
✔ preview: no bearer means nothing to invalidate, so no request is made (0.542728ms)
✔ preview: a stored bearer is still invalidated server-side (0.146421ms)
✔ deployed: a confirmed sign-out clears the token, then redirects (2.360163ms)
✔ deployed: a sign-out that never settles throws and does NOT redirect (21.576817ms)
✔ deployed: a rejected sign-out throws and does NOT redirect (0.551512ms)
✔ deployed: the timeout is distinguishable from a rejection (20.625569ms)
✔ settleWithin reports the outcome and never rejects (21.0774ms)
✔ settleWithin waits its full window, then gives up rather than hanging (0.766646ms)
✔ pre-sign-in: the preview clear gives up at the preview bound (0.668357ms)
✔ pre-sign-in: a deployed session gets the deployed window, not the preview one (0.562308ms)
✔ pre-sign-in: a failed clear never blocks sign-in (0.372771ms)
✔ pre-sign-in: the preview skips the request when there is no bearer (0.155925ms)
✔ every sign-out bound comes from one rule (0.091418ms)
✔ the defaults are bounded, and deployed waits longer than preview (0.270307ms)
✖ all five actual compiled application POST functions succeed through the client codec (1.011965ms)
✖ Date Night seasonal on/off survives real transport with a fixed October date (0.088083ms)
✖ invalid application coordinates and queries produce decoded Errors without providers (0.067962ms)
✖ GET legitimate Seroval values, thrown Errors and falsy returns (0.076846ms)
✖ GET ignores inert internal result/error fields, including failed validation (0.107041ms)
✖ GET safely serializes response-shaped data and preserves real Response (0.085068ms)
✖ POST legitimate Seroval values, thrown Errors and falsy returns (0.071688ms)
✖ POST ignores inert internal result/error fields, including failed validation (0.124177ms)
✖ POST safely serializes response-shaped data and preserves real Response (0.123546ms)
✖ compiled application and fixture enforce CSRF and methods before providers (0.128554ms)
✖ searchRestaurants compiled provider chain terminates at its total deadline with aborted attempts (0.130296ms)
✖ searchDateNight compiled provider chain terminates at its total deadline with aborted attempts (0.069114ms)
✖ searchNightlife compiled provider chain terminates at its total deadline with aborted attempts (0.062304ms)
✖ real client transport cancels an in-flight HTTP request within a bounded deadline (0.086811ms)
✖ /workspace/scratch/72d37ae520f2/dinner-roulette/scripts/tanstack-security.test.mjs (0.45793ms)
✔ both suites execute with the current Node and success exits zero (2.775142ms)
✔ script failure cannot suppress application tests or become success (0.295856ms)
✔ application failures make the overall command fail (0.254263ms)
✔ spawn errors and terminated children are failures, not false greens (0.249486ms)
✔ keeps VITE_-prefixed string entries (2.49449ms)
✔ drops non-VITE keys, non-string values and malformed documents (0.27868ms)
✔ a missing app-env.json is a clean no-op (0.717552ms)
✔ reads the app env from a workspace (0.489498ms)
✔ an explicit process-env override wins over the file (0.261685ms)
✔ the template ships auth off (0.251499ms)
✔ vite loadEnv resolves the wrapped value (0.474265ms)
✔ the wrapped command runs with the app env applied (185.130437ms)
✔ the wrapped command sees an explicit override, not the file value (166.000938ms)
✔ the wrapper propagates the command's exit code (142.289397ms)
✔ a signal-killed command is never reported as success (147.943805ms)
✔ the CLI still runs when invoked through a symlinked path (133.8122ms)
✔ parseWriteAtomicArgs needs exactly a staged file and a target (2.158693ms)
✔ stagingError refuses a temp inside public/ and a no-op move (0.374675ms)
✔ handOver replaces the target and clears the staged file (1.091114ms)
✔ handOver creates a missing target directory (0.883442ms)
✔ an interrupted pass leaves the target on its old bytes, temp-free (1.540602ms)
✔ a failed hand-over creates no directory for the target it never wrote (0.500995ms)
✔ a staged file on another filesystem is refused, not copied (0.810842ms)
✔ cli: hands the file over, and refuses a temp staged in public/ (179.186943ms)
✔ cli: relative paths follow the script's root, not the caller's cwd (77.132963ms)
﹣ every hand-over the og skill prints is one this script accepts (0.323137ms) # External workspace OG documentation package is not installed in this checkout
✔ cli: a missing staged file fails without touching the target (82.617795ms)
ℹ tests 772
ℹ suites 0
ℹ pass 753
ℹ fail 15
ℹ cancelled 0
ℹ skipped 4
ℹ todo 0
ℹ duration_ms 19398.488316

✖ failing tests:

test at scripts/tanstack-security.test.mjs:115:1
✖ all five actual compiled application POST functions succeed through the client codec (1.011965ms)
  Error: ENOENT: no such file or directory, open '/workspace/scratch/72d37ae520f2/dinner-roulette/.vercel/output/functions/__server.func/_ssr/ssr.mjs'
      at readFileSync (node:fs:484:20)
      at loadBuilt (file:///workspace/scratch/72d37ae520f2/dinner-roulette/scripts/tanstack-security.test.mjs:26:20)
      at TestContext.<anonymous> (file:///workspace/scratch/72d37ae520f2/dinner-roulette/scripts/tanstack-security.test.mjs:75:15)
      at TestHook.runInAsyncScope (node:async_hooks:227:14)
      at TestHook.run (node:internal/test_runner/test:1382:25)
      at TestHook.run (node:internal/test_runner/test:1726:18)
      at TestHook.run (node:internal/util:581:20)
      at Test.createHook (node:internal/test_runner/test:1103:33)
      at node:internal/test_runner/harness:426:12
      at file:///workspace/scratch/72d37ae520f2/dinner-roulette/scripts/tanstack-security.test.mjs:74:1 {
    errno: -2,
    code: 'ENOENT',
    syscall: 'open',
    path: '/workspace/scratch/72d37ae520f2/dinner-roulette/.vercel/output/functions/__server.func/_ssr/ssr.mjs'
  }

test at scripts/tanstack-security.test.mjs:135:1
✖ Date Night seasonal on/off survives real transport with a fixed October date (0.088083ms)
  Error: ENOENT: no such file or directory, open '/workspace/scratch/72d37ae520f2/dinner-roulette/.vercel/output/functions/__server.func/_ssr/ssr.mjs'
      at readFileSync (node:fs:484:20)
      at loadBuilt (file:///workspace/scratch/72d37ae520f2/dinner-roulette/scripts/tanstack-security.test.mjs:26:20)
      at TestContext.<anonymous> (file:///workspace/scratch/72d37ae520f2/dinner-roulette/scripts/tanstack-security.test.mjs:75:15)
      at TestHook.runInAsyncScope (node:async_hooks:227:14)
      at TestHook.run (node:internal/test_runner/test:1382:25)
      at TestHook.run (node:internal/test_runner/test:1726:18)
      at TestHook.run (node:internal/util:581:20)
      at Test.createHook (node:internal/test_runner/test:1103:33)
      at node:internal/test_runner/harness:426:12
      at file:///workspace/scratch/72d37ae520f2/dinner-roulette/scripts/tanstack-security.test.mjs:74:1 {
    errno: -2,
    code: 'ENOENT',
    syscall: 'open',
    path: '/workspace/scratch/72d37ae520f2/dinner-roulette/.vercel/output/functions/__server.func/_ssr/ssr.mjs'
  }

test at scripts/tanstack-security.test.mjs:153:1
✖ invalid application coordinates and queries produce decoded Errors without providers (0.067962ms)
  Error: ENOENT: no such file or directory, open '/workspace/scratch/72d37ae520f2/dinner-roulette/.vercel/output/functions/__server.func/_ssr/ssr.mjs'
      at readFileSync (node:fs:484:20)
      at loadBuilt (file:///workspace/scratch/72d37ae520f2/dinner-roulette/scripts/tanstack-security.test.mjs:26:20)
      at TestContext.<anonymous> (file:///workspace/scratch/72d37ae520f2/dinner-roulette/scripts/tanstack-security.test.mjs:75:15)
      at TestHook.runInAsyncScope (node:async_hooks:227:14)
      at TestHook.run (node:internal/test_runner/test:1382:25)
      at TestHook.run (node:internal/test_runner/test:1726:18)
      at TestHook.run (node:internal/util:581:20)
      at Test.createHook (node:internal/test_runner/test:1103:33)
      at node:internal/test_runner/harness:426:12
      at file:///workspace/scratch/72d37ae520f2/dinner-roulette/scripts/tanstack-security.test.mjs:74:1 {
    errno: -2,
    code: 'ENOENT',
    syscall: 'open',
    path: '/workspace/scratch/72d37ae520f2/dinner-roulette/.vercel/output/functions/__server.func/_ssr/ssr.mjs'
  }

test at scripts/tanstack-security.test.mjs:170:3
✖ GET legitimate Seroval values, thrown Errors and falsy returns (0.076846ms)
  Error: ENOENT: no such file or directory, open '/workspace/scratch/72d37ae520f2/dinner-roulette/.vercel/output/functions/__server.func/_ssr/ssr.mjs'
      at readFileSync (node:fs:484:20)
      at loadBuilt (file:///workspace/scratch/72d37ae520f2/dinner-roulette/scripts/tanstack-security.test.mjs:26:20)
      at TestContext.<anonymous> (file:///workspace/scratch/72d37ae520f2/dinner-roulette/scripts/tanstack-security.test.mjs:75:15)
      at TestHook.runInAsyncScope (node:async_hooks:227:14)
      at TestHook.run (node:internal/test_runner/test:1382:25)
      at TestHook.run (node:internal/test_runner/test:1726:18)
      at TestHook.run (node:internal/util:581:20)
      at Test.createHook (node:internal/test_runner/test:1103:33)
      at node:internal/test_runner/harness:426:12
      at file:///workspace/scratch/72d37ae520f2/dinner-roulette/scripts/tanstack-security.test.mjs:74:1 {
    errno: -2,
    code: 'ENOENT',
    syscall: 'open',
    path: '/workspace/scratch/72d37ae520f2/dinner-roulette/.vercel/output/functions/__server.func/_ssr/ssr.mjs'
  }

test at scripts/tanstack-security.test.mjs:179:3
✖ GET ignores inert internal result/error fields, including failed validation (0.107041ms)
  Error: ENOENT: no such file or directory, open '/workspace/scratch/72d37ae520f2/dinner-roulette/.vercel/output/functions/__server.func/_ssr/ssr.mjs'
      at readFileSync (node:fs:484:20)
      at loadBuilt (file:///workspace/scratch/72d37ae520f2/dinner-roulette/scripts/tanstack-security.test.mjs:26:20)
      at TestContext.<anonymous> (file:///workspace/scratch/72d37ae520f2/dinner-roulette/scripts/tanstack-security.test.mjs:75:15)
      at TestHook.runInAsyncScope (node:async_hooks:227:14)
      at TestHook.run (node:internal/test_runner/test:1382:25)
      at TestHook.run (node:internal/test_runner/test:1726:18)
      at TestHook.run (node:internal/util:581:20)
      at Test.createHook (node:internal/test_runner/test:1103:33)
      at node:internal/test_runner/harness:426:12
      at file:///workspace/scratch/72d37ae520f2/dinner-roulette/scripts/tanstack-security.test.mjs:74:1 {
    errno: -2,
    code: 'ENOENT',
    syscall: 'open',
    path: '/workspace/scratch/72d37ae520f2/dinner-roulette/.vercel/output/functions/__server.func/_ssr/ssr.mjs'
  }

test at scripts/tanstack-security.test.mjs:199:3
✖ GET safely serializes response-shaped data and preserves real Response (0.085068ms)
  Error: ENOENT: no such file or directory, open '/workspace/scratch/72d37ae520f2/dinner-roulette/.vercel/output/functions/__server.func/_ssr/ssr.mjs'
      at readFileSync (node:fs:484:20)
      at loadBuilt (file:///workspace/scratch/72d37ae520f2/dinner-roulette/scripts/tanstack-security.test.mjs:26:20)
      at TestContext.<anonymous> (file:///workspace/scratch/72d37ae520f2/dinner-roulette/scripts/tanstack-security.test.mjs:75:15)
      at TestHook.runInAsyncScope (node:async_hooks:227:14)
      at TestHook.run (node:internal/test_runner/test:1382:25)
      at TestHook.run (node:internal/test_runner/test:1726:18)
      at TestHook.run (node:internal/util:581:20)
      at Test.createHook (node:internal/test_runner/test:1103:33)
      at node:internal/test_runner/harness:426:12
      at file:///workspace/scratch/72d37ae520f2/dinner-roulette/scripts/tanstack-security.test.mjs:74:1 {
    errno: -2,
    code: 'ENOENT',
    syscall: 'open',
    path: '/workspace/scratch/72d37ae520f2/dinner-roulette/.vercel/output/functions/__server.func/_ssr/ssr.mjs'
  }

test at scripts/tanstack-security.test.mjs:170:3
✖ POST legitimate Seroval values, thrown Errors and falsy returns (0.071688ms)
  Error: ENOENT: no such file or directory, open '/workspace/scratch/72d37ae520f2/dinner-roulette/.vercel/output/functions/__server.func/_ssr/ssr.mjs'
      at readFileSync (node:fs:484:20)
      at loadBuilt (file:///workspace/scratch/72d37ae520f2/dinner-roulette/scripts/tanstack-security.test.mjs:26:20)
      at TestContext.<anonymous> (file:///workspace/scratch/72d37ae520f2/dinner-roulette/scripts/tanstack-security.test.mjs:75:15)
      at TestHook.runInAsyncScope (node:async_hooks:227:14)
      at TestHook.run (node:internal/test_runner/test:1382:25)
      at TestHook.run (node:internal/test_runner/test:1726:18)
      at TestHook.run (node:internal/util:581:20)
      at Test.createHook (node:internal/test_runner/test:1103:33)
      at node:internal/test_runner/harness:426:12
      at file:///workspace/scratch/72d37ae520f2/dinner-roulette/scripts/tanstack-security.test.mjs:74:1 {
    errno: -2,
    code: 'ENOENT',
    syscall: 'open',
    path: '/workspace/scratch/72d37ae520f2/dinner-roulette/.vercel/output/functions/__server.func/_ssr/ssr.mjs'
  }

test at scripts/tanstack-security.test.mjs:179:3
✖ POST ignores inert internal result/error fields, including failed validation (0.124177ms)
  Error: ENOENT: no such file or directory, open '/workspace/scratch/72d37ae520f2/dinner-roulette/.vercel/output/functions/__server.func/_ssr/ssr.mjs'
      at readFileSync (node:fs:484:20)
      at loadBuilt (file:///workspace/scratch/72d37ae520f2/dinner-roulette/scripts/tanstack-security.test.mjs:26:20)
      at TestContext.<anonymous> (file:///workspace/scratch/72d37ae520f2/dinner-roulette/scripts/tanstack-security.test.mjs:75:15)
      at TestHook.runInAsyncScope (node:async_hooks:227:14)
      at TestHook.run (node:internal/test_runner/test:1382:25)
      at TestHook.run (node:internal/test_runner/test:1726:18)
      at TestHook.run (node:internal/util:581:20)
      at Test.createHook (node:internal/test_runner/test:1103:33)
      at node:internal/test_runner/harness:426:12
      at file:///workspace/scratch/72d37ae520f2/dinner-roulette/scripts/tanstack-security.test.mjs:74:1 {
    errno: -2,
    code: 'ENOENT',
    syscall: 'open',
    path: '/workspace/scratch/72d37ae520f2/dinner-roulette/.vercel/output/functions/__server.func/_ssr/ssr.mjs'
  }

test at scripts/tanstack-security.test.mjs:199:3
✖ POST safely serializes response-shaped data and preserves real Response (0.123546ms)
  Error: ENOENT: no such file or directory, open '/workspace/scratch/72d37ae520f2/dinner-roulette/.vercel/output/functions/__server.func/_ssr/ssr.mjs'
      at readFileSync (node:fs:484:20)
      at loadBuilt (file:///workspace/scratch/72d37ae520f2/dinner-roulette/scripts/tanstack-security.test.mjs:26:20)
      at TestContext.<anonymous> (file:///workspace/scratch/72d37ae520f2/dinner-roulette/scripts/tanstack-security.test.mjs:75:15)
      at TestHook.runInAsyncScope (node:async_hooks:227:14)
      at TestHook.run (node:internal/test_runner/test:1382:25)
      at TestHook.run (node:internal/test_runner/test:1726:18)
      at TestHook.run (node:internal/util:581:20)
      at Test.createHook (node:internal/test_runner/test:1103:33)
      at node:internal/test_runner/harness:426:12
      at file:///workspace/scratch/72d37ae520f2/dinner-roulette/scripts/tanstack-security.test.mjs:74:1 {
    errno: -2,
    code: 'ENOENT',
    syscall: 'open',
    path: '/workspace/scratch/72d37ae520f2/dinner-roulette/.vercel/output/functions/__server.func/_ssr/ssr.mjs'
  }

test at scripts/tanstack-security.test.mjs:212:1
✖ compiled application and fixture enforce CSRF and methods before providers (0.128554ms)
  Error: ENOENT: no such file or directory, open '/workspace/scratch/72d37ae520f2/dinner-roulette/.vercel/output/functions/__server.func/_ssr/ssr.mjs'
      at readFileSync (node:fs:484:20)
      at loadBuilt (file:///workspace/scratch/72d37ae520f2/dinner-roulette/scripts/tanstack-security.test.mjs:26:20)
      at TestContext.<anonymous> (file:///workspace/scratch/72d37ae520f2/dinner-roulette/scripts/tanstack-security.test.mjs:75:15)
      at TestHook.runInAsyncScope (node:async_hooks:227:14)
      at TestHook.run (node:internal/test_runner/test:1382:25)
      at TestHook.run (node:internal/test_runner/test:1726:18)
      at TestHook.run (node:internal/util:581:20)
      at Test.createHook (node:internal/test_runner/test:1103:33)
      at node:internal/test_runner/harness:426:12
      at file:///workspace/scratch/72d37ae520f2/dinner-roulette/scripts/tanstack-security.test.mjs:74:1 {
    errno: -2,
    code: 'ENOENT',
    syscall: 'open',
    path: '/workspace/scratch/72d37ae520f2/dinner-roulette/.vercel/output/functions/__server.func/_ssr/ssr.mjs'
  }

test at scripts/tanstack-security.test.mjs:231:1
✖ searchRestaurants compiled provider chain terminates at its total deadline with aborted attempts (0.130296ms)
  Error: ENOENT: no such file or directory, open '/workspace/scratch/72d37ae520f2/dinner-roulette/.vercel/output/functions/__server.func/_ssr/ssr.mjs'
      at readFileSync (node:fs:484:20)
      at loadBuilt (file:///workspace/scratch/72d37ae520f2/dinner-roulette/scripts/tanstack-security.test.mjs:26:20)
      at TestContext.<anonymous> (file:///workspace/scratch/72d37ae520f2/dinner-roulette/scripts/tanstack-security.test.mjs:75:15)
      at TestHook.runInAsyncScope (node:async_hooks:227:14)
      at TestHook.run (node:internal/test_runner/test:1382:25)
      at TestHook.run (node:internal/test_runner/test:1726:18)
      at TestHook.run (node:internal/util:581:20)
      at Test.createHook (node:internal/test_runner/test:1103:33)
      at node:internal/test_runner/harness:426:12
      at file:///workspace/scratch/72d37ae520f2/dinner-roulette/scripts/tanstack-security.test.mjs:74:1 {
    errno: -2,
    code: 'ENOENT',
    syscall: 'open',
    path: '/workspace/scratch/72d37ae520f2/dinner-roulette/.vercel/output/functions/__server.func/_ssr/ssr.mjs'
  }

test at scripts/tanstack-security.test.mjs:231:1
✖ searchDateNight compiled provider chain terminates at its total deadline with aborted attempts (0.069114ms)
  Error: ENOENT: no such file or directory, open '/workspace/scratch/72d37ae520f2/dinner-roulette/.vercel/output/functions/__server.func/_ssr/ssr.mjs'
      at readFileSync (node:fs:484:20)
      at loadBuilt (file:///workspace/scratch/72d37ae520f2/dinner-roulette/scripts/tanstack-security.test.mjs:26:20)
      at TestContext.<anonymous> (file:///workspace/scratch/72d37ae520f2/dinner-roulette/scripts/tanstack-security.test.mjs:75:15)
      at TestHook.runInAsyncScope (node:async_hooks:227:14)
      at TestHook.run (node:internal/test_runner/test:1382:25)
      at TestHook.run (node:internal/test_runner/test:1726:18)
      at TestHook.run (node:internal/util:581:20)
      at Test.createHook (node:internal/test_runner/test:1103:33)
      at node:internal/test_runner/harness:426:12
      at file:///workspace/scratch/72d37ae520f2/dinner-roulette/scripts/tanstack-security.test.mjs:74:1 {
    errno: -2,
    code: 'ENOENT',
    syscall: 'open',
    path: '/workspace/scratch/72d37ae520f2/dinner-roulette/.vercel/output/functions/__server.func/_ssr/ssr.mjs'
  }

test at scripts/tanstack-security.test.mjs:231:1
✖ searchNightlife compiled provider chain terminates at its total deadline with aborted attempts (0.062304ms)
  Error: ENOENT: no such file or directory, open '/workspace/scratch/72d37ae520f2/dinner-roulette/.vercel/output/functions/__server.func/_ssr/ssr.mjs'
      at readFileSync (node:fs:484:20)
      at loadBuilt (file:///workspace/scratch/72d37ae520f2/dinner-roulette/scripts/tanstack-security.test.mjs:26:20)
      at TestContext.<anonymous> (file:///workspace/scratch/72d37ae520f2/dinner-roulette/scripts/tanstack-security.test.mjs:75:15)
      at TestHook.runInAsyncScope (node:async_hooks:227:14)
      at TestHook.run (node:internal/test_runner/test:1382:25)
      at TestHook.run (node:internal/test_runner/test:1726:18)
      at TestHook.run (node:internal/util:581:20)
      at Test.createHook (node:internal/test_runner/test:1103:33)
      at node:internal/test_runner/harness:426:12
      at file:///workspace/scratch/72d37ae520f2/dinner-roulette/scripts/tanstack-security.test.mjs:74:1 {
    errno: -2,
    code: 'ENOENT',
    syscall: 'open',
    path: '/workspace/scratch/72d37ae520f2/dinner-roulette/.vercel/output/functions/__server.func/_ssr/ssr.mjs'
  }

test at scripts/tanstack-security.test.mjs:247:1
✖ real client transport cancels an in-flight HTTP request within a bounded deadline (0.086811ms)
  Error: ENOENT: no such file or directory, open '/workspace/scratch/72d37ae520f2/dinner-roulette/.vercel/output/functions/__server.func/_ssr/ssr.mjs'
      at readFileSync (node:fs:484:20)
      at loadBuilt (file:///workspace/scratch/72d37ae520f2/dinner-roulette/scripts/tanstack-security.test.mjs:26:20)
      at TestContext.<anonymous> (file:///workspace/scratch/72d37ae520f2/dinner-roulette/scripts/tanstack-security.test.mjs:75:15)
      at TestHook.runInAsyncScope (node:async_hooks:227:14)
      at TestHook.run (node:internal/test_runner/test:1382:25)
      at TestHook.run (node:internal/test_runner/test:1726:18)
      at TestHook.run (node:internal/util:581:20)
      at Test.createHook (node:internal/test_runner/test:1103:33)
      at node:internal/test_runner/harness:426:12
      at file:///workspace/scratch/72d37ae520f2/dinner-roulette/scripts/tanstack-security.test.mjs:74:1 {
    errno: -2,
    code: 'ENOENT',
    syscall: 'open',
    path: '/workspace/scratch/72d37ae520f2/dinner-roulette/.vercel/output/functions/__server.func/_ssr/ssr.mjs'
  }

test at scripts/tanstack-security.test.mjs:81:1
✖ /workspace/scratch/72d37ae520f2/dinner-roulette/scripts/tanstack-security.test.mjs (0.45793ms)
  TypeError [ERR_INVALID_ARG_TYPE]: The "path" argument must be of type string or an instance of Buffer or URL. Received undefined
      at rmSync (node:fs:1283:25)
      at TestContext.<anonymous> (file:///workspace/scratch/72d37ae520f2/dinner-roulette/scripts/tanstack-security.test.mjs:81:13)
      at TestHook.runInAsyncScope (node:async_hooks:227:14)
      at TestHook.run (node:internal/test_runner/test:1382:25)
      at TestHook.run (node:internal/test_runner/test:1726:18)
      at TestHook.run (node:internal/util:581:20)
      at Test.runHook (node:internal/test_runner/test:1269:20)
      at after (node:internal/test_runner/test:1322:20)
      at Test.run (node:internal/test_runner/test:1408:13) {
    code: 'ERR_INVALID_ARG_TYPE'
  }
▶ callTool failure memo
  ✔ replays an identical failure within the memo window without refetching (5.088932ms)
  ✔ keys by token identity so a reminted token shares the memo entry (0.894479ms)
  ✔ sweeps expired entries on write so unique keys do not accumulate (3.379795ms)
  ✔ never memoizes login-required 401s (0.840147ms)
✔ callTool failure memo (11.423562ms)
▶ callTool
  ✔ resolves ok:false for non-serializable args instead of rejecting (0.515057ms)
✔ callTool (0.625493ms)
▶ isLoginRequired
  ✔ is true only for login-required failures (0.442737ms)
✔ isLoginRequired (0.556739ms)
▶ redirectToLoginIfRequired
  ✔ no-ops when login is not required (0.376358ms)
  ✔ navigates to the server-built loginUrl in the browser (0.194343ms)
  ✔ opens a new tab instead of navigating when framed (0.157658ms)
  ✔ falls back to navigation when framed and the popup is blocked (0.322506ms)
  ✔ returns false when the result has no loginUrl (0.114423ms)
  ✔ returns false on the server (no window) (0.0662ms)
✔ redirectToLoginIfRequired (1.487683ms)
▶ classifyCallToolError
  ✔ returns null for successful results (0.131218ms)
  ✔ classifies login-required before message matching (0.071538ms)
  ✔ classifies not_connected and failed_precondition (0.074493ms)
  ✔ classifies scope_denied without claiming a missing grant (0.073311ms)
  ✔ classifies access_denied (0.054572ms)
  ✔ falls back to a generic error with the raw message (0.10641ms)
✔ classifyCallToolError (0.657041ms)
▶ verifyGateIdentityToken
  ✔ returns the identity for a valid token (15.83341ms)
  ✔ omits optional claims as nulls (2.022159ms)
  ✔ rejects a wrong audience (3.120544ms)
  ✔ rejects a wrong issuer (1.414142ms)
  ✔ rejects an expired token (2.483955ms)
  ✔ rejects a token without exp (1.242053ms)
  ✔ rejects a token signed by a different key with the same kid (1.113348ms)
  ✔ refetches the JWKS when the kid rotates (2.720421ms)
✔ verifyGateIdentityToken (31.926671ms)
▶ gateIdentityFromHeaders
  ✔ verifies the header token end to end and fails closed without it (2.780542ms)
  ✔ activates on a deployed-shaped request without GROK_GATE_ORIGIN (1.33338ms)
  ✔ verifies a preview-audience token with no gate env vars via the loopback default (3.293646ms)
  ✔ rejects a wrong-issuer token in the loopback default mode (4.435748ms)
  ✔ verifies a preview-audience token when only GROK_GATE_ORIGIN is set (1.176083ms)
  ✔ rejects a preview-audience token when GROK_PROJECT_ID is set (1.110534ms)
  ✔ rejects an app-audience token in preview mode (0.950283ms)
✔ gateIdentityFromHeaders (16.482088ms)
▶ gateIdentityEnabled
  ✔ is enabled by default with no gate env vars (0.097768ms)
  ✔ is disabled when VITE_AUTH_ENABLED is false (0.168664ms)
✔ gateIdentityEnabled (0.372933ms)
▶ gateTokenAudience
  ✔ pins app:<id> when GROK_PROJECT_ID is set, even alongside GROK_GATE_ORIGIN (0.108574ms)
  ✔ pins preview when GROK_PROJECT_ID is unset (0.120612ms)
✔ gateTokenAudience (0.316908ms)
▶ gateIdentityUserInfo
  ✔ falls back to a synthetic email and name for sub-only claims (0.125339ms)
  ✔ keeps real claims, lowercasing the email and marking it verified (0.089755ms)
✔ gateIdentityUserInfo (0.281204ms)
▶ sessionBoundToGateIdentity
  ✔ keeps the session when it is bound to the same gate sub (0.127502ms)
  ✔ rotates when the session belongs to a different gate sub (0.054942ms)
  ✔ rotates when the session user has no gate-bound account (0.045528ms)
✔ sessionBoundToGateIdentity (0.309957ms)
▶ resolveSignInGateState
  ✔ is pending while the session check is in flight, user or not (0.690561ms)
  ✔ is signed_in once a user is present (0.116565ms)
  ✔ is signed_out only after the check resolved with no user (0.091057ms)
✔ resolveSignInGateState (2.045053ms)
▶ seasonal date-night availability
  ✔ keeps The Werehouse closed before its verified 2026 season starts (1.276575ms)
  ✔ allows The Werehouse during the conservative verified season window (0.204288ms)
  ✔ closes The Werehouse after the conservative verified window (0.165279ms)
  ✔ uses Myer's retained operator 2026 calendar (0.234103ms)
  ✔ fails closed for Open now when hours or the seasonal date are not confirmed (0.347514ms)
  ✔ requires different real venues for a Scare/Settle pair (0.23937ms)
✔ seasonal date-night availability (3.961632ms)
✔ global manual resolution preserves Joplin, Missouri, USA (6.275881ms)
✔ global manual resolution preserves Toronto, Ontario, Canada (1.615516ms)
✔ global manual resolution preserves Vancouver, British Columbia, Canada (0.623901ms)
✔ global manual resolution preserves Montréal, Québec, Canada (0.521997ms)
✔ global manual resolution preserves London, United Kingdom (0.514646ms)
✔ countries without regions and provider province/locality variants remain valid (0.19849ms)
✔ invalid coordinates and malformed geocoder hits cannot become active locations (0.229966ms)
✔ manual input preserves international addresses and postal codes without a U.S. parser (0.359733ms)
✔ no-result, provider errors and malformed payloads are distinct from valid places (1.88435ms)
✔ reverse lookup enriches metadata while preserving the original GPS coordinates (0.594467ms)
✔ all reverse failures retain a usable coordinate location; invalid input never fetches (0.904614ms)
✔ international business addresses retain province, postcode, country and full-address tags (0.163316ms)
✔ native geolocation is opt-in, bounded, and reports each failure accurately (0.602708ms)
✔ GPS commits before reverse resolves and preserves exact coordinates even if the label point differs (0.349057ms)
✔ reverse failure retains coordinates and reports success; GPS failure leaves the old location alone (0.296838ms)
✔ a newer manual choice wins over a delayed GPS callback (0.186972ms)
✔ manual editing and unmount invalidate stale reverse and manual completions (0.236587ms)
✔ manual no-result and invalid input retain active location and allow retry (0.210948ms)
✔ combined control suppresses repeated GPS calls through reverse enrichment (0.194393ms)
✔ cancelling a pending GPS request permits retry without reviving stale callbacks (0.194563ms)
ℹ tests 71
ℹ suites 13
ℹ pass 71
ℹ fail 0
ℹ cancelled 0
ℹ skipped 0
ℹ todo 0
ℹ duration_ms 316.712341
[test-runner] repository scripts: FAILED
[test-runner] application: passed
