npm warn Unknown env config "http-proxy". This will stop working in the next major version of npm.

> test
> node scripts/test-runner.mjs

✔ persistent Android identity, SDK, lockfile and approved artwork agree (20.920193ms)
✔ native audit rejects package drift, insecure content and exposed WebView debugging (4.575113ms)
✔ Android version parser accepts future releases and rejects invalid Play codes (14.043378ms)
✔ Android workflow is artifact-only and does not regenerate the project or migrate (0.612284ms)
✔ Settings does not advertise an Android artifact that has not been published (0.202275ms)
✔ non-canvas app with no custom card gets a soft BRAND NOTE (utility exception) (3.731841ms)
✔ non-canvas app with a compliant card is silent (4.29474ms)
✔ card file without site.json card=custom warns (1.715268ms)
✔ card file with missing site.json warns for card=custom (7.183928ms)
✔ card file with invalid site.json warns for card=custom (1.780617ms)
✔ oversized card warns for non-canvas apps too (5.676454ms)
✔ canvas app with no card warns 'missing' and missing og:type (0.618563ms)
✔ canvas card without type still warns for og:type (2.02158ms)
✔ oversized card warns on the scraper budget (jpg and legacy png) (17.557389ms)
✔ compliant game (custom card + site.json type + x-banner) is silent (5.058912ms)
✔ __root.tsx og:type no longer satisfies the canvas gate (3.873845ms)
✔ oversized x-banner warns on the same scraper budget as og.jpg (7.871746ms)
✔ legacy png + site.json type still needs the X feed card (2.098186ms)
✔ siteDeclaresOgTypeGame reads the site contract (0.266082ms)
✔ a fresh og-pending marker silences the whole gate view (0.891646ms)
✔ a stale og-pending marker is ignored and the warnings return (0.837223ms)
✔ the marker goes stale on the clock, not on the file (0.816471ms)
✔ no marker means nothing is in flight (0.674317ms)
✔ parseBrandCheckArgs takes --game, --placeholder-ok and --root, and rejects the rest (1.274903ms)
✔ cli: a game missing its card reports JSON and exits 1 (343.595036ms)
✔ cli: a compliant game passes (248.616368ms)
✔ cli: the task's own marker is reported, not honoured (200.148172ms)
✔ cli: a bad argument fails with JSON on stderr (192.383718ms)
✔ cli: a non-game with no card fails too — the pass exists to produce one (232.470557ms)
✔ cli: --placeholder-ok is how a plain-utility pass reports no card as expected (388.12658ms)
✔ cli: a non-game with a compliant card passes (258.390111ms)
﹣ SKILL.md and AGENTS.md name the marker path and bound this script uses (0.260273ms) # External workspace OG documentation package is not installed in this checkout
﹣ the sections that own the brand-task prohibition never affirm a wait (0.090977ms) # External workspace OG documentation package is not installed in this checkout
﹣ SKILL.md tells the pass to self-check with the flag this CLI accepts (0.043015ms) # External workspace OG documentation package is not installed in this checkout
✔ browser acceptance rejects source/output drift and auth-disabled previews (15.572004ms)
✔ unfinished builds and sources changed during compilation cannot be blessed (29.026934ms)
✔ normalizes whitespace before hashing (3.304385ms)
✔ nullish and blank body text normalize to the empty string (0.302437ms)
✔ body text prefix is normalized and capped (0.25163ms)
✔ identical runs do not diverge (12.868034ms)
✔ status change diverges (1.921148ms)
✔ title change diverges (0.387735ms)
✔ title comparison is skipped when either side lacks one (0.28491ms)
✔ canvas disappearing diverges; canvas appearing does not (0.397579ms)
✔ horizontal overflow appearing diverges; clearing does not (4.522062ms)
✔ new console errors diverge (0.488007ms)
✔ errors already present in the baseline do not re-diverge (5.168248ms)
✔ body text collapse diverges (0.260793ms)
✔ body text dropping to zero reports collapse (0.169836ms)
✔ zero-length baseline reports growth via the hash branch, not collapse (0.141524ms)
✔ hash mismatch with a trivial length delta and same page start is tolerated (0.104487ms)
✔ hash mismatch with a trivial length delta but changed page start diverges (0.130016ms)
✔ prefix check is skipped when either side lacks a prefix (4.82902ms)
✔ length-delta tolerance boundary: 50 tolerated, 51 diverges (500-char baseline) (0.114623ms)
✔ length-delta floor dominates small baselines: 20 tolerated, 21 diverges (100-char baseline) (0.109305ms)
✔ collapse boundary: exactly half is 'changed', one below is 'collapsed' (0.1528ms)
✔ missing baseline viewport diverges (0.141904ms)
✔ empty or null baseline diverges for every viewport (0.177107ms)
✔ degenerate current verdict fails closed (0.259903ms)
✔ multiple signals across viewports all accumulate (0.142625ms)
✔ baselineComparison round-trips a valid baseline (0.207123ms)
✔ baselineComparison fails closed on malformed or wrong-shape baselines (0.710733ms)
✔ parseSmokeArgs defaults (0.215695ms)
✔ parseSmokeArgs consumes --baseline without shifting positionals (0.127973ms)
✔ parseSmokeArgs rejects a trailing --baseline flag (0.109596ms)
✔ parseSmokeArgs supports the --baseline= form (0.117267ms)
✔ parseSmokeArgs rejects unknown flags instead of treating them as positionals (4.614973ms)
✔ parseSmokeArgs env fallback and flag precedence (0.130407ms)
✔ derivedPaths handles .png, .PNG, and extensionless inputs (0.216817ms)
✔ exitCodeFor: clean run exits 0 (0.155224ms)
✔ exitCodeFor: errors in any single viewport exit 2 (0.120512ms)
✔ exitCodeFor: navigation failure in any viewport exits 1, beating errors (1.512191ms)
✔ exitCodeFor: 4xx boundary and missing status (0.098729ms)
✔ exitCodeFor: no viewport data is a failure (0.065429ms)
✔ browser-smoke wires the guard and verdict helpers (0.294555ms)
✔ browser-smoke file I/O only touches guarded paths (0.337218ms)
✔ casino evidence JSON is parseable; truncated ledgers cannot masquerade as complete (66.500873ms)
✔ keyed manifests preserve state names and integration override precedence (6.030288ms)
✔ missing or malformed jurisdiction objects fail closed (0.649079ms)
✔ nearby same-name rows reconcile once with latest ID and metadata (4.952447ms)
✔ same ID at distinct locations remains a hard failure (0.511652ms)
✔ small successive moves cannot conceal a distant same-ID conflict (0.472152ms)
✔ distant same-name destinations with distinct IDs are retained (0.534597ms)
✔ complete jurisdiction counts reject both missing and excess destinations (0.378852ms)
✔ legacy IDs use exported jurisdiction metadata rather than ID prefixes (1.679815ms)
✔ invalid coordinates, jurisdictions and complete-count values fail closed (0.48397ms)
✔ pending decision universes are not treated as runtime quotas (0.387615ms)
✔ nearby same-ID records with a renamed property use latest metadata (0.314455ms)
✔ missing identities cannot silently disappear from the audit (0.267543ms)
✔ every active jurisdiction needs an explicit manifest status (0.601998ms)
✔ unknown totals are allowed only for explicitly pending jurisdictions (0.427565ms)
✔ a supplied pending count must still be a positive integer (13.90551ms)
✔ authoritative sources and allowed status values remain required (0.495868ms)
✔ Beau Rivage keeps its original stable ID and one latest-property destination (125.930035ms)
✔ MGM Grand Las Vegas keeps its original stable ID and one latest-property destination (62.450081ms)
✔ audit follows runtime registration, including renamed imports (7.484121ms)
✔ unregistered imports and unknown runtime arrays fail closed (4.313428ms)
✔ duplicate, skipped and out-of-order passes cannot change audit precedence (4.28191ms)
✔ empty or missing runtime registration cannot pass validation (0.566274ms)
✔ real exported factory IDs and metadata survive loading (46.351052ms)
✔ missing or empty module exports fail instead of undercounting (27.617367ms)
✔ resumed additions preserve explicit point evidence, casino schema and active canonical identity (11.117302ms)
✔ local operator aliases merge without losing canonical points or merging distant same-brand casinos (3.802507ms)
✔ neighboring Otoe-Missouria casino floors and related travel components retain separate identity (0.927269ms)
✔ Casino Oklahoma uses its named casino point and routing street, separately from Sugar Creek (14.459343ms)
✔ Golden Eagle casinos in Oklahoma and Kansas survive identical names across states (4.581192ms)
✔ Prairie Sun closure cannot be revived by stale live tags or suppress current Prairie Moon (1.949651ms)
✔ new operator aliases cannot merge nearby independently operated casino floors (2.221321ms)
✔ reconciled travel-center destinations use the right city and current postal identity (0.885486ms)
[discovery] provider-chain {
  mode: 'nightlife',
  source: 'live',
  durationMs: 4,
  budgetExhausted: false,
  attempts: [ { mirror: 1, durationMs: 4, outcome: 'empty' } ]
}
[discovery] provider-chain {
  mode: 'nightlife',
  source: 'fallback',
  durationMs: 0,
  budgetExhausted: false,
  attempts: [
    { mirror: 1, durationMs: 0, outcome: 'network-error' },
    { mirror: 2, durationMs: 0, outcome: 'network-error' },
    { mirror: 3, durationMs: 0, outcome: 'network-error' },
    { mirror: 4, durationMs: 0, outcome: 'network-error' }
  ]
}
✔ invalid query coordinates and nonfinite radii cannot reach providers (1.98189ms)
✔ malformed provider records are discarded individually (1.184917ms)
✔ casino words in an unrelated bar name do not satisfy the casino filter (0.39766ms)
✔ closed property holds are geographically scoped and cannot suppress successors (0.210327ms)
✔ lifecycle tags exclude inactive venues but preserve a current repurposed bar (0.133161ms)
✔ same-brand neighboring casino floors do not borrow each other's live metadata (0.701849ms)
✔ canonical casino location and identity survive live merging (0.241004ms)
✔ valid empty responses remain empty results; invalid JSON shape falls back (7.604472ms)
✔ provider outages preserve the complete local canonical casino pool (3.106126ms)
✔ malformed optional fields cannot poison a provider response or create unsafe actions (1.678362ms)
✔ generic casino names cannot collapse distinct nearby properties into an empty identity (0.758825ms)
✔ reviewed predecessor names merge only into the same nearby current property (2.976711ms)
✔ closed Oklahoma predecessors stay excluded without suppressing operating successors (0.298781ms)
✔ Golden Pony closure cannot be revived by stale live tags or suppress unrelated places (0.210438ms)
✔ final casino aliases preserve canonical routing and do not absorb distant same-name properties (8.664652ms)
✔ nearby final-pass casinos remain distinct even inside the alias distance threshold (2.223484ms)
✔ same-brand town names and Pawnee satellite aliases cannot redirect live details to another casino (1.180982ms)
✔ Gold Town closure rejects stale casino tags while nearby Pahrump properties survive (2.103424ms)
✔ conflicting casino map metadata cannot replace the reviewed property or component point (0.588969ms)
✔ freeze accounting preserves resolved holds, unresolved candidates and historical rows honestly (1.786465ms)
✔ captured live casino responses exclude closed aliases and reconcile the reviewed regional pools (5.406266ms)
✔ Pass 50 has exactly four distinct evidence-backed physical destinations (1.275855ms)
✔ runtime points use source destination fields, never map viewport centres (1.228253ms)
✔ Cadence Crossing remains tied to corrected named-property evidence (14.54205ms)
[discovery] provider-chain {
  mode: 'nightlife',
  source: 'fallback',
  durationMs: 1,
  budgetExhausted: false,
  attempts: [
    { mirror: 1, durationMs: 0, outcome: 'malformed' },
    { mirror: 2, durationMs: 0, outcome: 'malformed' },
    { mirror: 3, durationMs: 0, outcome: 'malformed' },
    { mirror: 4, durationMs: 0, outcome: 'malformed' }
  ]
}
[discovery] provider-chain {
  mode: 'nightlife',
  source: 'error',
  durationMs: 1,
  budgetExhausted: false,
  attempts: [
    { mirror: 1, durationMs: 0, outcome: 'malformed' },
    { mirror: 2, durationMs: 0, outcome: 'malformed' },
    { mirror: 3, durationMs: 0, outcome: 'malformed' },
    { mirror: 4, durationMs: 0, outcome: 'malformed' }
  ]
}
[discovery] provider-chain {
  mode: 'nightlife',
  source: 'live',
  durationMs: 0,
  budgetExhausted: false,
  attempts: [ { mirror: 1, durationMs: 0, outcome: 'empty' } ]
}
✔ global manual origins retain final-pass casino identities and routing through actual discovery handlers (11.635794ms)
✔ switching a casino origin internationally keeps bounded closures local and preserves exact GPS coordinates (1.350166ms)
✔ incomplete provider replies retain honest casino fallback and international errors while valid empty replies stay empty (4.78598ms)
✔ current RC points match observed destination or named source fields (6.606877ms)
✔ rejected map centres cannot silently replace verified casino points (7.455918ms)
✔ current casinos survive while all reviewed closure aliases remain out of the curated catalog (22.860257ms)
✔ newly registered destinations preserve numerical property evidence and scope decisions (6.537233ms)
✔ additions enter once while pin corrections retain IDs and historical evidence (1.805693ms)
✔ nearby branded buildings and separately operated Oneida venues survive canonicalization (0.672525ms)
✔ final adversarial additions and correction preserve observed property destinations (6.761401ms)
✔ Slot Palace routing uses its operator directions address and preserves the separate resort (0.888581ms)
✔ final frontier destinations retain property evidence and survive all closure scopes (5.054766ms)
✔ casino floors remain distinct from nearby casino properties, off-site lodges and closed predecessors (1.771342ms)
✔ recent legacy exports retain their latest source identity and property point (5.100876ms)
✔ every serialized runtime casino satisfies the application data schema (11.083531ms)
✔ missing required fields, duplicate type tags, wrong categories and malformed nulls fail (0.596019ms)
✔ coordinate range, state leakage and jurisdiction disagreement are rejected (0.279782ms)
✔ new passes cannot activate without identity and coordinate evidence (0.696611ms)
✔ unsafe website schemes cannot enter destination actions (0.329778ms)
✔ strict open-now requires known open hours; default exposes saved destinations honestly (2.569056ms)
✔ casino type, radius and known/unknown price filters compose (0.329047ms)
✔ favorites, permanent exclusions and expiring exclusions protect selection (0.347294ms)
✔ empty and singleton pools terminate with correct option counts (0.301194ms)
✔ options never return duplicate identifiers or mutate the input (0.265621ms)
✔ energy and repeat penalties influence weighted picks without excluding all shown places (0.300133ms)
✔ large catalog sampling retains Unicode names and distinct options (20.864036ms)
✔ the flag predicate matches src/lib/auth (1.303646ms)
✔ reads the value a live dev server resolved (0.327163ms)
✔ a server started without the flag reads as sign-in on (0.190577ms)
✔ agreement passes (0.251159ms)
✔ divergence fails in either direction (0.238781ms)
✔ an unobservable dev server is indeterminate, not agreement (0.147172ms)
✔ a dev server that cannot be reached probes as null (0.286071ms)
✔ a server without the endpoint probes as null, not as agreement (0.559464ms)
✔ only a divergence warns the smoke verdict (0.93493ms)
✔ the build side resolves the template's shipped app-env (0.573425ms)
✔ the CLI reports rather than silently passing when run via a symlink (203.069874ms)
✔ Anything coverage satisfies every later category and subset without acquiring again (4.045973ms)
✔ coverage is category-specific within a group; only missing types are requested (10.733723ms)
✔ valid-empty coverage is reusable and preserves its origin; failed/cancelled categories stay missing (7.079761ms)
✔ complete fallback and legacy missing metadata never establish reusable live coverage (0.401025ms)
✔ cached successes plus fresh failure preserve partial live data and disjoint category outcomes (17.94095ms)
✔ cached live success survives missing-category transport failure without asserting coverage (0.58326ms)
✔ radius narrowing reuses larger coverage but widening cannot use a narrower entry (0.440494ms)
✔ latitude separates incompatible cache coverage (0.239472ms)
✔ longitude separates incompatible cache coverage (0.220733ms)
✔ Halloween activation separates incompatible cache coverage (0.394245ms)
✔ semantic version separates incompatible cache coverage (1.150165ms)
✔ TTL expires exactly at bound; reads and fresh missing-category combinations never rejuvenate old coverage (0.455938ms)
✔ new valid-empty category coverage cannot resurrect old venues through a reused superset (0.363379ms)
✔ equal-timestamp freshness uses admission order even after an older superset becomes most recently used (0.347765ms)
✔ V-DR-02: maxEntries eviction cannot resurrect superseded Corn (increasing timestamps) (1.167622ms)
✔ V-DR-02: maxEntries eviction cannot resurrect superseded Corn (equal timestamps) (0.416638ms)
✔ V-DR-02: maxVenues eviction cannot resurrect superseded Corn (increasing timestamps) (0.853177ms)
✔ V-DR-02: maxVenues eviction cannot resurrect superseded Corn (equal timestamps) (0.363218ms)
✔ V-DR-02: radius 50→15 supersession is durable and never claims wider coverage (0.405031ms)
✔ V-DR-02: radius 15→50 supersession is durable and never claims wider coverage (0.30495ms)
✔ V-DR-02: supersession lasts through the old TTL and never rejuvenates unaffected Movies (0.322867ms)
✔ V-DR-02: successful coverage for another latitude cannot supersede this signature (0.154563ms)
✔ V-DR-02: successful coverage for another longitude cannot supersede this signature (0.201443ms)
✔ V-DR-02: successful coverage for another Halloween activation cannot supersede this signature (0.121593ms)
✔ V-DR-02: successful coverage for another semantic version cannot supersede this signature (0.084498ms)
✔ V-DR-02: valid-empty supersession retains full classification and evidence for an identity still reused through Movies (0.26531ms)
✔ V-DR-02: rejected fallback response cannot supersede successful older coverage (0.167052ms)
✔ V-DR-02: rejected failed response cannot supersede successful older coverage (0.500405ms)
✔ V-DR-02: rejected cancelled response cannot supersede successful older coverage (0.128124ms)
✔ V-DR-02: rejected cache-hit response cannot supersede successful older coverage (0.138739ms)
✔ V-DR-02: rejected legacy response cannot supersede successful older coverage (0.077487ms)
✔ V-DR-02: rejected oversize response cannot supersede successful older coverage (0.113401ms)
✔ V-DR-02: partial success supersedes only its successful categories (0.178679ms)
✔ V-DR-02: an entry with all coverage superseded retains terminal identity evidence until TTL (0.276066ms)
✔ LRU entry and aggregate raw-venue caps evict whole entries without truncated coverage (0.485873ms)
✔ cache assembly preserves catalog aliases, full evidence, hours precedence and lifecycle in either insertion order (0.468076ms)
✔ fresh cross-category lifecycle evidence suppresses an older cached active identity without adding coverage (0.302796ms)
✔ actual DateNightHome: Anything→subsets and every local-only filter reuse data without network (715.826102ms)
✔ actual DateNightHome: stale persisted unknown categories recover to Anything without weakening RPC validation (15.348726ms)
✔ actual DateNightHome: subset then mixed selection fetches only missing categories (26.452436ms)
✔ actual DateNightHome: bounded missing-category timeout preserves cached live contribution and partial warning (18.901306ms)
✔ actual DateNightHome: TTL refreshes on next category acquisition, not local-only toggles or elapsed time (8.039068ms)
✔ actual DateNightHome: radius widening schedules an outer patch; narrowing reuses core without RPC (20.471805ms)
✔ actual DateNightHome: late replacement response cannot seed reusable cache (8.760706ms)
✔ actual DateNightHome: late timeout response cannot seed reusable cache (15.205539ms)
✔ actual DateNightHome: component cache lifetime does not survive unmount or contaminate another session (13.869854ms)
✔ Date Night hedge mirror 2 wins at 1500ms and cancels losing attempts (42.379184ms)
✔ Date Night hedge mirror 3 wins at 3000ms and cancels losing attempts (8.006368ms)
✔ Date Night hedge mirror 4 wins at 4500ms and cancels losing attempts (1.873607ms)
✔ Date Night all fetch stalls settle by 12.5s even when abort is honored (5.893571ms)
✔ Date Night all fetch stalls settle by 12.5s even when abort is ignored (1.503618ms)
✔ Date Night all body stalls settle by 12.5s even when abort is honored (1.360983ms)
✔ Date Night all body stalls settle by 12.5s even when abort is ignored (5.443111ms)
✔ Date Night groups share the unchanged absolute 20s deadline, including abort-ignoring work (7.790573ms)
✔ Date Night immediate 429 advances immediately and preserves normalized failure (1.680425ms)
✔ Date Night immediate 500 advances immediately and preserves normalized failure (0.825366ms)
✔ Date Night immediate 504 advances immediately and preserves normalized failure (3.859882ms)
✔ Date Night immediate malformed advances immediately and preserves normalized failure (0.55688ms)
✔ Date Night immediate invalid-json advances immediately and preserves normalized failure (0.666836ms)
✔ Date Night immediate abort advances immediately and preserves normalized failure (0.739015ms)
✔ Date Night immediate network-error advances immediately and preserves normalized failure (8.780667ms)
✔ Date Night valid empty wins and differs from failure (0.465262ms)
✔ Date Night late loser success/rejection cannot replace winner or mutate recorded outcome (6.530522ms)
✔ Date Night cancellation aborts active attempts, stops scheduled hedges and records cancelled group (1.250327ms)
✔ Date Night four groups never exceed sixteen fixed-mirror attempts and reject duplicate/untrusted group IDs (15.49146ms)
✔ canonical lifecycle interpretation preserves the full frozen key/value semantics and precedence (50.101809ms)
✔ generated POSIX value matcher has exact truth semantics, including false prefixes/extensions and case (3.94427ms)
✔ canonical normalization preserves fill-only, input ordering, active tags and supported suffix boundaries (8.911023ms)
✔ registry parity demolished: simple flags and every recognized namespace across every supported category (897.748878ms)
✔ registry parity removed: simple flags and every recognized namespace across every supported category (937.006502ms)
✔ registry parity razed: simple flags and every recognized namespace across every supported category (822.517738ms)
✔ registry parity destroyed: simple flags and every recognized namespace across every supported category (911.529442ms)
✔ registry parity disused: simple flags and every recognized namespace across every supported category (317.710703ms)
✔ registry parity abandoned: simple flags and every recognized namespace across every supported category (408.093931ms)
✔ registry parity was: simple flags and every recognized namespace across every supported category (431.73575ms)
[discovery] provider-chain {
  mode: 'date-night',
  strategy: 'hedged',
  source: 'live',
  durationMs: 2,
  budgetExhausted: false,
  requestedGroups: 1,
  successfulGroups: 1,
  failedGroups: 0,
  partial: false,
  groups: [
    {
      group: 'seasonal',
      outcome: 'success',
      durationMs: 2,
      winnerMirror: 2
    }
  ],
  attempts: [
    {
      group: 'seasonal',
      mirror: 1,
      hedgeOffsetMs: 0,
      durationMs: 1,
      outcome: 'http-error',
      status: 503
    },
    {
      group: 'seasonal',
      mirror: 2,
      hedgeOffsetMs: 1,
      durationMs: 1,
      outcome: 'success'
    }
  ]
}
[discovery] provider-chain {
  mode: 'date-night',
  strategy: 'hedged',
  source: 'live',
  durationMs: 2,
  budgetExhausted: false,
  requestedGroups: 1,
  successfulGroups: 1,
  failedGroups: 0,
  partial: false,
  groups: [
    {
      group: 'seasonal',
      outcome: 'success',
      durationMs: 2,
      winnerMirror: 2
    }
  ],
  attempts: [
    {
      group: 'seasonal',
      mirror: 1,
      hedgeOffsetMs: 0,
      durationMs: 1,
      outcome: 'http-error',
      status: 503
    },
    {
      group: 'seasonal',
      mirror: 2,
      hedgeOffsetMs: 1,
      durationMs: 1,
      outcome: 'success'
    }
  ]
}
[discovery] provider-chain {
  mode: 'date-night',
  strategy: 'hedged',
  source: 'live',
  durationMs: 6,
  budgetExhausted: false,
  requestedGroups: 4,
  successfulGroups: 4,
  failedGroups: 0,
  partial: false,
  groups: [
    {
      group: 'seasonal',
      outcome: 'success',
      durationMs: 4,
      winnerMirror: 2
    },
    {
      group: 'entertainment',
      outcome: 'success',
      durationMs: 5,
      winnerMirror: 2
    },
    {
      group: 'culture',
      outcome: 'success',
      durationMs: 4,
      winnerMirror: 2
    },
    {
      group: 'outdoor',
      outcome: 'success',
      durationMs: 5,
      winnerMirror: 2
    }
  ],
  attempts: [
    {
      group: 'culture',
      mirror: 1,
      hedgeOffsetMs: 0,
      durationMs: 2,
      outcome: 'http-error',
      status: 503
    },
    {
      group: 'culture',
      mirror: 2,
      hedgeOffsetMs: 2,
      durationMs: 1,
      outcome: 'success'
    },
    {
      group: 'entertainment',
      mirror: 1,
      hedgeOffsetMs: 0,
      durationMs: 2,
      outcome: 'http-error',
      status: 503
    },
    {
      group: 'entertainment',
      mirror: 2,
      hedgeOffsetMs: 2,
      durationMs: 2,
      outcome: 'success'
    },
    {
      group: 'outdoor',
      mirror: 1,
      hedgeOffsetMs: 0,
      durationMs: 2,
      outcome: 'http-error',
      status: 503
    },
    {
      group: 'outdoor',
      mirror: 2,
      hedgeOffsetMs: 2,
      durationMs: 3,
      outcome: 'success'
    },
    {
      group: 'seasonal',
      mirror: 1,
      hedgeOffsetMs: 0,
      durationMs: 3,
      outcome: 'http-error',
      status: 503
    },
    {
      group: 'seasonal',
      mirror: 2,
      hedgeOffsetMs: 3,
      durationMs: 2,
      outcome: 'success'
    }
  ]
}
[discovery] provider-chain {
  mode: 'date-night',
  strategy: 'hedged',
  source: 'live',
  durationMs: 1,
  budgetExhausted: false,
  requestedGroups: 1,
  successfulGroups: 1,
  failedGroups: 0,
  partial: false,
  groups: [
    {
      group: 'seasonal',
      outcome: 'success',
      durationMs: 1,
      winnerMirror: 2
    }
  ],
  attempts: [
    {
      group: 'seasonal',
      mirror: 1,
      hedgeOffsetMs: 0,
      durationMs: 0,
      outcome: 'http-error',
      status: 503
    },
    {
      group: 'seasonal',
      mirror: 2,
      hedgeOffsetMs: 0,
      durationMs: 1,
      outcome: 'success'
    }
  ]
}
[discovery] provider-chain {
  mode: 'date-night',
  strategy: 'hedged',
  source: 'live',
  durationMs: 1,
  budgetExhausted: false,
  requestedGroups: 1,
  successfulGroups: 1,
  failedGroups: 0,
  partial: false,
  groups: [
    {
      group: 'seasonal',
      outcome: 'success',
      durationMs: 1,
      winnerMirror: 2
    }
  ],
  attempts: [
    {
      group: 'seasonal',
      mirror: 1,
      hedgeOffsetMs: 0,
      durationMs: 0,
      outcome: 'http-error',
      status: 503
    },
    {
      group: 'seasonal',
      mirror: 2,
      hedgeOffsetMs: 0,
      durationMs: 1,
      outcome: 'success'
    }
  ]
}
[discovery] provider-chain {
  mode: 'date-night',
  strategy: 'hedged',
  source: 'live',
  durationMs: 3,
  budgetExhausted: false,
  requestedGroups: 4,
  successfulGroups: 4,
  failedGroups: 0,
  partial: false,
  groups: [
    {
      group: 'seasonal',
      outcome: 'success',
      durationMs: 2,
      winnerMirror: 2
    },
    {
      group: 'entertainment',
      outcome: 'success',
      durationMs: 3,
      winnerMirror: 2
    },
    {
      group: 'culture',
      outcome: 'success',
      durationMs: 2,
      winnerMirror: 2
    },
    {
      group: 'outdoor',
      outcome: 'success',
      durationMs: 3,
      winnerMirror: 2
    }
  ],
  attempts: [
    {
      group: 'culture',
      mirror: 1,
      hedgeOffsetMs: 0,
      durationMs: 1,
      outcome: 'http-error',
      status: 503
    },
    {
      group: 'culture',
      mirror: 2,
      hedgeOffsetMs: 1,
      durationMs: 1,
      outcome: 'success'
    },
    {
      group: 'entertainment',
      mirror: 1,
      hedgeOffsetMs: 0,
      durationMs: 1,
      outcome: 'http-error',
      status: 503
    },
    {
      group: 'entertainment',
      mirror: 2,
      hedgeOffsetMs: 1,
      durationMs: 2,
      outcome: 'success'
    },
    {
      group: 'outdoor',
      mirror: 1,
      hedgeOffsetMs: 0,
      durationMs: 1,
      outcome: 'http-error',
      status: 503
    },
    {
      group: 'outdoor',
      mirror: 2,
      hedgeOffsetMs: 1,
      durationMs: 2,
      outcome: 'success'
    },
    {
      group: 'seasonal',
      mirror: 1,
      hedgeOffsetMs: 0,
      durationMs: 1,
      outcome: 'http-error',
      status: 503
    },
    {
      group: 'seasonal',
      mirror: 2,
      hedgeOffsetMs: 1,
      durationMs: 1,
      outcome: 'success'
    }
  ]
}
[discovery] provider-chain {
  mode: 'date-night',
  strategy: 'hedged',
  source: 'live',
  durationMs: 1,
  budgetExhausted: false,
  requestedGroups: 1,
  successfulGroups: 1,
  failedGroups: 0,
  partial: false,
  groups: [
    {
      group: 'culture',
      outcome: 'success',
      durationMs: 1,
      winnerMirror: 2
    }
  ],
  attempts: [
    {
      group: 'culture',
      mirror: 1,
      hedgeOffsetMs: 0,
      durationMs: 1,
      outcome: 'http-error',
      status: 503
    },
    {
      group: 'culture',
      mirror: 2,
      hedgeOffsetMs: 1,
      durationMs: 1,
      outcome: 'success'
    }
  ]
}
[discovery] provider-chain {
  mode: 'date-night',
  strategy: 'hedged',
  source: 'live',
  durationMs: 1,
  budgetExhausted: false,
  requestedGroups: 1,
  successfulGroups: 1,
  failedGroups: 0,
  partial: false,
  groups: [
    {
      group: 'culture',
      outcome: 'success',
      durationMs: 1,
      winnerMirror: 2
    }
  ],
  attempts: [
    {
      group: 'culture',
      mirror: 1,
      hedgeOffsetMs: 0,
      durationMs: 1,
      outcome: 'http-error',
      status: 503
    },
    {
      group: 'culture',
      mirror: 2,
      hedgeOffsetMs: 1,
      durationMs: 1,
      outcome: 'success'
    }
  ]
}
[discovery] provider-chain {
  mode: 'date-night',
  strategy: 'hedged',
  source: 'live',
  durationMs: 6,
  budgetExhausted: false,
  requestedGroups: 4,
  successfulGroups: 4,
  failedGroups: 0,
  partial: false,
  groups: [
    {
      group: 'seasonal',
      outcome: 'success',
      durationMs: 5,
      winnerMirror: 2
    },
    {
      group: 'entertainment',
      outcome: 'success',
      durationMs: 6,
      winnerMirror: 2
    },
    {
      group: 'culture',
      outcome: 'success',
      durationMs: 3,
      winnerMirror: 2
    },
    {
      group: 'outdoor',
      outcome: 'success',
      durationMs: 6,
      winnerMirror: 2
    }
  ],
  attempts: [
    {
      group: 'culture',
      mirror: 1,
      hedgeOffsetMs: 0,
      durationMs: 1,
      outcome: 'http-error',
      status: 503
    },
    {
      group: 'culture',
      mirror: 2,
      hedgeOffsetMs: 1,
      durationMs: 1,
      outcome: 'success'
    },
    {
      group: 'entertainment',
      mirror: 1,
      hedgeOffsetMs: 0,
      durationMs: 1,
      outcome: 'http-error',
      status: 503
    },
    {
      group: 'entertainment',
      mirror: 2,
      hedgeOffsetMs: 1,
      durationMs: 4,
      outcome: 'success'
    },
    {
      group: 'outdoor',
      mirror: 1,
      hedgeOffsetMs: 0,
      durationMs: 1,
      outcome: 'http-error',
      status: 503
    },
    {
      group: 'outdoor',
      mirror: 2,
      hedgeOffsetMs: 1,
      durationMs: 5,
      outcome: 'success'
    },
    {
      group: 'seasonal',
      mirror: 1,
      hedgeOffsetMs: 0,
      durationMs: 1,
      outcome: 'http-error',
      status: 503
    },
    {
      group: 'seasonal',
      mirror: 2,
      hedgeOffsetMs: 1,
      durationMs: 4,
      outcome: 'success'
    }
  ]
}
[discovery] provider-chain {
  mode: 'date-night',
  strategy: 'hedged',
  source: 'live',
  durationMs: 1,
  budgetExhausted: false,
  requestedGroups: 1,
  successfulGroups: 1,
  failedGroups: 0,
  partial: false,
  groups: [
    {
      group: 'culture',
      outcome: 'success',
      durationMs: 1,
      winnerMirror: 2
    }
  ],
  attempts: [
    {
      group: 'culture',
      mirror: 1,
      hedgeOffsetMs: 0,
      durationMs: 0,
      outcome: 'http-error',
      status: 503
    },
    {
      group: 'culture',
      mirror: 2,
      hedgeOffsetMs: 0,
      durationMs: 1,
      outcome: 'success'
    }
  ]
}
[discovery] provider-chain {
  mode: 'date-night',
  strategy: 'hedged',
  source: 'live',
  durationMs: 1,
  budgetExhausted: false,
  requestedGroups: 1,
  successfulGroups: 1,
  failedGroups: 0,
  partial: false,
  groups: [
    {
      group: 'culture',
      outcome: 'success',
      durationMs: 1,
      winnerMirror: 2
    }
  ],
  attempts: [
    {
      group: 'culture',
      mirror: 1,
      hedgeOffsetMs: 0,
      durationMs: 0,
      outcome: 'http-error',
      status: 503
    },
    {
      group: 'culture',
      mirror: 2,
      hedgeOffsetMs: 0,
      durationMs: 1,
      outcome: 'success'
    }
  ]
}
[discovery] provider-chain {
  mode: 'date-night',
  strategy: 'hedged',
  source: 'live',
  durationMs: 4,
  budgetExhausted: false,
  requestedGroups: 4,
  successfulGroups: 4,
  failedGroups: 0,
  partial: false,
  groups: [
    {
      group: 'seasonal',
      outcome: 'success',
      durationMs: 3,
      winnerMirror: 2
    },
    {
      group: 'entertainment',
      outcome: 'success',
      durationMs: 4,
      winnerMirror: 2
    },
    {
      group: 'culture',
      outcome: 'success',
      durationMs: 2,
      winnerMirror: 2
    },
    {
      group: 'outdoor',
      outcome: 'success',
      durationMs: 4,
      winnerMirror: 2
    }
  ],
  attempts: [
    {
      group: 'culture',
      mirror: 1,
      hedgeOffsetMs: 0,
      durationMs: 1,
      outcome: 'http-error',
      status: 503
    },
    {
      group: 'culture',
      mirror: 2,
      hedgeOffsetMs: 1,
      durationMs: 1,
      outcome: 'success'
    },
    {
      group: 'entertainment',
      mirror: 1,
      hedgeOffsetMs: 0,
      durationMs: 1,
      outcome: 'http-error',
      status: 503
    },
    {
      group: 'entertainment',
      mirror: 2,
      hedgeOffsetMs: 1,
      durationMs: 3,
      outcome: 'success'
    },
    {
      group: 'outdoor',
      mirror: 1,
      hedgeOffsetMs: 0,
      durationMs: 1,
      outcome: 'http-error',
      status: 503
    },
    {
      group: 'outdoor',
      mirror: 2,
      hedgeOffsetMs: 1,
      durationMs: 3,
      outcome: 'success'
    },
    {
      group: 'seasonal',
      mirror: 1,
      hedgeOffsetMs: 0,
      durationMs: 1,
      outcome: 'http-error',
      status: 503
    },
    {
      group: 'seasonal',
      mirror: 2,
      hedgeOffsetMs: 1,
      durationMs: 2,
      outcome: 'success'
    }
  ]
}
[discovery] provider-chain {
  mode: 'date-night',
  strategy: 'hedged',
  source: 'live',
  durationMs: 1,
  budgetExhausted: false,
  requestedGroups: 1,
  successfulGroups: 1,
  failedGroups: 0,
  partial: false,
  groups: [
    {
      group: 'culture',
      outcome: 'success',
      durationMs: 1,
      winnerMirror: 2
    }
  ],
  attempts: [
    {
      group: 'culture',
      mirror: 1,
      hedgeOffsetMs: 0,
      durationMs: 0,
      outcome: 'http-error',
      status: 503
    },
    {
      group: 'culture',
      mirror: 2,
      hedgeOffsetMs: 0,
      durationMs: 1,
      outcome: 'success'
    }
  ]
}
[discovery] provider-chain {
  mode: 'date-night',
  strategy: 'hedged',
  source: 'live',
  durationMs: 2,
  budgetExhausted: false,
  requestedGroups: 2,
  successfulGroups: 2,
  failedGroups: 0,
  partial: false,
  groups: [
    {
      group: 'entertainment',
      outcome: 'success',
      durationMs: 2,
      winnerMirror: 2
    },
    {
      group: 'culture',
      outcome: 'success',
      durationMs: 2,
      winnerMirror: 2
    }
  ],
  attempts: [
    {
      group: 'culture',
      mirror: 1,
      hedgeOffsetMs: 0,
      durationMs: 1,
      outcome: 'http-error',
      status: 503
    },
    {
      group: 'culture',
      mirror: 2,
      hedgeOffsetMs: 1,
      durationMs: 1,
      outcome: 'success'
    },
    {
      group: 'entertainment',
      mirror: 1,
      hedgeOffsetMs: 0,
      durationMs: 1,
      outcome: 'http-error',
      status: 503
    },
    {
      group: 'entertainment',
      mirror: 2,
      hedgeOffsetMs: 1,
      durationMs: 1,
      outcome: 'success'
    }
  ]
}
[discovery] provider-chain {
  mode: 'date-night',
  strategy: 'hedged',
  source: 'live',
  durationMs: 4,
  budgetExhausted: false,
  requestedGroups: 4,
  successfulGroups: 4,
  failedGroups: 0,
  partial: false,
  groups: [
    {
      group: 'seasonal',
      outcome: 'success',
      durationMs: 3,
      winnerMirror: 2
    },
    {
      group: 'entertainment',
      outcome: 'success',
      durationMs: 4,
      winnerMirror: 2
    },
    {
      group: 'culture',
      outcome: 'success',
      durationMs: 2,
      winnerMirror: 2
    },
    {
      group: 'outdoor',
      outcome: 'success',
      durationMs: 4,
      winnerMirror: 2
    }
  ],
  attempts: [
    {
      group: 'culture',
      mirror: 1,
      hedgeOffsetMs: 0,
      durationMs: 1,
      outcome: 'http-error',
      status: 503
    },
    {
      group: 'culture',
      mirror: 2,
      hedgeOffsetMs: 1,
      durationMs: 1,
      outcome: 'success'
    },
    {
      group: 'entertainment',
      mirror: 1,
      hedgeOffsetMs: 0,
      durationMs: 1,
      outcome: 'http-error',
      status: 503
    },
    {
      group: 'entertainment',
      mirror: 2,
      hedgeOffsetMs: 1,
      durationMs: 3,
      outcome: 'success'
    },
    {
      group: 'outdoor',
      mirror: 1,
      hedgeOffsetMs: 0,
      durationMs: 1,
      outcome: 'http-error',
      status: 503
    },
    {
      group: 'outdoor',
      mirror: 2,
      hedgeOffsetMs: 1,
      durationMs: 3,
      outcome: 'success'
    },
    {
      group: 'seasonal',
      mirror: 1,
      hedgeOffsetMs: 0,
      durationMs: 1,
      outcome: 'http-error',
      status: 503
    },
    {
      group: 'seasonal',
      mirror: 2,
      hedgeOffsetMs: 1,
      durationMs: 2,
      outcome: 'success'
    }
  ]
}
✔ real handler demolished: forward/reverse seasonal and ordinary flags, result order, later mirror (115.515368ms)
✔ real handler demolished: reconstructed contextual seasonal evidence and ordinary namespace parity (59.390152ms)
[discovery] provider-chain {
  mode: 'date-night',
  strategy: 'hedged',
  source: 'live',
  durationMs: 1,
  budgetExhausted: false,
  requestedGroups: 1,
  successfulGroups: 1,
  failedGroups: 0,
  partial: false,
  groups: [
    {
      group: 'seasonal',
      outcome: 'success',
      durationMs: 1,
      winnerMirror: 2
    }
  ],
  attempts: [
    {
      group: 'seasonal',
      mirror: 1,
      hedgeOffsetMs: 0,
      durationMs: 0,
      outcome: 'http-error',
      status: 503
    },
    {
      group: 'seasonal',
      mirror: 2,
      hedgeOffsetMs: 0,
      durationMs: 1,
      outcome: 'success'
    }
  ]
}
[discovery] provider-chain {
  mode: 'date-night',
  strategy: 'hedged',
  source: 'live',
  durationMs: 1,
  budgetExhausted: false,
  requestedGroups: 1,
  successfulGroups: 1,
  failedGroups: 0,
  partial: false,
  groups: [
    {
      group: 'seasonal',
      outcome: 'success',
      durationMs: 1,
      winnerMirror: 2
    }
  ],
  attempts: [
    {
      group: 'seasonal',
      mirror: 1,
      hedgeOffsetMs: 0,
      durationMs: 0,
      outcome: 'http-error',
      status: 503
    },
    {
      group: 'seasonal',
      mirror: 2,
      hedgeOffsetMs: 0,
      durationMs: 1,
      outcome: 'success'
    }
  ]
}
[discovery] provider-chain {
  mode: 'date-night',
  strategy: 'hedged',
  source: 'live',
  durationMs: 3,
  budgetExhausted: false,
  requestedGroups: 4,
  successfulGroups: 4,
  failedGroups: 0,
  partial: false,
  groups: [
    {
      group: 'seasonal',
      outcome: 'success',
      durationMs: 2,
      winnerMirror: 2
    },
    {
      group: 'entertainment',
      outcome: 'success',
      durationMs: 3,
      winnerMirror: 2
    },
    {
      group: 'culture',
      outcome: 'success',
      durationMs: 2,
      winnerMirror: 2
    },
    {
      group: 'outdoor',
      outcome: 'success',
      durationMs: 3,
      winnerMirror: 2
    }
  ],
  attempts: [
    {
      group: 'culture',
      mirror: 1,
      hedgeOffsetMs: 0,
      durationMs: 1,
      outcome: 'http-error',
      status: 503
    },
    {
      group: 'culture',
      mirror: 2,
      hedgeOffsetMs: 1,
      durationMs: 1,
      outcome: 'success'
    },
    {
      group: 'entertainment',
      mirror: 1,
      hedgeOffsetMs: 0,
      durationMs: 1,
      outcome: 'http-error',
      status: 503
    },
    {
      group: 'entertainment',
      mirror: 2,
      hedgeOffsetMs: 1,
      durationMs: 2,
      outcome: 'success'
    },
    {
      group: 'outdoor',
      mirror: 1,
      hedgeOffsetMs: 0,
      durationMs: 1,
      outcome: 'http-error',
      status: 503
    },
    {
      group: 'outdoor',
      mirror: 2,
      hedgeOffsetMs: 1,
      durationMs: 2,
      outcome: 'success'
    },
    {
      group: 'seasonal',
      mirror: 1,
      hedgeOffsetMs: 0,
      durationMs: 1,
      outcome: 'http-error',
      status: 503
    },
    {
      group: 'seasonal',
      mirror: 2,
      hedgeOffsetMs: 1,
      durationMs: 2,
      outcome: 'success'
    }
  ]
}
[discovery] provider-chain {
  mode: 'date-night',
  strategy: 'hedged',
  source: 'live',
  durationMs: 1,
  budgetExhausted: false,
  requestedGroups: 1,
  successfulGroups: 1,
  failedGroups: 0,
  partial: false,
  groups: [
    {
      group: 'seasonal',
      outcome: 'success',
      durationMs: 1,
      winnerMirror: 2
    }
  ],
  attempts: [
    {
      group: 'seasonal',
      mirror: 1,
      hedgeOffsetMs: 0,
      durationMs: 0,
      outcome: 'http-error',
      status: 503
    },
    {
      group: 'seasonal',
      mirror: 2,
      hedgeOffsetMs: 0,
      durationMs: 1,
      outcome: 'success'
    }
  ]
}
[discovery] provider-chain {
  mode: 'date-night',
  strategy: 'hedged',
  source: 'live',
  durationMs: 1,
  budgetExhausted: false,
  requestedGroups: 1,
  successfulGroups: 1,
  failedGroups: 0,
  partial: false,
  groups: [
    {
      group: 'seasonal',
      outcome: 'success',
      durationMs: 1,
      winnerMirror: 2
    }
  ],
  attempts: [
    {
      group: 'seasonal',
      mirror: 1,
      hedgeOffsetMs: 0,
      durationMs: 0,
      outcome: 'http-error',
      status: 503
    },
    {
      group: 'seasonal',
      mirror: 2,
      hedgeOffsetMs: 0,
      durationMs: 1,
      outcome: 'success'
    }
  ]
}
[discovery] provider-chain {
  mode: 'date-night',
  strategy: 'hedged',
  source: 'live',
  durationMs: 4,
  budgetExhausted: false,
  requestedGroups: 4,
  successfulGroups: 4,
  failedGroups: 0,
  partial: false,
  groups: [
    {
      group: 'seasonal',
      outcome: 'success',
      durationMs: 3,
      winnerMirror: 2
    },
    {
      group: 'entertainment',
      outcome: 'success',
      durationMs: 3,
      winnerMirror: 2
    },
    {
      group: 'culture',
      outcome: 'success',
      durationMs: 2,
      winnerMirror: 2
    },
    {
      group: 'outdoor',
      outcome: 'success',
      durationMs: 4,
      winnerMirror: 2
    }
  ],
  attempts: [
    {
      group: 'culture',
      mirror: 1,
      hedgeOffsetMs: 0,
      durationMs: 1,
      outcome: 'http-error',
      status: 503
    },
    {
      group: 'culture',
      mirror: 2,
      hedgeOffsetMs: 1,
      durationMs: 1,
      outcome: 'success'
    },
    {
      group: 'entertainment',
      mirror: 1,
      hedgeOffsetMs: 0,
      durationMs: 1,
      outcome: 'http-error',
      status: 503
    },
    {
      group: 'entertainment',
      mirror: 2,
      hedgeOffsetMs: 1,
      durationMs: 2,
      outcome: 'success'
    },
    {
      group: 'outdoor',
      mirror: 1,
      hedgeOffsetMs: 0,
      durationMs: 1,
      outcome: 'http-error',
      status: 503
    },
    {
      group: 'outdoor',
      mirror: 2,
      hedgeOffsetMs: 1,
      durationMs: 3,
      outcome: 'success'
    },
    {
      group: 'seasonal',
      mirror: 1,
      hedgeOffsetMs: 0,
      durationMs: 1,
      outcome: 'http-error',
      status: 503
    },
    {
      group: 'seasonal',
      mirror: 2,
      hedgeOffsetMs: 1,
      durationMs: 2,
      outcome: 'success'
    }
  ]
}
[discovery] provider-chain {
  mode: 'date-night',
  strategy: 'hedged',
  source: 'live',
  durationMs: 1,
  budgetExhausted: false,
  requestedGroups: 1,
  successfulGroups: 1,
  failedGroups: 0,
  partial: false,
  groups: [
    {
      group: 'culture',
      outcome: 'success',
      durationMs: 1,
      winnerMirror: 2
    }
  ],
  attempts: [
    {
      group: 'culture',
      mirror: 1,
      hedgeOffsetMs: 0,
      durationMs: 0,
      outcome: 'http-error',
      status: 503
    },
    {
      group: 'culture',
      mirror: 2,
      hedgeOffsetMs: 0,
      durationMs: 1,
      outcome: 'success'
    }
  ]
}
[discovery] provider-chain {
  mode: 'date-night',
  strategy: 'hedged',
  source: 'live',
  durationMs: 1,
  budgetExhausted: false,
  requestedGroups: 1,
  successfulGroups: 1,
  failedGroups: 0,
  partial: false,
  groups: [
    {
      group: 'culture',
      outcome: 'success',
      durationMs: 1,
      winnerMirror: 2
    }
  ],
  attempts: [
    {
      group: 'culture',
      mirror: 1,
      hedgeOffsetMs: 0,
      durationMs: 0,
      outcome: 'http-error',
      status: 503
    },
    {
      group: 'culture',
      mirror: 2,
      hedgeOffsetMs: 0,
      durationMs: 1,
      outcome: 'success'
    }
  ]
}
[discovery] provider-chain {
  mode: 'date-night',
  strategy: 'hedged',
  source: 'live',
  durationMs: 5,
  budgetExhausted: false,
  requestedGroups: 4,
  successfulGroups: 4,
  failedGroups: 0,
  partial: false,
  groups: [
    {
      group: 'seasonal',
      outcome: 'success',
      durationMs: 3,
      winnerMirror: 2
    },
    {
      group: 'entertainment',
      outcome: 'success',
      durationMs: 4,
      winnerMirror: 2
    },
    {
      group: 'culture',
      outcome: 'success',
      durationMs: 2,
      winnerMirror: 2
    },
    {
      group: 'outdoor',
      outcome: 'success',
      durationMs: 4,
      winnerMirror: 2
    }
  ],
  attempts: [
    {
      group: 'culture',
      mirror: 1,
      hedgeOffsetMs: 0,
      durationMs: 1,
      outcome: 'http-error',
      status: 503
    },
    {
      group: 'culture',
      mirror: 2,
      hedgeOffsetMs: 1,
      durationMs: 1,
      outcome: 'success'
    },
    {
      group: 'entertainment',
      mirror: 1,
      hedgeOffsetMs: 0,
      durationMs: 1,
      outcome: 'http-error',
      status: 503
    },
    {
      group: 'entertainment',
      mirror: 2,
      hedgeOffsetMs: 1,
      durationMs: 3,
      outcome: 'success'
    },
    {
      group: 'outdoor',
      mirror: 1,
      hedgeOffsetMs: 0,
      durationMs: 1,
      outcome: 'http-error',
      status: 503
    },
    {
      group: 'outdoor',
      mirror: 2,
      hedgeOffsetMs: 1,
      durationMs: 3,
      outcome: 'success'
    },
    {
      group: 'seasonal',
      mirror: 1,
      hedgeOffsetMs: 0,
      durationMs: 1,
      outcome: 'http-error',
      status: 503
    },
    {
      group: 'seasonal',
      mirror: 2,
      hedgeOffsetMs: 1,
      durationMs: 2,
      outcome: 'success'
    }
  ]
}
[discovery] provider-chain {
  mode: 'date-night',
  strategy: 'hedged',
  source: 'live',
  durationMs: 1,
  budgetExhausted: false,
  requestedGroups: 1,
  successfulGroups: 1,
  failedGroups: 0,
  partial: false,
  groups: [
    {
      group: 'culture',
      outcome: 'success',
      durationMs: 1,
      winnerMirror: 2
    }
  ],
  attempts: [
    {
      group: 'culture',
      mirror: 1,
      hedgeOffsetMs: 0,
      durationMs: 0,
      outcome: 'http-error',
      status: 503
    },
    {
      group: 'culture',
      mirror: 2,
      hedgeOffsetMs: 0,
      durationMs: 1,
      outcome: 'success'
    }
  ]
}
[discovery] provider-chain {
  mode: 'date-night',
  strategy: 'hedged',
  source: 'live',
  durationMs: 1,
  budgetExhausted: false,
  requestedGroups: 1,
  successfulGroups: 1,
  failedGroups: 0,
  partial: false,
  groups: [
    {
      group: 'culture',
      outcome: 'success',
      durationMs: 1,
      winnerMirror: 2
    }
  ],
  attempts: [
    {
      group: 'culture',
      mirror: 1,
      hedgeOffsetMs: 0,
      durationMs: 0,
      outcome: 'http-error',
      status: 503
    },
    {
      group: 'culture',
      mirror: 2,
      hedgeOffsetMs: 0,
      durationMs: 1,
      outcome: 'success'
    }
  ]
}
[discovery] provider-chain {
  mode: 'date-night',
  strategy: 'hedged',
  source: 'live',
  durationMs: 3,
  budgetExhausted: false,
  requestedGroups: 4,
  successfulGroups: 4,
  failedGroups: 0,
  partial: false,
  groups: [
    {
      group: 'seasonal',
      outcome: 'success',
      durationMs: 2,
      winnerMirror: 2
    },
    {
      group: 'entertainment',
      outcome: 'success',
      durationMs: 3,
      winnerMirror: 2
    },
    {
      group: 'culture',
      outcome: 'success',
      durationMs: 1,
      winnerMirror: 2
    },
    {
      group: 'outdoor',
      outcome: 'success',
      durationMs: 3,
      winnerMirror: 2
    }
  ],
  attempts: [
    {
      group: 'culture',
      mirror: 1,
      hedgeOffsetMs: 0,
      durationMs: 1,
      outcome: 'http-error',
      status: 503
    },
    {
      group: 'culture',
      mirror: 2,
      hedgeOffsetMs: 1,
      durationMs: 1,
      outcome: 'success'
    },
    {
      group: 'entertainment',
      mirror: 1,
      hedgeOffsetMs: 0,
      durationMs: 1,
      outcome: 'http-error',
      status: 503
    },
    {
      group: 'entertainment',
      mirror: 2,
      hedgeOffsetMs: 1,
      durationMs: 2,
      outcome: 'success'
    },
    {
      group: 'outdoor',
      mirror: 1,
      hedgeOffsetMs: 0,
      durationMs: 1,
      outcome: 'http-error',
      status: 503
    },
    {
      group: 'outdoor',
      mirror: 2,
      hedgeOffsetMs: 1,
      durationMs: 3,
      outcome: 'success'
    },
    {
      group: 'seasonal',
      mirror: 1,
      hedgeOffsetMs: 0,
      durationMs: 1,
      outcome: 'http-error',
      status: 503
    },
    {
      group: 'seasonal',
      mirror: 2,
      hedgeOffsetMs: 1,
      durationMs: 1,
      outcome: 'success'
    }
  ]
}
[discovery] provider-chain {
  mode: 'date-night',
  strategy: 'hedged',
  source: 'live',
  durationMs: 2,
  budgetExhausted: false,
  requestedGroups: 1,
  successfulGroups: 1,
  failedGroups: 0,
  partial: false,
  groups: [
    {
      group: 'culture',
      outcome: 'success',
      durationMs: 2,
      winnerMirror: 2
    }
  ],
  attempts: [
    {
      group: 'culture',
      mirror: 1,
      hedgeOffsetMs: 0,
      durationMs: 0,
      outcome: 'http-error',
      status: 503
    },
    {
      group: 'culture',
      mirror: 2,
      hedgeOffsetMs: 0,
      durationMs: 1,
      outcome: 'success'
    }
  ]
}
[discovery] provider-chain {
  mode: 'date-night',
  strategy: 'hedged',
  source: 'live',
  durationMs: 6,
  budgetExhausted: false,
  requestedGroups: 2,
  successfulGroups: 2,
  failedGroups: 0,
  partial: false,
  groups: [
    {
      group: 'entertainment',
      outcome: 'success',
      durationMs: 5,
      winnerMirror: 2
    },
    {
      group: 'culture',
      outcome: 'success',
      durationMs: 2,
      winnerMirror: 2
    }
  ],
  attempts: [
    {
      group: 'culture',
      mirror: 1,
      hedgeOffsetMs: 0,
      durationMs: 0,
      outcome: 'http-error',
      status: 503
    },
    {
      group: 'culture',
      mirror: 2,
      hedgeOffsetMs: 0,
      durationMs: 1,
      outcome: 'success'
    },
    {
      group: 'entertainment',
      mirror: 1,
      hedgeOffsetMs: 0,
      durationMs: 1,
      outcome: 'http-error',
      status: 503
    },
    {
      group: 'entertainment',
      mirror: 2,
      hedgeOffsetMs: 1,
      durationMs: 5,
      outcome: 'success'
    }
  ]
}
[discovery] provider-chain {
  mode: 'date-night',
  strategy: 'hedged',
  source: 'live',
  durationMs: 4,
  budgetExhausted: false,
  requestedGroups: 4,
  successfulGroups: 4,
  failedGroups: 0,
  partial: false,
  groups: [
    {
      group: 'seasonal',
      outcome: 'success',
      durationMs: 3,
      winnerMirror: 2
    },
    {
      group: 'entertainment',
      outcome: 'success',
      durationMs: 3,
      winnerMirror: 2
    },
    {
      group: 'culture',
      outcome: 'success',
      durationMs: 2,
      winnerMirror: 2
    },
    {
      group: 'outdoor',
      outcome: 'success',
      durationMs: 3,
      winnerMirror: 2
    }
  ],
  attempts: [
    {
      group: 'culture',
      mirror: 1,
      hedgeOffsetMs: 0,
      durationMs: 1,
      outcome: 'http-error',
      status: 503
    },
    {
      group: 'culture',
      mirror: 2,
      hedgeOffsetMs: 1,
      durationMs: 1,
      outcome: 'success'
    },
    {
      group: 'entertainment',
      mirror: 1,
      hedgeOffsetMs: 0,
      durationMs: 1,
      outcome: 'http-error',
      status: 503
    },
    {
      group: 'entertainment',
      mirror: 2,
      hedgeOffsetMs: 1,
      durationMs: 2,
      outcome: 'success'
    },
    {
      group: 'outdoor',
      mirror: 1,
      hedgeOffsetMs: 0,
      durationMs: 1,
      outcome: 'http-error',
      status: 503
    },
    {
      group: 'outdoor',
      mirror: 2,
      hedgeOffsetMs: 1,
      durationMs: 2,
      outcome: 'success'
    },
    {
      group: 'seasonal',
      mirror: 1,
      hedgeOffsetMs: 0,
      durationMs: 1,
      outcome: 'http-error',
      status: 503
    },
    {
      group: 'seasonal',
      mirror: 2,
      hedgeOffsetMs: 1,
      durationMs: 1,
      outcome: 'success'
    }
  ]
}
✔ real handler removed: forward/reverse seasonal and ordinary flags, result order, later mirror (70.764503ms)
✔ real handler removed: reconstructed contextual seasonal evidence and ordinary namespace parity (8.227703ms)
[discovery] provider-chain {
  mode: 'date-night',
  strategy: 'hedged',
  source: 'live',
  durationMs: 1,
  budgetExhausted: false,
  requestedGroups: 1,
  successfulGroups: 1,
  failedGroups: 0,
  partial: false,
  groups: [
    {
      group: 'seasonal',
      outcome: 'success',
      durationMs: 1,
      winnerMirror: 2
    }
  ],
  attempts: [
    {
      group: 'seasonal',
      mirror: 1,
      hedgeOffsetMs: 0,
      durationMs: 0,
      outcome: 'http-error',
      status: 503
    },
    {
      group: 'seasonal',
      mirror: 2,
      hedgeOffsetMs: 0,
      durationMs: 1,
      outcome: 'success'
    }
  ]
}
[discovery] provider-chain {
  mode: 'date-night',
  strategy: 'hedged',
  source: 'live',
  durationMs: 1,
  budgetExhausted: false,
  requestedGroups: 1,
  successfulGroups: 1,
  failedGroups: 0,
  partial: false,
  groups: [
    {
      group: 'seasonal',
      outcome: 'success',
      durationMs: 1,
      winnerMirror: 2
    }
  ],
  attempts: [
    {
      group: 'seasonal',
      mirror: 1,
      hedgeOffsetMs: 0,
      durationMs: 0,
      outcome: 'http-error',
      status: 503
    },
    {
      group: 'seasonal',
      mirror: 2,
      hedgeOffsetMs: 0,
      durationMs: 1,
      outcome: 'success'
    }
  ]
}
[discovery] provider-chain {
  mode: 'date-night',
  strategy: 'hedged',
  source: 'live',
  durationMs: 6,
  budgetExhausted: false,
  requestedGroups: 4,
  successfulGroups: 4,
  failedGroups: 0,
  partial: false,
  groups: [
    {
      group: 'seasonal',
      outcome: 'success',
      durationMs: 3,
      winnerMirror: 2
    },
    {
      group: 'entertainment',
      outcome: 'success',
      durationMs: 5,
      winnerMirror: 2
    },
    {
      group: 'culture',
      outcome: 'success',
      durationMs: 2,
      winnerMirror: 2
    },
    {
      group: 'outdoor',
      outcome: 'success',
      durationMs: 6,
      winnerMirror: 2
    }
  ],
  attempts: [
    {
      group: 'culture',
      mirror: 1,
      hedgeOffsetMs: 0,
      durationMs: 1,
      outcome: 'http-error',
      status: 503
    },
    {
      group: 'culture',
      mirror: 2,
      hedgeOffsetMs: 1,
      durationMs: 1,
      outcome: 'success'
    },
    {
      group: 'entertainment',
      mirror: 1,
      hedgeOffsetMs: 0,
      durationMs: 1,
      outcome: 'http-error',
      status: 503
    },
    {
      group: 'entertainment',
      mirror: 2,
      hedgeOffsetMs: 1,
      durationMs: 4,
      outcome: 'success'
    },
    {
      group: 'outdoor',
      mirror: 1,
      hedgeOffsetMs: 0,
      durationMs: 1,
      outcome: 'http-error',
      status: 503
    },
    {
      group: 'outdoor',
      mirror: 2,
      hedgeOffsetMs: 1,
      durationMs: 5,
      outcome: 'success'
    },
    {
      group: 'seasonal',
      mirror: 1,
      hedgeOffsetMs: 0,
      durationMs: 1,
      outcome: 'http-error',
      status: 503
    },
    {
      group: 'seasonal',
      mirror: 2,
      hedgeOffsetMs: 1,
      durationMs: 2,
      outcome: 'success'
    }
  ]
}
[discovery] provider-chain {
  mode: 'date-night',
  strategy: 'hedged',
  source: 'live',
  durationMs: 1,
  budgetExhausted: false,
  requestedGroups: 1,
  successfulGroups: 1,
  failedGroups: 0,
  partial: false,
  groups: [
    {
      group: 'seasonal',
      outcome: 'success',
      durationMs: 1,
      winnerMirror: 2
    }
  ],
  attempts: [
    {
      group: 'seasonal',
      mirror: 1,
      hedgeOffsetMs: 0,
      durationMs: 0,
      outcome: 'http-error',
      status: 503
    },
    {
      group: 'seasonal',
      mirror: 2,
      hedgeOffsetMs: 0,
      durationMs: 1,
      outcome: 'success'
    }
  ]
}
[discovery] provider-chain {
  mode: 'date-night',
  strategy: 'hedged',
  source: 'live',
  durationMs: 1,
  budgetExhausted: false,
  requestedGroups: 1,
  successfulGroups: 1,
  failedGroups: 0,
  partial: false,
  groups: [
    {
      group: 'seasonal',
      outcome: 'success',
      durationMs: 1,
      winnerMirror: 2
    }
  ],
  attempts: [
    {
      group: 'seasonal',
      mirror: 1,
      hedgeOffsetMs: 0,
      durationMs: 0,
      outcome: 'http-error',
      status: 503
    },
    {
      group: 'seasonal',
      mirror: 2,
      hedgeOffsetMs: 0,
      durationMs: 1,
      outcome: 'success'
    }
  ]
}
[discovery] provider-chain {
  mode: 'date-night',
  strategy: 'hedged',
  source: 'live',
  durationMs: 6,
  budgetExhausted: false,
  requestedGroups: 4,
  successfulGroups: 4,
  failedGroups: 0,
  partial: false,
  groups: [
    {
      group: 'seasonal',
      outcome: 'success',
      durationMs: 4,
      winnerMirror: 2
    },
    {
      group: 'entertainment',
      outcome: 'success',
      durationMs: 4,
      winnerMirror: 2
    },
    {
      group: 'culture',
      outcome: 'success',
      durationMs: 2,
      winnerMirror: 2
    },
    {
      group: 'outdoor',
      outcome: 'success',
      durationMs: 5,
      winnerMirror: 2
    }
  ],
  attempts: [
    {
      group: 'culture',
      mirror: 1,
      hedgeOffsetMs: 0,
      durationMs: 1,
      outcome: 'http-error',
      status: 503
    },
    {
      group: 'culture',
      mirror: 2,
      hedgeOffsetMs: 1,
      durationMs: 1,
      outcome: 'success'
    },
    {
      group: 'entertainment',
      mirror: 1,
      hedgeOffsetMs: 0,
      durationMs: 1,
      outcome: 'http-error',
      status: 503
    },
    {
      group: 'entertainment',
      mirror: 2,
      hedgeOffsetMs: 1,
      durationMs: 3,
      outcome: 'success'
    },
    {
      group: 'outdoor',
      mirror: 1,
      hedgeOffsetMs: 0,
      durationMs: 1,
      outcome: 'http-error',
      status: 503
    },
    {
      group: 'outdoor',
      mirror: 2,
      hedgeOffsetMs: 1,
      durationMs: 4,
      outcome: 'success'
    },
    {
      group: 'seasonal',
      mirror: 1,
      hedgeOffsetMs: 0,
      durationMs: 1,
      outcome: 'http-error',
      status: 503
    },
    {
      group: 'seasonal',
      mirror: 2,
      hedgeOffsetMs: 1,
      durationMs: 2,
      outcome: 'success'
    }
  ]
}
[discovery] provider-chain {
  mode: 'date-night',
  strategy: 'hedged',
  source: 'live',
  durationMs: 1,
  budgetExhausted: false,
  requestedGroups: 1,
  successfulGroups: 1,
  failedGroups: 0,
  partial: false,
  groups: [
    {
      group: 'culture',
      outcome: 'success',
      durationMs: 1,
      winnerMirror: 2
    }
  ],
  attempts: [
    {
      group: 'culture',
      mirror: 1,
      hedgeOffsetMs: 0,
      durationMs: 0,
      outcome: 'http-error',
      status: 503
    },
    {
      group: 'culture',
      mirror: 2,
      hedgeOffsetMs: 0,
      durationMs: 1,
      outcome: 'success'
    }
  ]
}
[discovery] provider-chain {
  mode: 'date-night',
  strategy: 'hedged',
  source: 'live',
  durationMs: 7,
  budgetExhausted: false,
  requestedGroups: 1,
  successfulGroups: 1,
  failedGroups: 0,
  partial: false,
  groups: [
    {
      group: 'culture',
      outcome: 'success',
      durationMs: 7,
      winnerMirror: 2
    }
  ],
  attempts: [
    {
      group: 'culture',
      mirror: 1,
      hedgeOffsetMs: 0,
      durationMs: 0,
      outcome: 'http-error',
      status: 503
    },
    {
      group: 'culture',
      mirror: 2,
      hedgeOffsetMs: 0,
      durationMs: 7,
      outcome: 'success'
    }
  ]
}
[discovery] provider-chain {
  mode: 'date-night',
  strategy: 'hedged',
  source: 'live',
  durationMs: 9,
  budgetExhausted: false,
  requestedGroups: 4,
  successfulGroups: 4,
  failedGroups: 0,
  partial: false,
  groups: [
    {
      group: 'seasonal',
      outcome: 'success',
      durationMs: 7,
      winnerMirror: 2
    },
    {
      group: 'entertainment',
      outcome: 'success',
      durationMs: 8,
      winnerMirror: 2
    },
    {
      group: 'culture',
      outcome: 'success',
      durationMs: 6,
      winnerMirror: 2
    },
    {
      group: 'outdoor',
      outcome: 'success',
      durationMs: 9,
      winnerMirror: 2
    }
  ],
  attempts: [
    {
      group: 'culture',
      mirror: 1,
      hedgeOffsetMs: 0,
      durationMs: 1,
      outcome: 'http-error',
      status: 503
    },
    {
      group: 'culture',
      mirror: 2,
      hedgeOffsetMs: 1,
      durationMs: 5,
      outcome: 'success'
    },
    {
      group: 'entertainment',
      mirror: 1,
      hedgeOffsetMs: 0,
      durationMs: 1,
      outcome: 'http-error',
      status: 503
    },
    {
      group: 'entertainment',
      mirror: 2,
      hedgeOffsetMs: 1,
      durationMs: 7,
      outcome: 'success'
    },
    {
      group: 'outdoor',
      mirror: 1,
      hedgeOffsetMs: 0,
      durationMs: 1,
      outcome: 'http-error',
      status: 503
    },
    {
      group: 'outdoor',
      mirror: 2,
      hedgeOffsetMs: 1,
      durationMs: 8,
      outcome: 'success'
    },
    {
      group: 'seasonal',
      mirror: 1,
      hedgeOffsetMs: 0,
      durationMs: 1,
      outcome: 'http-error',
      status: 503
    },
    {
      group: 'seasonal',
      mirror: 2,
      hedgeOffsetMs: 1,
      durationMs: 6,
      outcome: 'success'
    }
  ]
}
[discovery] provider-chain {
  mode: 'date-night',
  strategy: 'hedged',
  source: 'live',
  durationMs: 4,
  budgetExhausted: false,
  requestedGroups: 1,
  successfulGroups: 1,
  failedGroups: 0,
  partial: false,
  groups: [
    {
      group: 'culture',
      outcome: 'success',
      durationMs: 4,
      winnerMirror: 2
    }
  ],
  attempts: [
    {
      group: 'culture',
      mirror: 1,
      hedgeOffsetMs: 0,
      durationMs: 0,
      outcome: 'http-error',
      status: 503
    },
    {
      group: 'culture',
      mirror: 2,
      hedgeOffsetMs: 0,
      durationMs: 3,
      outcome: 'success'
    }
  ]
}
[discovery] provider-chain {
  mode: 'date-night',
  strategy: 'hedged',
  source: 'live',
  durationMs: 1,
  budgetExhausted: false,
  requestedGroups: 1,
  successfulGroups: 1,
  failedGroups: 0,
  partial: false,
  groups: [
    {
      group: 'culture',
      outcome: 'success',
      durationMs: 1,
      winnerMirror: 2
    }
  ],
  attempts: [
    {
      group: 'culture',
      mirror: 1,
      hedgeOffsetMs: 0,
      durationMs: 0,
      outcome: 'http-error',
      status: 503
    },
    {
      group: 'culture',
      mirror: 2,
      hedgeOffsetMs: 0,
      durationMs: 1,
      outcome: 'success'
    }
  ]
}
[discovery] provider-chain {
  mode: 'date-night',
  strategy: 'hedged',
  source: 'live',
  durationMs: 4,
  budgetExhausted: false,
  requestedGroups: 4,
  successfulGroups: 4,
  failedGroups: 0,
  partial: false,
  groups: [
    {
      group: 'seasonal',
      outcome: 'success',
      durationMs: 2,
      winnerMirror: 2
    },
    {
      group: 'entertainment',
      outcome: 'success',
      durationMs: 3,
      winnerMirror: 2
    },
    {
      group: 'culture',
      outcome: 'success',
      durationMs: 2,
      winnerMirror: 2
    },
    {
      group: 'outdoor',
      outcome: 'success',
      durationMs: 3,
      winnerMirror: 2
    }
  ],
  attempts: [
    {
      group: 'culture',
      mirror: 1,
      hedgeOffsetMs: 0,
      durationMs: 1,
      outcome: 'http-error',
      status: 503
    },
    {
      group: 'culture',
      mirror: 2,
      hedgeOffsetMs: 1,
      durationMs: 1,
      outcome: 'success'
    },
    {
      group: 'entertainment',
      mirror: 1,
      hedgeOffsetMs: 0,
      durationMs: 1,
      outcome: 'http-error',
      status: 503
    },
    {
      group: 'entertainment',
      mirror: 2,
      hedgeOffsetMs: 1,
      durationMs: 2,
      outcome: 'success'
    },
    {
      group: 'outdoor',
      mirror: 1,
      hedgeOffsetMs: 0,
      durationMs: 1,
      outcome: 'http-error',
      status: 503
    },
    {
      group: 'outdoor',
      mirror: 2,
      hedgeOffsetMs: 1,
      durationMs: 3,
      outcome: 'success'
    },
    {
      group: 'seasonal',
      mirror: 1,
      hedgeOffsetMs: 0,
      durationMs: 1,
      outcome: 'http-error',
      status: 503
    },
    {
      group: 'seasonal',
      mirror: 2,
      hedgeOffsetMs: 1,
      durationMs: 2,
      outcome: 'success'
    }
  ]
}
[discovery] provider-chain {
  mode: 'date-night',
  strategy: 'hedged',
  source: 'live',
  durationMs: 1,
  budgetExhausted: false,
  requestedGroups: 1,
  successfulGroups: 1,
  failedGroups: 0,
  partial: false,
  groups: [
    {
      group: 'culture',
      outcome: 'success',
      durationMs: 1,
      winnerMirror: 2
    }
  ],
  attempts: [
    {
      group: 'culture',
      mirror: 1,
      hedgeOffsetMs: 0,
      durationMs: 0,
      outcome: 'http-error',
      status: 503
    },
    {
      group: 'culture',
      mirror: 2,
      hedgeOffsetMs: 0,
      durationMs: 1,
      outcome: 'success'
    }
  ]
}
[discovery] provider-chain {
  mode: 'date-night',
  strategy: 'hedged',
  source: 'live',
  durationMs: 2,
  budgetExhausted: false,
  requestedGroups: 2,
  successfulGroups: 2,
  failedGroups: 0,
  partial: false,
  groups: [
    {
      group: 'entertainment',
      outcome: 'success',
      durationMs: 2,
      winnerMirror: 2
    },
    {
      group: 'culture',
      outcome: 'success',
      durationMs: 2,
      winnerMirror: 2
    }
  ],
  attempts: [
    {
      group: 'culture',
      mirror: 1,
      hedgeOffsetMs: 0,
      durationMs: 0,
      outcome: 'http-error',
      status: 503
    },
    {
      group: 'culture',
      mirror: 2,
      hedgeOffsetMs: 0,
      durationMs: 1,
      outcome: 'success'
    },
    {
      group: 'entertainment',
      mirror: 1,
      hedgeOffsetMs: 0,
      durationMs: 0,
      outcome: 'http-error',
      status: 503
    },
    {
      group: 'entertainment',
      mirror: 2,
      hedgeOffsetMs: 0,
      durationMs: 2,
      outcome: 'success'
    }
  ]
}
[discovery] provider-chain {
  mode: 'date-night',
  strategy: 'hedged',
  source: 'live',
  durationMs: 2,
  budgetExhausted: false,
  requestedGroups: 4,
  successfulGroups: 4,
  failedGroups: 0,
  partial: false,
  groups: [
    {
      group: 'seasonal',
      outcome: 'success',
      durationMs: 2,
      winnerMirror: 2
    },
    {
      group: 'entertainment',
      outcome: 'success',
      durationMs: 2,
      winnerMirror: 2
    },
    {
      group: 'culture',
      outcome: 'success',
      durationMs: 1,
      winnerMirror: 2
    },
    {
      group: 'outdoor',
      outcome: 'success',
      durationMs: 2,
      winnerMirror: 2
    }
  ],
  attempts: [
    {
      group: 'culture',
      mirror: 1,
      hedgeOffsetMs: 0,
      durationMs: 0,
      outcome: 'http-error',
      status: 503
    },
    {
      group: 'culture',
      mirror: 2,
      hedgeOffsetMs: 0,
      durationMs: 1,
      outcome: 'success'
    },
    {
      group: 'entertainment',
      mirror: 1,
      hedgeOffsetMs: 0,
      durationMs: 0,
      outcome: 'http-error',
      status: 503
    },
    {
      group: 'entertainment',
      mirror: 2,
      hedgeOffsetMs: 0,
      durationMs: 1,
      outcome: 'success'
    },
    {
      group: 'outdoor',
      mirror: 1,
      hedgeOffsetMs: 0,
      durationMs: 0,
      outcome: 'http-error',
      status: 503
    },
    {
      group: 'outdoor',
      mirror: 2,
      hedgeOffsetMs: 0,
      durationMs: 2,
      outcome: 'success'
    },
    {
      group: 'seasonal',
      mirror: 1,
      hedgeOffsetMs: 0,
      durationMs: 0,
      outcome: 'http-error',
      status: 503
    },
    {
      group: 'seasonal',
      mirror: 2,
      hedgeOffsetMs: 1,
      durationMs: 1,
      outcome: 'success'
    }
  ]
}
✔ real handler razed: forward/reverse seasonal and ordinary flags, result order, later mirror (90.239675ms)
✔ real handler razed: reconstructed contextual seasonal evidence and ordinary namespace parity (6.326024ms)
[discovery] provider-chain {
  mode: 'date-night',
  strategy: 'hedged',
  source: 'live',
  durationMs: 1,
  budgetExhausted: false,
  requestedGroups: 1,
  successfulGroups: 1,
  failedGroups: 0,
  partial: false,
  groups: [
    {
      group: 'seasonal',
      outcome: 'success',
      durationMs: 1,
      winnerMirror: 2
    }
  ],
  attempts: [
    {
      group: 'seasonal',
      mirror: 1,
      hedgeOffsetMs: 0,
      durationMs: 0,
      outcome: 'http-error',
      status: 503
    },
    {
      group: 'seasonal',
      mirror: 2,
      hedgeOffsetMs: 0,
      durationMs: 1,
      outcome: 'success'
    }
  ]
}
[discovery] provider-chain {
  mode: 'date-night',
  strategy: 'hedged',
  source: 'live',
  durationMs: 1,
  budgetExhausted: false,
  requestedGroups: 1,
  successfulGroups: 1,
  failedGroups: 0,
  partial: false,
  groups: [
    {
      group: 'seasonal',
      outcome: 'success',
      durationMs: 1,
      winnerMirror: 2
    }
  ],
  attempts: [
    {
      group: 'seasonal',
      mirror: 1,
      hedgeOffsetMs: 0,
      durationMs: 0,
      outcome: 'http-error',
      status: 503
    },
    {
      group: 'seasonal',
      mirror: 2,
      hedgeOffsetMs: 0,
      durationMs: 1,
      outcome: 'success'
    }
  ]
}
[discovery] provider-chain {
  mode: 'date-night',
  strategy: 'hedged',
  source: 'live',
  durationMs: 2,
  budgetExhausted: false,
  requestedGroups: 4,
  successfulGroups: 4,
  failedGroups: 0,
  partial: false,
  groups: [
    {
      group: 'seasonal',
      outcome: 'success',
      durationMs: 2,
      winnerMirror: 2
    },
    {
      group: 'entertainment',
      outcome: 'success',
      durationMs: 2,
      winnerMirror: 2
    },
    {
      group: 'culture',
      outcome: 'success',
      durationMs: 1,
      winnerMirror: 2
    },
    {
      group: 'outdoor',
      outcome: 'success',
      durationMs: 2,
      winnerMirror: 2
    }
  ],
  attempts: [
    {
      group: 'culture',
      mirror: 1,
      hedgeOffsetMs: 0,
      durationMs: 0,
      outcome: 'http-error',
      status: 503
    },
    {
      group: 'culture',
      mirror: 2,
      hedgeOffsetMs: 0,
      durationMs: 1,
      outcome: 'success'
    },
    {
      group: 'entertainment',
      mirror: 1,
      hedgeOffsetMs: 0,
      durationMs: 0,
      outcome: 'http-error',
      status: 503
    },
    {
      group: 'entertainment',
      mirror: 2,
      hedgeOffsetMs: 0,
      durationMs: 2,
      outcome: 'success'
    },
    {
      group: 'outdoor',
      mirror: 1,
      hedgeOffsetMs: 0,
      durationMs: 0,
      outcome: 'http-error',
      status: 503
    },
    {
      group: 'outdoor',
      mirror: 2,
      hedgeOffsetMs: 0,
      durationMs: 2,
      outcome: 'success'
    },
    {
      group: 'seasonal',
      mirror: 1,
      hedgeOffsetMs: 0,
      durationMs: 0,
      outcome: 'http-error',
      status: 503
    },
    {
      group: 'seasonal',
      mirror: 2,
      hedgeOffsetMs: 0,
      durationMs: 1,
      outcome: 'success'
    }
  ]
}
[discovery] provider-chain {
  mode: 'date-night',
  strategy: 'hedged',
  source: 'live',
  durationMs: 1,
  budgetExhausted: false,
  requestedGroups: 1,
  successfulGroups: 1,
  failedGroups: 0,
  partial: false,
  groups: [
    {
      group: 'seasonal',
      outcome: 'success',
      durationMs: 1,
      winnerMirror: 2
    }
  ],
  attempts: [
    {
      group: 'seasonal',
      mirror: 1,
      hedgeOffsetMs: 0,
      durationMs: 0,
      outcome: 'http-error',
      status: 503
    },
    {
      group: 'seasonal',
      mirror: 2,
      hedgeOffsetMs: 0,
      durationMs: 1,
      outcome: 'success'
    }
  ]
}
[discovery] provider-chain {
  mode: 'date-night',
  strategy: 'hedged',
  source: 'live',
  durationMs: 1,
  budgetExhausted: false,
  requestedGroups: 1,
  successfulGroups: 1,
  failedGroups: 0,
  partial: false,
  groups: [
    {
      group: 'seasonal',
      outcome: 'success',
      durationMs: 1,
      winnerMirror: 2
    }
  ],
  attempts: [
    {
      group: 'seasonal',
      mirror: 1,
      hedgeOffsetMs: 0,
      durationMs: 0,
      outcome: 'http-error',
      status: 503
    },
    {
      group: 'seasonal',
      mirror: 2,
      hedgeOffsetMs: 0,
      durationMs: 1,
      outcome: 'success'
    }
  ]
}
[discovery] provider-chain {
  mode: 'date-night',
  strategy: 'hedged',
  source: 'live',
  durationMs: 4,
  budgetExhausted: false,
  requestedGroups: 4,
  successfulGroups: 4,
  failedGroups: 0,
  partial: false,
  groups: [
    {
      group: 'seasonal',
      outcome: 'success',
      durationMs: 3,
      winnerMirror: 2
    },
    {
      group: 'entertainment',
      outcome: 'success',
      durationMs: 3,
      winnerMirror: 2
    },
    {
      group: 'culture',
      outcome: 'success',
      durationMs: 2,
      winnerMirror: 2
    },
    {
      group: 'outdoor',
      outcome: 'success',
      durationMs: 3,
      winnerMirror: 2
    }
  ],
  attempts: [
    {
      group: 'culture',
      mirror: 1,
      hedgeOffsetMs: 0,
      durationMs: 1,
      outcome: 'http-error',
      status: 503
    },
    {
      group: 'culture',
      mirror: 2,
      hedgeOffsetMs: 1,
      durationMs: 1,
      outcome: 'success'
    },
    {
      group: 'entertainment',
      mirror: 1,
      hedgeOffsetMs: 0,
      durationMs: 1,
      outcome: 'http-error',
      status: 503
    },
    {
      group: 'entertainment',
      mirror: 2,
      hedgeOffsetMs: 1,
      durationMs: 2,
      outcome: 'success'
    },
    {
      group: 'outdoor',
      mirror: 1,
      hedgeOffsetMs: 0,
      durationMs: 1,
      outcome: 'http-error',
      status: 503
    },
    {
      group: 'outdoor',
      mirror: 2,
      hedgeOffsetMs: 1,
      durationMs: 3,
      outcome: 'success'
    },
    {
      group: 'seasonal',
      mirror: 1,
      hedgeOffsetMs: 0,
      durationMs: 1,
      outcome: 'http-error',
      status: 503
    },
    {
      group: 'seasonal',
      mirror: 2,
      hedgeOffsetMs: 1,
      durationMs: 2,
      outcome: 'success'
    }
  ]
}
[discovery] provider-chain {
  mode: 'date-night',
  strategy: 'hedged',
  source: 'live',
  durationMs: 1,
  budgetExhausted: false,
  requestedGroups: 1,
  successfulGroups: 1,
  failedGroups: 0,
  partial: false,
  groups: [
    {
      group: 'culture',
      outcome: 'success',
      durationMs: 1,
      winnerMirror: 2
    }
  ],
  attempts: [
    {
      group: 'culture',
      mirror: 1,
      hedgeOffsetMs: 0,
      durationMs: 0,
      outcome: 'http-error',
      status: 503
    },
    {
      group: 'culture',
      mirror: 2,
      hedgeOffsetMs: 0,
      durationMs: 1,
      outcome: 'success'
    }
  ]
}
[discovery] provider-chain {
  mode: 'date-night',
  strategy: 'hedged',
  source: 'live',
  durationMs: 1,
  budgetExhausted: false,
  requestedGroups: 1,
  successfulGroups: 1,
  failedGroups: 0,
  partial: false,
  groups: [
    {
      group: 'culture',
      outcome: 'success',
      durationMs: 1,
      winnerMirror: 2
    }
  ],
  attempts: [
    {
      group: 'culture',
      mirror: 1,
      hedgeOffsetMs: 0,
      durationMs: 0,
      outcome: 'http-error',
      status: 503
    },
    {
      group: 'culture',
      mirror: 2,
      hedgeOffsetMs: 0,
      durationMs: 1,
      outcome: 'success'
    }
  ]
}
[discovery] provider-chain {
  mode: 'date-night',
  strategy: 'hedged',
  source: 'live',
  durationMs: 4,
  budgetExhausted: false,
  requestedGroups: 4,
  successfulGroups: 4,
  failedGroups: 0,
  partial: false,
  groups: [
    {
      group: 'seasonal',
      outcome: 'success',
      durationMs: 3,
      winnerMirror: 2
    },
    {
      group: 'entertainment',
      outcome: 'success',
      durationMs: 3,
      winnerMirror: 2
    },
    {
      group: 'culture',
      outcome: 'success',
      durationMs: 2,
      winnerMirror: 2
    },
    {
      group: 'outdoor',
      outcome: 'success',
      durationMs: 3,
      winnerMirror: 2
    }
  ],
  attempts: [
    {
      group: 'culture',
      mirror: 1,
      hedgeOffsetMs: 0,
      durationMs: 1,
      outcome: 'http-error',
      status: 503
    },
    {
      group: 'culture',
      mirror: 2,
      hedgeOffsetMs: 1,
      durationMs: 1,
      outcome: 'success'
    },
    {
      group: 'entertainment',
      mirror: 1,
      hedgeOffsetMs: 0,
      durationMs: 1,
      outcome: 'http-error',
      status: 503
    },
    {
      group: 'entertainment',
      mirror: 2,
      hedgeOffsetMs: 1,
      durationMs: 2,
      outcome: 'success'
    },
    {
      group: 'outdoor',
      mirror: 1,
      hedgeOffsetMs: 0,
      durationMs: 1,
      outcome: 'http-error',
      status: 503
    },
    {
      group: 'outdoor',
      mirror: 2,
      hedgeOffsetMs: 1,
      durationMs: 3,
      outcome: 'success'
    },
    {
      group: 'seasonal',
      mirror: 1,
      hedgeOffsetMs: 0,
      durationMs: 1,
      outcome: 'http-error',
      status: 503
    },
    {
      group: 'seasonal',
      mirror: 2,
      hedgeOffsetMs: 1,
      durationMs: 2,
      outcome: 'success'
    }
  ]
}
[discovery] provider-chain {
  mode: 'date-night',
  strategy: 'hedged',
  source: 'live',
  durationMs: 1,
  budgetExhausted: false,
  requestedGroups: 1,
  successfulGroups: 1,
  failedGroups: 0,
  partial: false,
  groups: [
    {
      group: 'culture',
      outcome: 'success',
      durationMs: 1,
      winnerMirror: 2
    }
  ],
  attempts: [
    {
      group: 'culture',
      mirror: 1,
      hedgeOffsetMs: 0,
      durationMs: 0,
      outcome: 'http-error',
      status: 503
    },
    {
      group: 'culture',
      mirror: 2,
      hedgeOffsetMs: 0,
      durationMs: 1,
      outcome: 'success'
    }
  ]
}
[discovery] provider-chain {
  mode: 'date-night',
  strategy: 'hedged',
  source: 'live',
  durationMs: 1,
  budgetExhausted: false,
  requestedGroups: 1,
  successfulGroups: 1,
  failedGroups: 0,
  partial: false,
  groups: [
    {
      group: 'culture',
      outcome: 'success',
      durationMs: 1,
      winnerMirror: 2
    }
  ],
  attempts: [
    {
      group: 'culture',
      mirror: 1,
      hedgeOffsetMs: 0,
      durationMs: 0,
      outcome: 'http-error',
      status: 503
    },
    {
      group: 'culture',
      mirror: 2,
      hedgeOffsetMs: 0,
      durationMs: 1,
      outcome: 'success'
    }
  ]
}
[discovery] provider-chain {
  mode: 'date-night',
  strategy: 'hedged',
  source: 'live',
  durationMs: 5,
  budgetExhausted: false,
  requestedGroups: 4,
  successfulGroups: 4,
  failedGroups: 0,
  partial: false,
  groups: [
    {
      group: 'seasonal',
      outcome: 'success',
      durationMs: 3,
      winnerMirror: 2
    },
    {
      group: 'entertainment',
      outcome: 'success',
      durationMs: 4,
      winnerMirror: 2
    },
    {
      group: 'culture',
      outcome: 'success',
      durationMs: 2,
      winnerMirror: 2
    },
    {
      group: 'outdoor',
      outcome: 'success',
      durationMs: 4,
      winnerMirror: 2
    }
  ],
  attempts: [
    {
      group: 'culture',
      mirror: 1,
      hedgeOffsetMs: 0,
      durationMs: 1,
      outcome: 'http-error',
      status: 503
    },
    {
      group: 'culture',
      mirror: 2,
      hedgeOffsetMs: 1,
      durationMs: 1,
      outcome: 'success'
    },
    {
      group: 'entertainment',
      mirror: 1,
      hedgeOffsetMs: 0,
      durationMs: 1,
      outcome: 'http-error',
      status: 503
    },
    {
      group: 'entertainment',
      mirror: 2,
      hedgeOffsetMs: 1,
      durationMs: 3,
      outcome: 'success'
    },
    {
      group: 'outdoor',
      mirror: 1,
      hedgeOffsetMs: 0,
      durationMs: 1,
      outcome: 'http-error',
      status: 503
    },
    {
      group: 'outdoor',
      mirror: 2,
      hedgeOffsetMs: 1,
      durationMs: 3,
      outcome: 'success'
    },
    {
      group: 'seasonal',
      mirror: 1,
      hedgeOffsetMs: 0,
      durationMs: 1,
      outcome: 'http-error',
      status: 503
    },
    {
      group: 'seasonal',
      mirror: 2,
      hedgeOffsetMs: 1,
      durationMs: 2,
      outcome: 'success'
    }
  ]
}
[discovery] provider-chain {
  mode: 'date-night',
  strategy: 'hedged',
  source: 'live',
  durationMs: 1,
  budgetExhausted: false,
  requestedGroups: 1,
  successfulGroups: 1,
  failedGroups: 0,
  partial: false,
  groups: [
    {
      group: 'culture',
      outcome: 'success',
      durationMs: 1,
      winnerMirror: 2
    }
  ],
  attempts: [
    {
      group: 'culture',
      mirror: 1,
      hedgeOffsetMs: 0,
      durationMs: 0,
      outcome: 'http-error',
      status: 503
    },
    {
      group: 'culture',
      mirror: 2,
      hedgeOffsetMs: 0,
      durationMs: 1,
      outcome: 'success'
    }
  ]
}
[discovery] provider-chain {
  mode: 'date-night',
  strategy: 'hedged',
  source: 'live',
  durationMs: 2,
  budgetExhausted: false,
  requestedGroups: 2,
  successfulGroups: 2,
  failedGroups: 0,
  partial: false,
  groups: [
    {
      group: 'entertainment',
      outcome: 'success',
      durationMs: 2,
      winnerMirror: 2
    },
    {
      group: 'culture',
      outcome: 'success',
      durationMs: 1,
      winnerMirror: 2
    }
  ],
  attempts: [
    {
      group: 'culture',
      mirror: 1,
      hedgeOffsetMs: 0,
      durationMs: 0,
      outcome: 'http-error',
      status: 503
    },
    {
      group: 'culture',
      mirror: 2,
      hedgeOffsetMs: 0,
      durationMs: 1,
      outcome: 'success'
    },
    {
      group: 'entertainment',
      mirror: 1,
      hedgeOffsetMs: 0,
      durationMs: 0,
      outcome: 'http-error',
      status: 503
    },
    {
      group: 'entertainment',
      mirror: 2,
      hedgeOffsetMs: 0,
      durationMs: 1,
      outcome: 'success'
    }
  ]
}
[discovery] provider-chain {
  mode: 'date-night',
  strategy: 'hedged',
  source: 'live',
  durationMs: 4,
  budgetExhausted: false,
  requestedGroups: 4,
  successfulGroups: 4,
  failedGroups: 0,
  partial: false,
  groups: [
    {
      group: 'seasonal',
      outcome: 'success',
      durationMs: 3,
      winnerMirror: 2
    },
    {
      group: 'entertainment',
      outcome: 'success',
      durationMs: 3,
      winnerMirror: 2
    },
    {
      group: 'culture',
      outcome: 'success',
      durationMs: 2,
      winnerMirror: 2
    },
    {
      group: 'outdoor',
      outcome: 'success',
      durationMs: 3,
      winnerMirror: 2
    }
  ],
  attempts: [
    {
      group: 'culture',
      mirror: 1,
      hedgeOffsetMs: 0,
      durationMs: 1,
      outcome: 'http-error',
      status: 503
    },
    {
      group: 'culture',
      mirror: 2,
      hedgeOffsetMs: 1,
      durationMs: 1,
      outcome: 'success'
    },
    {
      group: 'entertainment',
      mirror: 1,
      hedgeOffsetMs: 0,
      durationMs: 1,
      outcome: 'http-error',
      status: 503
    },
    {
      group: 'entertainment',
      mirror: 2,
      hedgeOffsetMs: 1,
      durationMs: 2,
      outcome: 'success'
    },
    {
      group: 'outdoor',
      mirror: 1,
      hedgeOffsetMs: 0,
      durationMs: 1,
      outcome: 'http-error',
      status: 503
    },
    {
      group: 'outdoor',
      mirror: 2,
      hedgeOffsetMs: 1,
      durationMs: 3,
      outcome: 'success'
    },
    {
      group: 'seasonal',
      mirror: 1,
      hedgeOffsetMs: 0,
      durationMs: 1,
      outcome: 'http-error',
      status: 503
    },
    {
      group: 'seasonal',
      mirror: 2,
      hedgeOffsetMs: 1,
      durationMs: 2,
      outcome: 'success'
    }
  ]
}
✔ real handler destroyed: forward/reverse seasonal and ordinary flags, result order, later mirror (64.361282ms)
✔ real handler destroyed: reconstructed contextual seasonal evidence and ordinary namespace parity (8.046429ms)
[discovery] provider-chain {
  mode: 'date-night',
  strategy: 'hedged',
  source: 'live',
  durationMs: 1,
  budgetExhausted: false,
  requestedGroups: 1,
  successfulGroups: 1,
  failedGroups: 0,
  partial: false,
  groups: [
    {
      group: 'seasonal',
      outcome: 'success',
      durationMs: 1,
      winnerMirror: 2
    }
  ],
  attempts: [
    {
      group: 'seasonal',
      mirror: 1,
      hedgeOffsetMs: 0,
      durationMs: 0,
      outcome: 'http-error',
      status: 503
    },
    {
      group: 'seasonal',
      mirror: 2,
      hedgeOffsetMs: 0,
      durationMs: 1,
      outcome: 'success'
    }
  ]
}
[discovery] provider-chain {
  mode: 'date-night',
  strategy: 'hedged',
  source: 'live',
  durationMs: 2,
  budgetExhausted: false,
  requestedGroups: 1,
  successfulGroups: 1,
  failedGroups: 0,
  partial: false,
  groups: [
    {
      group: 'seasonal',
      outcome: 'success',
      durationMs: 1,
      winnerMirror: 2
    }
  ],
  attempts: [
    {
      group: 'seasonal',
      mirror: 1,
      hedgeOffsetMs: 0,
      durationMs: 0,
      outcome: 'http-error',
      status: 503
    },
    {
      group: 'seasonal',
      mirror: 2,
      hedgeOffsetMs: 0,
      durationMs: 1,
      outcome: 'success'
    }
  ]
}
[discovery] provider-chain {
  mode: 'date-night',
  strategy: 'hedged',
  source: 'live',
  durationMs: 3,
  budgetExhausted: false,
  requestedGroups: 4,
  successfulGroups: 4,
  failedGroups: 0,
  partial: false,
  groups: [
    {
      group: 'seasonal',
      outcome: 'success',
      durationMs: 2,
      winnerMirror: 2
    },
    {
      group: 'entertainment',
      outcome: 'success',
      durationMs: 2,
      winnerMirror: 2
    },
    {
      group: 'culture',
      outcome: 'success',
      durationMs: 2,
      winnerMirror: 2
    },
    {
      group: 'outdoor',
      outcome: 'success',
      durationMs: 3,
      winnerMirror: 2
    }
  ],
  attempts: [
    {
      group: 'culture',
      mirror: 1,
      hedgeOffsetMs: 0,
      durationMs: 1,
      outcome: 'http-error',
      status: 503
    },
    {
      group: 'culture',
      mirror: 2,
      hedgeOffsetMs: 1,
      durationMs: 1,
      outcome: 'success'
    },
    {
      group: 'entertainment',
      mirror: 1,
      hedgeOffsetMs: 0,
      durationMs: 1,
      outcome: 'http-error',
      status: 503
    },
    {
      group: 'entertainment',
      mirror: 2,
      hedgeOffsetMs: 1,
      durationMs: 2,
      outcome: 'success'
    },
    {
      group: 'outdoor',
      mirror: 1,
      hedgeOffsetMs: 0,
      durationMs: 1,
      outcome: 'http-error',
      status: 503
    },
    {
      group: 'outdoor',
      mirror: 2,
      hedgeOffsetMs: 1,
      durationMs: 2,
      outcome: 'success'
    },
    {
      group: 'seasonal',
      mirror: 1,
      hedgeOffsetMs: 0,
      durationMs: 1,
      outcome: 'http-error',
      status: 503
    },
    {
      group: 'seasonal',
      mirror: 2,
      hedgeOffsetMs: 1,
      durationMs: 1,
      outcome: 'success'
    }
  ]
}
[discovery] provider-chain {
  mode: 'date-night',
  strategy: 'hedged',
  source: 'live',
  durationMs: 3,
  budgetExhausted: false,
  requestedGroups: 1,
  successfulGroups: 1,
  failedGroups: 0,
  partial: false,
  groups: [
    {
      group: 'seasonal',
      outcome: 'success',
      durationMs: 3,
      winnerMirror: 2
    }
  ],
  attempts: [
    {
      group: 'seasonal',
      mirror: 1,
      hedgeOffsetMs: 0,
      durationMs: 0,
      outcome: 'http-error',
      status: 503
    },
    {
      group: 'seasonal',
      mirror: 2,
      hedgeOffsetMs: 0,
      durationMs: 3,
      outcome: 'success'
    }
  ]
}
[discovery] provider-chain {
  mode: 'date-night',
  strategy: 'hedged',
  source: 'live',
  durationMs: 1,
  budgetExhausted: false,
  requestedGroups: 1,
  successfulGroups: 1,
  failedGroups: 0,
  partial: false,
  groups: [
    {
      group: 'seasonal',
      outcome: 'success',
      durationMs: 1,
      winnerMirror: 2
    }
  ],
  attempts: [
    {
      group: 'seasonal',
      mirror: 1,
      hedgeOffsetMs: 0,
      durationMs: 0,
      outcome: 'http-error',
      status: 503
    },
    {
      group: 'seasonal',
      mirror: 2,
      hedgeOffsetMs: 0,
      durationMs: 1,
      outcome: 'success'
    }
  ]
}
[discovery] provider-chain {
  mode: 'date-night',
  strategy: 'hedged',
  source: 'live',
  durationMs: 4,
  budgetExhausted: false,
  requestedGroups: 4,
  successfulGroups: 4,
  failedGroups: 0,
  partial: false,
  groups: [
    {
      group: 'seasonal',
      outcome: 'success',
      durationMs: 3,
      winnerMirror: 2
    },
    {
      group: 'entertainment',
      outcome: 'success',
      durationMs: 3,
      winnerMirror: 2
    },
    {
      group: 'culture',
      outcome: 'success',
      durationMs: 2,
      winnerMirror: 2
    },
    {
      group: 'outdoor',
      outcome: 'success',
      durationMs: 3,
      winnerMirror: 2
    }
  ],
  attempts: [
    {
      group: 'culture',
      mirror: 1,
      hedgeOffsetMs: 0,
      durationMs: 1,
      outcome: 'http-error',
      status: 503
    },
    {
      group: 'culture',
      mirror: 2,
      hedgeOffsetMs: 1,
      durationMs: 1,
      outcome: 'success'
    },
    {
      group: 'entertainment',
      mirror: 1,
      hedgeOffsetMs: 0,
      durationMs: 1,
      outcome: 'http-error',
      status: 503
    },
    {
      group: 'entertainment',
      mirror: 2,
      hedgeOffsetMs: 1,
      durationMs: 2,
      outcome: 'success'
    },
    {
      group: 'outdoor',
      mirror: 1,
      hedgeOffsetMs: 0,
      durationMs: 1,
      outcome: 'http-error',
      status: 503
    },
    {
      group: 'outdoor',
      mirror: 2,
      hedgeOffsetMs: 1,
      durationMs: 3,
      outcome: 'success'
    },
    {
      group: 'seasonal',
      mirror: 1,
      hedgeOffsetMs: 0,
      durationMs: 1,
      outcome: 'http-error',
      status: 503
    },
    {
      group: 'seasonal',
      mirror: 2,
      hedgeOffsetMs: 1,
      durationMs: 2,
      outcome: 'success'
    }
  ]
}
[discovery] provider-chain {
  mode: 'date-night',
  strategy: 'hedged',
  source: 'live',
  durationMs: 1,
  budgetExhausted: false,
  requestedGroups: 1,
  successfulGroups: 1,
  failedGroups: 0,
  partial: false,
  groups: [
    {
      group: 'culture',
      outcome: 'success',
      durationMs: 1,
      winnerMirror: 2
    }
  ],
  attempts: [
    {
      group: 'culture',
      mirror: 1,
      hedgeOffsetMs: 0,
      durationMs: 0,
      outcome: 'http-error',
      status: 503
    },
    {
      group: 'culture',
      mirror: 2,
      hedgeOffsetMs: 0,
      durationMs: 1,
      outcome: 'success'
    }
  ]
}
[discovery] provider-chain {
  mode: 'date-night',
  strategy: 'hedged',
  source: 'live',
  durationMs: 1,
  budgetExhausted: false,
  requestedGroups: 1,
  successfulGroups: 1,
  failedGroups: 0,
  partial: false,
  groups: [
    {
      group: 'culture',
      outcome: 'success',
      durationMs: 1,
      winnerMirror: 2
    }
  ],
  attempts: [
    {
      group: 'culture',
      mirror: 1,
      hedgeOffsetMs: 0,
      durationMs: 0,
      outcome: 'http-error',
      status: 503
    },
    {
      group: 'culture',
      mirror: 2,
      hedgeOffsetMs: 0,
      durationMs: 1,
      outcome: 'success'
    }
  ]
}
[discovery] provider-chain {
  mode: 'date-night',
  strategy: 'hedged',
  source: 'live',
  durationMs: 4,
  budgetExhausted: false,
  requestedGroups: 4,
  successfulGroups: 4,
  failedGroups: 0,
  partial: false,
  groups: [
    {
      group: 'seasonal',
      outcome: 'success',
      durationMs: 2,
      winnerMirror: 2
    },
    {
      group: 'entertainment',
      outcome: 'success',
      durationMs: 3,
      winnerMirror: 2
    },
    {
      group: 'culture',
      outcome: 'success',
      durationMs: 2,
      winnerMirror: 2
    },
    {
      group: 'outdoor',
      outcome: 'success',
      durationMs: 3,
      winnerMirror: 2
    }
  ],
  attempts: [
    {
      group: 'culture',
      mirror: 1,
      hedgeOffsetMs: 0,
      durationMs: 1,
      outcome: 'http-error',
      status: 503
    },
    {
      group: 'culture',
      mirror: 2,
      hedgeOffsetMs: 1,
      durationMs: 1,
      outcome: 'success'
    },
    {
      group: 'entertainment',
      mirror: 1,
      hedgeOffsetMs: 0,
      durationMs: 1,
      outcome: 'http-error',
      status: 503
    },
    {
      group: 'entertainment',
      mirror: 2,
      hedgeOffsetMs: 1,
      durationMs: 2,
      outcome: 'success'
    },
    {
      group: 'outdoor',
      mirror: 1,
      hedgeOffsetMs: 0,
      durationMs: 1,
      outcome: 'http-error',
      status: 503
    },
    {
      group: 'outdoor',
      mirror: 2,
      hedgeOffsetMs: 1,
      durationMs: 3,
      outcome: 'success'
    },
    {
      group: 'seasonal',
      mirror: 1,
      hedgeOffsetMs: 0,
      durationMs: 1,
      outcome: 'http-error',
      status: 503
    },
    {
      group: 'seasonal',
      mirror: 2,
      hedgeOffsetMs: 1,
      durationMs: 2,
      outcome: 'success'
    }
  ]
}
[discovery] provider-chain {
  mode: 'date-night',
  strategy: 'hedged',
  source: 'live',
  durationMs: 1,
  budgetExhausted: false,
  requestedGroups: 1,
  successfulGroups: 1,
  failedGroups: 0,
  partial: false,
  groups: [
    {
      group: 'culture',
      outcome: 'success',
      durationMs: 1,
      winnerMirror: 2
    }
  ],
  attempts: [
    {
      group: 'culture',
      mirror: 1,
      hedgeOffsetMs: 0,
      durationMs: 0,
      outcome: 'http-error',
      status: 503
    },
    {
      group: 'culture',
      mirror: 2,
      hedgeOffsetMs: 0,
      durationMs: 1,
      outcome: 'success'
    }
  ]
}
[discovery] provider-chain {
  mode: 'date-night',
  strategy: 'hedged',
  source: 'live',
  durationMs: 1,
  budgetExhausted: false,
  requestedGroups: 1,
  successfulGroups: 1,
  failedGroups: 0,
  partial: false,
  groups: [
    {
      group: 'culture',
      outcome: 'success',
      durationMs: 1,
      winnerMirror: 2
    }
  ],
  attempts: [
    {
      group: 'culture',
      mirror: 1,
      hedgeOffsetMs: 0,
      durationMs: 0,
      outcome: 'http-error',
      status: 503
    },
    {
      group: 'culture',
      mirror: 2,
      hedgeOffsetMs: 0,
      durationMs: 1,
      outcome: 'success'
    }
  ]
}
[discovery] provider-chain {
  mode: 'date-night',
  strategy: 'hedged',
  source: 'live',
  durationMs: 6,
  budgetExhausted: false,
  requestedGroups: 4,
  successfulGroups: 4,
  failedGroups: 0,
  partial: false,
  groups: [
    {
      group: 'seasonal',
      outcome: 'success',
      durationMs: 5,
      winnerMirror: 2
    },
    {
      group: 'entertainment',
      outcome: 'success',
      durationMs: 5,
      winnerMirror: 2
    },
    {
      group: 'culture',
      outcome: 'success',
      durationMs: 4,
      winnerMirror: 2
    },
    {
      group: 'outdoor',
      outcome: 'success',
      durationMs: 6,
      winnerMirror: 2
    }
  ],
  attempts: [
    {
      group: 'culture',
      mirror: 1,
      hedgeOffsetMs: 0,
      durationMs: 3,
      outcome: 'http-error',
      status: 503
    },
    {
      group: 'culture',
      mirror: 2,
      hedgeOffsetMs: 3,
      durationMs: 1,
      outcome: 'success'
    },
    {
      group: 'entertainment',
      mirror: 1,
      hedgeOffsetMs: 0,
      durationMs: 3,
      outcome: 'http-error',
      status: 503
    },
    {
      group: 'entertainment',
      mirror: 2,
      hedgeOffsetMs: 3,
      durationMs: 3,
      outcome: 'success'
    },
    {
      group: 'outdoor',
      mirror: 1,
      hedgeOffsetMs: 0,
      durationMs: 3,
      outcome: 'http-error',
      status: 503
    },
    {
      group: 'outdoor',
      mirror: 2,
      hedgeOffsetMs: 3,
      durationMs: 3,
      outcome: 'success'
    },
    {
      group: 'seasonal',
      mirror: 1,
      hedgeOffsetMs: 0,
      durationMs: 3,
      outcome: 'http-error',
      status: 503
    },
    {
      group: 'seasonal',
      mirror: 2,
      hedgeOffsetMs: 3,
      durationMs: 2,
      outcome: 'success'
    }
  ]
}
[discovery] provider-chain {
  mode: 'date-night',
  strategy: 'hedged',
  source: 'live',
  durationMs: 1,
  budgetExhausted: false,
  requestedGroups: 1,
  successfulGroups: 1,
  failedGroups: 0,
  partial: false,
  groups: [
    {
      group: 'culture',
      outcome: 'success',
      durationMs: 1,
      winnerMirror: 2
    }
  ],
  attempts: [
    {
      group: 'culture',
      mirror: 1,
      hedgeOffsetMs: 0,
      durationMs: 0,
      outcome: 'http-error',
      status: 503
    },
    {
      group: 'culture',
      mirror: 2,
      hedgeOffsetMs: 0,
      durationMs: 1,
      outcome: 'success'
    }
  ]
}
[discovery] provider-chain {
  mode: 'date-night',
  strategy: 'hedged',
  source: 'live',
  durationMs: 2,
  budgetExhausted: false,
  requestedGroups: 2,
  successfulGroups: 2,
  failedGroups: 0,
  partial: false,
  groups: [
    {
      group: 'entertainment',
      outcome: 'success',
      durationMs: 2,
      winnerMirror: 2
    },
    {
      group: 'culture',
      outcome: 'success',
      durationMs: 1,
      winnerMirror: 2
    }
  ],
  attempts: [
    {
      group: 'culture',
      mirror: 1,
      hedgeOffsetMs: 0,
      durationMs: 0,
      outcome: 'http-error',
      status: 503
    },
    {
      group: 'culture',
      mirror: 2,
      hedgeOffsetMs: 0,
      durationMs: 1,
      outcome: 'success'
    },
    {
      group: 'entertainment',
      mirror: 1,
      hedgeOffsetMs: 0,
      durationMs: 0,
      outcome: 'http-error',
      status: 503
    },
    {
      group: 'entertainment',
      mirror: 2,
      hedgeOffsetMs: 0,
      durationMs: 1,
      outcome: 'success'
    }
  ]
}
[discovery] provider-chain {
  mode: 'date-night',
  strategy: 'hedged',
  source: 'live',
  durationMs: 4,
  budgetExhausted: false,
  requestedGroups: 4,
  successfulGroups: 4,
  failedGroups: 0,
  partial: false,
  groups: [
    {
      group: 'seasonal',
      outcome: 'success',
      durationMs: 3,
      winnerMirror: 2
    },
    {
      group: 'entertainment',
      outcome: 'success',
      durationMs: 4,
      winnerMirror: 2
    },
    {
      group: 'culture',
      outcome: 'success',
      durationMs: 2,
      winnerMirror: 2
    },
    {
      group: 'outdoor',
      outcome: 'success',
      durationMs: 4,
      winnerMirror: 2
    }
  ],
  attempts: [
    {
      group: 'culture',
      mirror: 1,
      hedgeOffsetMs: 0,
      durationMs: 1,
      outcome: 'http-error',
      status: 503
    },
    {
      group: 'culture',
      mirror: 2,
      hedgeOffsetMs: 1,
      durationMs: 1,
      outcome: 'success'
    },
    {
      group: 'entertainment',
      mirror: 1,
      hedgeOffsetMs: 0,
      durationMs: 1,
      outcome: 'http-error',
      status: 503
    },
    {
      group: 'entertainment',
      mirror: 2,
      hedgeOffsetMs: 1,
      durationMs: 3,
      outcome: 'success'
    },
    {
      group: 'outdoor',
      mirror: 1,
      hedgeOffsetMs: 0,
      durationMs: 1,
      outcome: 'http-error',
      status: 503
    },
    {
      group: 'outdoor',
      mirror: 2,
      hedgeOffsetMs: 1,
      durationMs: 3,
      outcome: 'success'
    },
    {
      group: 'seasonal',
      mirror: 1,
      hedgeOffsetMs: 0,
      durationMs: 1,
      outcome: 'http-error',
      status: 503
    },
    {
      group: 'seasonal',
      mirror: 2,
      hedgeOffsetMs: 1,
      durationMs: 2,
      outcome: 'success'
    }
  ]
}
✔ real handler disused: forward/reverse seasonal and ordinary flags, result order, later mirror (66.654822ms)
✔ real handler disused: reconstructed contextual seasonal evidence and ordinary namespace parity (9.84324ms)
[discovery] provider-chain {
  mode: 'date-night',
  strategy: 'hedged',
  source: 'live',
  durationMs: 1,
  budgetExhausted: false,
  requestedGroups: 1,
  successfulGroups: 1,
  failedGroups: 0,
  partial: false,
  groups: [
    {
      group: 'seasonal',
      outcome: 'success',
      durationMs: 1,
      winnerMirror: 2
    }
  ],
  attempts: [
    {
      group: 'seasonal',
      mirror: 1,
      hedgeOffsetMs: 0,
      durationMs: 0,
      outcome: 'http-error',
      status: 503
    },
    {
      group: 'seasonal',
      mirror: 2,
      hedgeOffsetMs: 0,
      durationMs: 1,
      outcome: 'success'
    }
  ]
}
[discovery] provider-chain {
  mode: 'date-night',
  strategy: 'hedged',
  source: 'live',
  durationMs: 1,
  budgetExhausted: false,
  requestedGroups: 1,
  successfulGroups: 1,
  failedGroups: 0,
  partial: false,
  groups: [
    {
      group: 'seasonal',
      outcome: 'success',
      durationMs: 1,
      winnerMirror: 2
    }
  ],
  attempts: [
    {
      group: 'seasonal',
      mirror: 1,
      hedgeOffsetMs: 0,
      durationMs: 0,
      outcome: 'http-error',
      status: 503
    },
    {
      group: 'seasonal',
      mirror: 2,
      hedgeOffsetMs: 0,
      durationMs: 1,
      outcome: 'success'
    }
  ]
}
[discovery] provider-chain {
  mode: 'date-night',
  strategy: 'hedged',
  source: 'live',
  durationMs: 15,
  budgetExhausted: false,
  requestedGroups: 4,
  successfulGroups: 4,
  failedGroups: 0,
  partial: false,
  groups: [
    {
      group: 'seasonal',
      outcome: 'success',
      durationMs: 13,
      winnerMirror: 2
    },
    {
      group: 'entertainment',
      outcome: 'success',
      durationMs: 14,
      winnerMirror: 2
    },
    {
      group: 'culture',
      outcome: 'success',
      durationMs: 2,
      winnerMirror: 2
    },
    {
      group: 'outdoor',
      outcome: 'success',
      durationMs: 14,
      winnerMirror: 2
    }
  ],
  attempts: [
    {
      group: 'culture',
      mirror: 1,
      hedgeOffsetMs: 0,
      durationMs: 1,
      outcome: 'http-error',
      status: 503
    },
    {
      group: 'culture',
      mirror: 2,
      hedgeOffsetMs: 1,
      durationMs: 1,
      outcome: 'success'
    },
    {
      group: 'entertainment',
      mirror: 1,
      hedgeOffsetMs: 0,
      durationMs: 1,
      outcome: 'http-error',
      status: 503
    },
    {
      group: 'entertainment',
      mirror: 2,
      hedgeOffsetMs: 1,
      durationMs: 13,
      outcome: 'success'
    },
    {
      group: 'outdoor',
      mirror: 1,
      hedgeOffsetMs: 0,
      durationMs: 1,
      outcome: 'http-error',
      status: 503
    },
    {
      group: 'outdoor',
      mirror: 2,
      hedgeOffsetMs: 1,
      durationMs: 14,
      outcome: 'success'
    },
    {
      group: 'seasonal',
      mirror: 1,
      hedgeOffsetMs: 0,
      durationMs: 1,
      outcome: 'http-error',
      status: 503
    },
    {
      group: 'seasonal',
      mirror: 2,
      hedgeOffsetMs: 1,
      durationMs: 13,
      outcome: 'success'
    }
  ]
}
[discovery] provider-chain {
  mode: 'date-night',
  strategy: 'hedged',
  source: 'live',
  durationMs: 1,
  budgetExhausted: false,
  requestedGroups: 1,
  successfulGroups: 1,
  failedGroups: 0,
  partial: false,
  groups: [
    {
      group: 'seasonal',
      outcome: 'success',
      durationMs: 1,
      winnerMirror: 2
    }
  ],
  attempts: [
    {
      group: 'seasonal',
      mirror: 1,
      hedgeOffsetMs: 0,
      durationMs: 0,
      outcome: 'http-error',
      status: 503
    },
    {
      group: 'seasonal',
      mirror: 2,
      hedgeOffsetMs: 0,
      durationMs: 1,
      outcome: 'success'
    }
  ]
}
[discovery] provider-chain {
  mode: 'date-night',
  strategy: 'hedged',
  source: 'live',
  durationMs: 1,
  budgetExhausted: false,
  requestedGroups: 1,
  successfulGroups: 1,
  failedGroups: 0,
  partial: false,
  groups: [
    {
      group: 'seasonal',
      outcome: 'success',
      durationMs: 1,
      winnerMirror: 2
    }
  ],
  attempts: [
    {
      group: 'seasonal',
      mirror: 1,
      hedgeOffsetMs: 0,
      durationMs: 0,
      outcome: 'http-error',
      status: 503
    },
    {
      group: 'seasonal',
      mirror: 2,
      hedgeOffsetMs: 0,
      durationMs: 1,
      outcome: 'success'
    }
  ]
}
[discovery] provider-chain {
  mode: 'date-night',
  strategy: 'hedged',
  source: 'live',
  durationMs: 4,
  budgetExhausted: false,
  requestedGroups: 4,
  successfulGroups: 4,
  failedGroups: 0,
  partial: false,
  groups: [
    {
      group: 'seasonal',
      outcome: 'success',
      durationMs: 2,
      winnerMirror: 2
    },
    {
      group: 'entertainment',
      outcome: 'success',
      durationMs: 3,
      winnerMirror: 2
    },
    {
      group: 'culture',
      outcome: 'success',
      durationMs: 2,
      winnerMirror: 2
    },
    {
      group: 'outdoor',
      outcome: 'success',
      durationMs: 3,
      winnerMirror: 2
    }
  ],
  attempts: [
    {
      group: 'culture',
      mirror: 1,
      hedgeOffsetMs: 0,
      durationMs: 1,
      outcome: 'http-error',
      status: 503
    },
    {
      group: 'culture',
      mirror: 2,
      hedgeOffsetMs: 1,
      durationMs: 1,
      outcome: 'success'
    },
    {
      group: 'entertainment',
      mirror: 1,
      hedgeOffsetMs: 0,
      durationMs: 1,
      outcome: 'http-error',
      status: 503
    },
    {
      group: 'entertainment',
      mirror: 2,
      hedgeOffsetMs: 1,
      durationMs: 2,
      outcome: 'success'
    },
    {
      group: 'outdoor',
      mirror: 1,
      hedgeOffsetMs: 0,
      durationMs: 1,
      outcome: 'http-error',
      status: 503
    },
    {
      group: 'outdoor',
      mirror: 2,
      hedgeOffsetMs: 1,
      durationMs: 3,
      outcome: 'success'
    },
    {
      group: 'seasonal',
      mirror: 1,
      hedgeOffsetMs: 0,
      durationMs: 1,
      outcome: 'http-error',
      status: 503
    },
    {
      group: 'seasonal',
      mirror: 2,
      hedgeOffsetMs: 1,
      durationMs: 2,
      outcome: 'success'
    }
  ]
}
[discovery] provider-chain {
  mode: 'date-night',
  strategy: 'hedged',
  source: 'live',
  durationMs: 1,
  budgetExhausted: false,
  requestedGroups: 1,
  successfulGroups: 1,
  failedGroups: 0,
  partial: false,
  groups: [
    {
      group: 'culture',
      outcome: 'success',
      durationMs: 1,
      winnerMirror: 2
    }
  ],
  attempts: [
    {
      group: 'culture',
      mirror: 1,
      hedgeOffsetMs: 0,
      durationMs: 0,
      outcome: 'http-error',
      status: 503
    },
    {
      group: 'culture',
      mirror: 2,
      hedgeOffsetMs: 0,
      durationMs: 0,
      outcome: 'success'
    }
  ]
}
[discovery] provider-chain {
  mode: 'date-night',
  strategy: 'hedged',
  source: 'live',
  durationMs: 1,
  budgetExhausted: false,
  requestedGroups: 1,
  successfulGroups: 1,
  failedGroups: 0,
  partial: false,
  groups: [
    {
      group: 'culture',
      outcome: 'success',
      durationMs: 0,
      winnerMirror: 2
    }
  ],
  attempts: [
    {
      group: 'culture',
      mirror: 1,
      hedgeOffsetMs: 0,
      durationMs: 0,
      outcome: 'http-error',
      status: 503
    },
    {
      group: 'culture',
      mirror: 2,
      hedgeOffsetMs: 0,
      durationMs: 0,
      outcome: 'success'
    }
  ]
}
[discovery] provider-chain {
  mode: 'date-night',
  strategy: 'hedged',
  source: 'live',
  durationMs: 2,
  budgetExhausted: false,
  requestedGroups: 4,
  successfulGroups: 4,
  failedGroups: 0,
  partial: false,
  groups: [
    {
      group: 'seasonal',
      outcome: 'success',
      durationMs: 1,
      winnerMirror: 2
    },
    {
      group: 'entertainment',
      outcome: 'success',
      durationMs: 2,
      winnerMirror: 2
    },
    {
      group: 'culture',
      outcome: 'success',
      durationMs: 1,
      winnerMirror: 2
    },
    {
      group: 'outdoor',
      outcome: 'success',
      durationMs: 2,
      winnerMirror: 2
    }
  ],
  attempts: [
    {
      group: 'culture',
      mirror: 1,
      hedgeOffsetMs: 0,
      durationMs: 0,
      outcome: 'http-error',
      status: 503
    },
    {
      group: 'culture',
      mirror: 2,
      hedgeOffsetMs: 0,
      durationMs: 1,
      outcome: 'success'
    },
    {
      group: 'entertainment',
      mirror: 1,
      hedgeOffsetMs: 0,
      durationMs: 0,
      outcome: 'http-error',
      status: 503
    },
    {
      group: 'entertainment',
      mirror: 2,
      hedgeOffsetMs: 0,
      durationMs: 1,
      outcome: 'success'
    },
    {
      group: 'outdoor',
      mirror: 1,
      hedgeOffsetMs: 0,
      durationMs: 0,
      outcome: 'http-error',
      status: 503
    },
    {
      group: 'outdoor',
      mirror: 2,
      hedgeOffsetMs: 0,
      durationMs: 2,
      outcome: 'success'
    },
    {
      group: 'seasonal',
      mirror: 1,
      hedgeOffsetMs: 0,
      durationMs: 0,
      outcome: 'http-error',
      status: 503
    },
    {
      group: 'seasonal',
      mirror: 2,
      hedgeOffsetMs: 0,
      durationMs: 1,
      outcome: 'success'
    }
  ]
}
[discovery] provider-chain {
  mode: 'date-night',
  strategy: 'hedged',
  source: 'live',
  durationMs: 1,
  budgetExhausted: false,
  requestedGroups: 1,
  successfulGroups: 1,
  failedGroups: 0,
  partial: false,
  groups: [
    {
      group: 'culture',
      outcome: 'success',
      durationMs: 1,
      winnerMirror: 2
    }
  ],
  attempts: [
    {
      group: 'culture',
      mirror: 1,
      hedgeOffsetMs: 0,
      durationMs: 0,
      outcome: 'http-error',
      status: 503
    },
    {
      group: 'culture',
      mirror: 2,
      hedgeOffsetMs: 0,
      durationMs: 1,
      outcome: 'success'
    }
  ]
}
[discovery] provider-chain {
  mode: 'date-night',
  strategy: 'hedged',
  source: 'live',
  durationMs: 1,
  budgetExhausted: false,
  requestedGroups: 1,
  successfulGroups: 1,
  failedGroups: 0,
  partial: false,
  groups: [
    {
      group: 'culture',
      outcome: 'success',
      durationMs: 1,
      winnerMirror: 2
    }
  ],
  attempts: [
    {
      group: 'culture',
      mirror: 1,
      hedgeOffsetMs: 0,
      durationMs: 0,
      outcome: 'http-error',
      status: 503
    },
    {
      group: 'culture',
      mirror: 2,
      hedgeOffsetMs: 0,
      durationMs: 1,
      outcome: 'success'
    }
  ]
}
[discovery] provider-chain {
  mode: 'date-night',
  strategy: 'hedged',
  source: 'live',
  durationMs: 4,
  budgetExhausted: false,
  requestedGroups: 4,
  successfulGroups: 4,
  failedGroups: 0,
  partial: false,
  groups: [
    {
      group: 'seasonal',
      outcome: 'success',
      durationMs: 2,
      winnerMirror: 2
    },
    {
      group: 'entertainment',
      outcome: 'success',
      durationMs: 3,
      winnerMirror: 2
    },
    {
      group: 'culture',
      outcome: 'success',
      durationMs: 2,
      winnerMirror: 2
    },
    {
      group: 'outdoor',
      outcome: 'success',
      durationMs: 3,
      winnerMirror: 2
    }
  ],
  attempts: [
    {
      group: 'culture',
      mirror: 1,
      hedgeOffsetMs: 0,
      durationMs: 1,
      outcome: 'http-error',
      status: 503
    },
    {
      group: 'culture',
      mirror: 2,
      hedgeOffsetMs: 1,
      durationMs: 1,
      outcome: 'success'
    },
    {
      group: 'entertainment',
      mirror: 1,
      hedgeOffsetMs: 0,
      durationMs: 1,
      outcome: 'http-error',
      status: 503
    },
    {
      group: 'entertainment',
      mirror: 2,
      hedgeOffsetMs: 1,
      durationMs: 2,
      outcome: 'success'
    },
    {
      group: 'outdoor',
      mirror: 1,
      hedgeOffsetMs: 0,
      durationMs: 1,
      outcome: 'http-error',
      status: 503
    },
    {
      group: 'outdoor',
      mirror: 2,
      hedgeOffsetMs: 1,
      durationMs: 3,
      outcome: 'success'
    },
    {
      group: 'seasonal',
      mirror: 1,
      hedgeOffsetMs: 0,
      durationMs: 1,
      outcome: 'http-error',
      status: 503
    },
    {
      group: 'seasonal',
      mirror: 2,
      hedgeOffsetMs: 1,
      durationMs: 2,
      outcome: 'success'
    }
  ]
}
[discovery] provider-chain {
  mode: 'date-night',
  strategy: 'hedged',
  source: 'live',
  durationMs: 1,
  budgetExhausted: false,
  requestedGroups: 1,
  successfulGroups: 1,
  failedGroups: 0,
  partial: false,
  groups: [
    {
      group: 'culture',
      outcome: 'success',
      durationMs: 1,
      winnerMirror: 2
    }
  ],
  attempts: [
    {
      group: 'culture',
      mirror: 1,
      hedgeOffsetMs: 0,
      durationMs: 0,
      outcome: 'http-error',
      status: 503
    },
    {
      group: 'culture',
      mirror: 2,
      hedgeOffsetMs: 0,
      durationMs: 1,
      outcome: 'success'
    }
  ]
}
[discovery] provider-chain {
  mode: 'date-night',
  strategy: 'hedged',
  source: 'live',
  durationMs: 2,
  budgetExhausted: false,
  requestedGroups: 2,
  successfulGroups: 2,
  failedGroups: 0,
  partial: false,
  groups: [
    {
      group: 'entertainment',
      outcome: 'success',
      durationMs: 2,
      winnerMirror: 2
    },
    {
      group: 'culture',
      outcome: 'success',
      durationMs: 1,
      winnerMirror: 2
    }
  ],
  attempts: [
    {
      group: 'culture',
      mirror: 1,
      hedgeOffsetMs: 0,
      durationMs: 0,
      outcome: 'http-error',
      status: 503
    },
    {
      group: 'culture',
      mirror: 2,
      hedgeOffsetMs: 0,
      durationMs: 1,
      outcome: 'success'
    },
    {
      group: 'entertainment',
      mirror: 1,
      hedgeOffsetMs: 0,
      durationMs: 0,
      outcome: 'http-error',
      status: 503
    },
    {
      group: 'entertainment',
      mirror: 2,
      hedgeOffsetMs: 0,
      durationMs: 1,
      outcome: 'success'
    }
  ]
}
[discovery] provider-chain {
  mode: 'date-night',
  strategy: 'hedged',
  source: 'live',
  durationMs: 4,
  budgetExhausted: false,
  requestedGroups: 4,
  successfulGroups: 4,
  failedGroups: 0,
  partial: false,
  groups: [
    {
      group: 'seasonal',
      outcome: 'success',
      durationMs: 3,
      winnerMirror: 2
    },
    {
      group: 'entertainment',
      outcome: 'success',
      durationMs: 3,
      winnerMirror: 2
    },
    {
      group: 'culture',
      outcome: 'success',
      durationMs: 2,
      winnerMirror: 2
    },
    {
      group: 'outdoor',
      outcome: 'success',
      durationMs: 3,
      winnerMirror: 2
    }
  ],
  attempts: [
    {
      group: 'culture',
      mirror: 1,
      hedgeOffsetMs: 0,
      durationMs: 1,
      outcome: 'http-error',
      status: 503
    },
    {
      group: 'culture',
      mirror: 2,
      hedgeOffsetMs: 1,
      durationMs: 1,
      outcome: 'success'
    },
    {
      group: 'entertainment',
      mirror: 1,
      hedgeOffsetMs: 0,
      durationMs: 1,
      outcome: 'http-error',
      status: 503
    },
    {
      group: 'entertainment',
      mirror: 2,
      hedgeOffsetMs: 1,
      durationMs: 2,
      outcome: 'success'
    },
    {
      group: 'outdoor',
      mirror: 1,
      hedgeOffsetMs: 0,
      durationMs: 1,
      outcome: 'http-error',
      status: 503
    },
    {
      group: 'outdoor',
      mirror: 2,
      hedgeOffsetMs: 1,
      durationMs: 3,
      outcome: 'success'
    },
    {
      group: 'seasonal',
      mirror: 1,
      hedgeOffsetMs: 0,
      durationMs: 1,
      outcome: 'http-error',
      status: 503
    },
    {
      group: 'seasonal',
      mirror: 2,
      hedgeOffsetMs: 1,
      durationMs: 2,
      outcome: 'success'
    }
  ]
}
✔ real handler abandoned: forward/reverse seasonal and ordinary flags, result order, later mirror (66.423914ms)
✔ real handler abandoned: reconstructed contextual seasonal evidence and ordinary namespace parity (8.151148ms)
[discovery] provider-chain {
  mode: 'date-night',
  strategy: 'hedged',
  source: 'live',
  durationMs: 1,
  budgetExhausted: false,
  requestedGroups: 1,
  successfulGroups: 1,
  failedGroups: 0,
  partial: false,
  groups: [
    {
      group: 'seasonal',
      outcome: 'success',
      durationMs: 1,
      winnerMirror: 2
    }
  ],
  attempts: [
    {
      group: 'seasonal',
      mirror: 1,
      hedgeOffsetMs: 0,
      durationMs: 0,
      outcome: 'http-error',
      status: 503
    },
    {
      group: 'seasonal',
      mirror: 2,
      hedgeOffsetMs: 0,
      durationMs: 1,
      outcome: 'success'
    }
  ]
}
[discovery] provider-chain {
  mode: 'date-night',
  strategy: 'hedged',
  source: 'live',
  durationMs: 1,
  budgetExhausted: false,
  requestedGroups: 1,
  successfulGroups: 1,
  failedGroups: 0,
  partial: false,
  groups: [
    {
      group: 'seasonal',
      outcome: 'success',
      durationMs: 1,
      winnerMirror: 2
    }
  ],
  attempts: [
    {
      group: 'seasonal',
      mirror: 1,
      hedgeOffsetMs: 0,
      durationMs: 0,
      outcome: 'http-error',
      status: 503
    },
    {
      group: 'seasonal',
      mirror: 2,
      hedgeOffsetMs: 0,
      durationMs: 1,
      outcome: 'success'
    }
  ]
}
[discovery] provider-chain {
  mode: 'date-night',
  strategy: 'hedged',
  source: 'live',
  durationMs: 4,
  budgetExhausted: false,
  requestedGroups: 4,
  successfulGroups: 4,
  failedGroups: 0,
  partial: false,
  groups: [
    {
      group: 'seasonal',
      outcome: 'success',
      durationMs: 3,
      winnerMirror: 2
    },
    {
      group: 'entertainment',
      outcome: 'success',
      durationMs: 3,
      winnerMirror: 2
    },
    {
      group: 'culture',
      outcome: 'success',
      durationMs: 2,
      winnerMirror: 2
    },
    {
      group: 'outdoor',
      outcome: 'success',
      durationMs: 3,
      winnerMirror: 2
    }
  ],
  attempts: [
    {
      group: 'culture',
      mirror: 1,
      hedgeOffsetMs: 0,
      durationMs: 1,
      outcome: 'http-error',
      status: 503
    },
    {
      group: 'culture',
      mirror: 2,
      hedgeOffsetMs: 1,
      durationMs: 1,
      outcome: 'success'
    },
    {
      group: 'entertainment',
      mirror: 1,
      hedgeOffsetMs: 0,
      durationMs: 1,
      outcome: 'http-error',
      status: 503
    },
    {
      group: 'entertainment',
      mirror: 2,
      hedgeOffsetMs: 1,
      durationMs: 2,
      outcome: 'success'
    },
    {
      group: 'outdoor',
      mirror: 1,
      hedgeOffsetMs: 0,
      durationMs: 1,
      outcome: 'http-error',
      status: 503
    },
    {
      group: 'outdoor',
      mirror: 2,
      hedgeOffsetMs: 1,
      durationMs: 3,
      outcome: 'success'
    },
    {
      group: 'seasonal',
      mirror: 1,
      hedgeOffsetMs: 0,
      durationMs: 1,
      outcome: 'http-error',
      status: 503
    },
    {
      group: 'seasonal',
      mirror: 2,
      hedgeOffsetMs: 1,
      durationMs: 2,
      outcome: 'success'
    }
  ]
}
[discovery] provider-chain {
  mode: 'date-night',
  strategy: 'hedged',
  source: 'live',
  durationMs: 1,
  budgetExhausted: false,
  requestedGroups: 1,
  successfulGroups: 1,
  failedGroups: 0,
  partial: false,
  groups: [
    {
      group: 'seasonal',
      outcome: 'success',
      durationMs: 1,
      winnerMirror: 2
    }
  ],
  attempts: [
    {
      group: 'seasonal',
      mirror: 1,
      hedgeOffsetMs: 0,
      durationMs: 0,
      outcome: 'http-error',
      status: 503
    },
    {
      group: 'seasonal',
      mirror: 2,
      hedgeOffsetMs: 0,
      durationMs: 1,
      outcome: 'success'
    }
  ]
}
[discovery] provider-chain {
  mode: 'date-night',
  strategy: 'hedged',
  source: 'live',
  durationMs: 1,
  budgetExhausted: false,
  requestedGroups: 1,
  successfulGroups: 1,
  failedGroups: 0,
  partial: false,
  groups: [
    {
      group: 'seasonal',
      outcome: 'success',
      durationMs: 1,
      winnerMirror: 2
    }
  ],
  attempts: [
    {
      group: 'seasonal',
      mirror: 1,
      hedgeOffsetMs: 0,
      durationMs: 0,
      outcome: 'http-error',
      status: 503
    },
    {
      group: 'seasonal',
      mirror: 2,
      hedgeOffsetMs: 0,
      durationMs: 1,
      outcome: 'success'
    }
  ]
}
[discovery] provider-chain {
  mode: 'date-night',
  strategy: 'hedged',
  source: 'live',
  durationMs: 4,
  budgetExhausted: false,
  requestedGroups: 4,
  successfulGroups: 4,
  failedGroups: 0,
  partial: false,
  groups: [
    {
      group: 'seasonal',
      outcome: 'success',
      durationMs: 2,
      winnerMirror: 2
    },
    {
      group: 'entertainment',
      outcome: 'success',
      durationMs: 3,
      winnerMirror: 2
    },
    {
      group: 'culture',
      outcome: 'success',
      durationMs: 2,
      winnerMirror: 2
    },
    {
      group: 'outdoor',
      outcome: 'success',
      durationMs: 3,
      winnerMirror: 2
    }
  ],
  attempts: [
    {
      group: 'culture',
      mirror: 1,
      hedgeOffsetMs: 0,
      durationMs: 1,
      outcome: 'http-error',
      status: 503
    },
    {
      group: 'culture',
      mirror: 2,
      hedgeOffsetMs: 1,
      durationMs: 1,
      outcome: 'success'
    },
    {
      group: 'entertainment',
      mirror: 1,
      hedgeOffsetMs: 0,
      durationMs: 1,
      outcome: 'http-error',
      status: 503
    },
    {
      group: 'entertainment',
      mirror: 2,
      hedgeOffsetMs: 1,
      durationMs: 2,
      outcome: 'success'
    },
    {
      group: 'outdoor',
      mirror: 1,
      hedgeOffsetMs: 0,
      durationMs: 1,
      outcome: 'http-error',
      status: 503
    },
    {
      group: 'outdoor',
      mirror: 2,
      hedgeOffsetMs: 1,
      durationMs: 3,
      outcome: 'success'
    },
    {
      group: 'seasonal',
      mirror: 1,
      hedgeOffsetMs: 0,
      durationMs: 1,
      outcome: 'http-error',
      status: 503
    },
    {
      group: 'seasonal',
      mirror: 2,
      hedgeOffsetMs: 1,
      durationMs: 2,
      outcome: 'success'
    }
  ]
}
[discovery] provider-chain {
  mode: 'date-night',
  strategy: 'hedged',
  source: 'live',
  durationMs: 1,
  budgetExhausted: false,
  requestedGroups: 1,
  successfulGroups: 1,
  failedGroups: 0,
  partial: false,
  groups: [
    {
      group: 'culture',
      outcome: 'success',
      durationMs: 1,
      winnerMirror: 2
    }
  ],
  attempts: [
    {
      group: 'culture',
      mirror: 1,
      hedgeOffsetMs: 0,
      durationMs: 0,
      outcome: 'http-error',
      status: 503
    },
    {
      group: 'culture',
      mirror: 2,
      hedgeOffsetMs: 0,
      durationMs: 1,
      outcome: 'success'
    }
  ]
}
[discovery] provider-chain {
  mode: 'date-night',
  strategy: 'hedged',
  source: 'live',
  durationMs: 1,
  budgetExhausted: false,
  requestedGroups: 1,
  successfulGroups: 1,
  failedGroups: 0,
  partial: false,
  groups: [
    {
      group: 'culture',
      outcome: 'success',
      durationMs: 1,
      winnerMirror: 2
    }
  ],
  attempts: [
    {
      group: 'culture',
      mirror: 1,
      hedgeOffsetMs: 0,
      durationMs: 0,
      outcome: 'http-error',
      status: 503
    },
    {
      group: 'culture',
      mirror: 2,
      hedgeOffsetMs: 0,
      durationMs: 1,
      outcome: 'success'
    }
  ]
}
[discovery] provider-chain {
  mode: 'date-night',
  strategy: 'hedged',
  source: 'live',
  durationMs: 4,
  budgetExhausted: false,
  requestedGroups: 4,
  successfulGroups: 4,
  failedGroups: 0,
  partial: false,
  groups: [
    {
      group: 'seasonal',
      outcome: 'success',
      durationMs: 2,
      winnerMirror: 2
    },
    {
      group: 'entertainment',
      outcome: 'success',
      durationMs: 3,
      winnerMirror: 2
    },
    {
      group: 'culture',
      outcome: 'success',
      durationMs: 2,
      winnerMirror: 2
    },
    {
      group: 'outdoor',
      outcome: 'success',
      durationMs: 3,
      winnerMirror: 2
    }
  ],
  attempts: [
    {
      group: 'culture',
      mirror: 1,
      hedgeOffsetMs: 0,
      durationMs: 1,
      outcome: 'http-error',
      status: 503
    },
    {
      group: 'culture',
      mirror: 2,
      hedgeOffsetMs: 1,
      durationMs: 1,
      outcome: 'success'
    },
    {
      group: 'entertainment',
      mirror: 1,
      hedgeOffsetMs: 0,
      durationMs: 1,
      outcome: 'http-error',
      status: 503
    },
    {
      group: 'entertainment',
      mirror: 2,
      hedgeOffsetMs: 1,
      durationMs: 2,
      outcome: 'success'
    },
    {
      group: 'outdoor',
      mirror: 1,
      hedgeOffsetMs: 0,
      durationMs: 1,
      outcome: 'http-error',
      status: 503
    },
    {
      group: 'outdoor',
      mirror: 2,
      hedgeOffsetMs: 1,
      durationMs: 3,
      outcome: 'success'
    },
    {
      group: 'seasonal',
      mirror: 1,
      hedgeOffsetMs: 0,
      durationMs: 1,
      outcome: 'http-error',
      status: 503
    },
    {
      group: 'seasonal',
      mirror: 2,
      hedgeOffsetMs: 1,
      durationMs: 2,
      outcome: 'success'
    }
  ]
}
[discovery] provider-chain {
  mode: 'date-night',
  strategy: 'hedged',
  source: 'live',
  durationMs: 1,
  budgetExhausted: false,
  requestedGroups: 1,
  successfulGroups: 1,
  failedGroups: 0,
  partial: false,
  groups: [
    {
      group: 'culture',
      outcome: 'success',
      durationMs: 1,
      winnerMirror: 2
    }
  ],
  attempts: [
    {
      group: 'culture',
      mirror: 1,
      hedgeOffsetMs: 0,
      durationMs: 0,
      outcome: 'http-error',
      status: 503
    },
    {
      group: 'culture',
      mirror: 2,
      hedgeOffsetMs: 0,
      durationMs: 1,
      outcome: 'success'
    }
  ]
}
[discovery] provider-chain {
  mode: 'date-night',
  strategy: 'hedged',
  source: 'live',
  durationMs: 1,
  budgetExhausted: false,
  requestedGroups: 1,
  successfulGroups: 1,
  failedGroups: 0,
  partial: false,
  groups: [
    {
      group: 'culture',
      outcome: 'success',
      durationMs: 1,
      winnerMirror: 2
    }
  ],
  attempts: [
    {
      group: 'culture',
      mirror: 1,
      hedgeOffsetMs: 0,
      durationMs: 0,
      outcome: 'http-error',
      status: 503
    },
    {
      group: 'culture',
      mirror: 2,
      hedgeOffsetMs: 0,
      durationMs: 1,
      outcome: 'success'
    }
  ]
}
[discovery] provider-chain {
  mode: 'date-night',
  strategy: 'hedged',
  source: 'live',
  durationMs: 4,
  budgetExhausted: false,
  requestedGroups: 4,
  successfulGroups: 4,
  failedGroups: 0,
  partial: false,
  groups: [
    {
      group: 'seasonal',
      outcome: 'success',
      durationMs: 3,
      winnerMirror: 2
    },
    {
      group: 'entertainment',
      outcome: 'success',
      durationMs: 3,
      winnerMirror: 2
    },
    {
      group: 'culture',
      outcome: 'success',
      durationMs: 2,
      winnerMirror: 2
    },
    {
      group: 'outdoor',
      outcome: 'success',
      durationMs: 3,
      winnerMirror: 2
    }
  ],
  attempts: [
    {
      group: 'culture',
      mirror: 1,
      hedgeOffsetMs: 0,
      durationMs: 1,
      outcome: 'http-error',
      status: 503
    },
    {
      group: 'culture',
      mirror: 2,
      hedgeOffsetMs: 1,
      durationMs: 1,
      outcome: 'success'
    },
    {
      group: 'entertainment',
      mirror: 1,
      hedgeOffsetMs: 0,
      durationMs: 1,
      outcome: 'http-error',
      status: 503
    },
    {
      group: 'entertainment',
      mirror: 2,
      hedgeOffsetMs: 1,
      durationMs: 2,
      outcome: 'success'
    },
    {
      group: 'outdoor',
      mirror: 1,
      hedgeOffsetMs: 0,
      durationMs: 1,
      outcome: 'http-error',
      status: 503
    },
    {
      group: 'outdoor',
      mirror: 2,
      hedgeOffsetMs: 1,
      durationMs: 3,
      outcome: 'success'
    },
    {
      group: 'seasonal',
      mirror: 1,
      hedgeOffsetMs: 0,
      durationMs: 1,
      outcome: 'http-error',
      status: 503
    },
    {
      group: 'seasonal',
      mirror: 2,
      hedgeOffsetMs: 1,
      durationMs: 2,
      outcome: 'success'
    }
  ]
}
[discovery] provider-chain {
  mode: 'date-night',
  strategy: 'hedged',
  source: 'live',
  durationMs: 1,
  budgetExhausted: false,
  requestedGroups: 1,
  successfulGroups: 1,
  failedGroups: 0,
  partial: false,
  groups: [
    {
      group: 'culture',
      outcome: 'success',
      durationMs: 1,
      winnerMirror: 2
    }
  ],
  attempts: [
    {
      group: 'culture',
      mirror: 1,
      hedgeOffsetMs: 0,
      durationMs: 0,
      outcome: 'http-error',
      status: 503
    },
    {
      group: 'culture',
      mirror: 2,
      hedgeOffsetMs: 0,
      durationMs: 1,
      outcome: 'success'
    }
  ]
}
[discovery] provider-chain {
  mode: 'date-night',
  strategy: 'hedged',
  source: 'live',
  durationMs: 2,
  budgetExhausted: false,
  requestedGroups: 2,
  successfulGroups: 2,
  failedGroups: 0,
  partial: false,
  groups: [
    {
      group: 'entertainment',
      outcome: 'success',
      durationMs: 2,
      winnerMirror: 2
    },
    {
      group: 'culture',
      outcome: 'success',
      durationMs: 1,
      winnerMirror: 2
    }
  ],
  attempts: [
    {
      group: 'culture',
      mirror: 1,
      hedgeOffsetMs: 0,
      durationMs: 0,
      outcome: 'http-error',
      status: 503
    },
    {
      group: 'culture',
      mirror: 2,
      hedgeOffsetMs: 0,
      durationMs: 1,
      outcome: 'success'
    },
    {
      group: 'entertainment',
      mirror: 1,
      hedgeOffsetMs: 0,
      durationMs: 0,
      outcome: 'http-error',
      status: 503
    },
    {
      group: 'entertainment',
      mirror: 2,
      hedgeOffsetMs: 0,
      durationMs: 1,
      outcome: 'success'
    }
  ]
}
[discovery] provider-chain {
  mode: 'date-night',
  strategy: 'hedged',
  source: 'live',
  durationMs: 4,
  budgetExhausted: false,
  requestedGroups: 4,
  successfulGroups: 4,
  failedGroups: 0,
  partial: false,
  groups: [
    {
      group: 'seasonal',
      outcome: 'success',
      durationMs: 2,
      winnerMirror: 2
    },
    {
      group: 'entertainment',
      outcome: 'success',
      durationMs: 3,
      winnerMirror: 2
    },
    {
      group: 'culture',
      outcome: 'success',
      durationMs: 2,
      winnerMirror: 2
    },
    {
      group: 'outdoor',
      outcome: 'success',
      durationMs: 3,
      winnerMirror: 2
    }
  ],
  attempts: [
    {
      group: 'culture',
      mirror: 1,
      hedgeOffsetMs: 0,
      durationMs: 1,
      outcome: 'http-error',
      status: 503
    },
    {
      group: 'culture',
      mirror: 2,
      hedgeOffsetMs: 1,
      durationMs: 1,
      outcome: 'success'
    },
    {
      group: 'entertainment',
      mirror: 1,
      hedgeOffsetMs: 0,
      durationMs: 1,
      outcome: 'http-error',
      status: 503
    },
    {
      group: 'entertainment',
      mirror: 2,
      hedgeOffsetMs: 1,
      durationMs: 2,
      outcome: 'success'
    },
    {
      group: 'outdoor',
      mirror: 1,
      hedgeOffsetMs: 0,
      durationMs: 1,
      outcome: 'http-error',
      status: 503
    },
    {
      group: 'outdoor',
      mirror: 2,
      hedgeOffsetMs: 1,
      durationMs: 3,
      outcome: 'success'
    },
    {
      group: 'seasonal',
      mirror: 1,
      hedgeOffsetMs: 0,
      durationMs: 1,
      outcome: 'http-error',
      status: 503
    },
    {
      group: 'seasonal',
      mirror: 2,
      hedgeOffsetMs: 1,
      durationMs: 2,
      outcome: 'success'
    }
  ]
}
✔ real handler was: forward/reverse seasonal and ordinary flags, result order, later mirror (64.959004ms)
✔ real handler was: reconstructed contextual seasonal evidence and ordinary namespace parity (11.650186ms)
✔ all supported active seasonal contexts carry simple lifecycle flags independent of category (9.29252ms)
✔ different groups, completion order, duplicate identities and disused/permanent conflicts remain deterministic (10.353069ms)
✔ lifecycle-only, false flags, generic contexts and unsupported status tags never create eligible seasonal leakage (12.082388ms)
✔ negative-key search is exclusively set-bounded, positive queries stay narrow and hostile input never interpolates (1.20613ms)
✔ seasonal live success survives stalled parks and merges saved coverage with honest partial metadata (43.588318ms)
✔ entertainment survives seasonal HTTP failure with selected failed coverage retained (4.823037ms)
✔ valid empty requested group is successful coverage, distinct from missing venues and failed acquisition (1.662197ms)
✔ valid empty success with a failed sibling remains partial live, not fallback or terminal error (9.146458ms)
✔ cross-group equal OSM identity unions disjoint classifications despite changed provider name (3.786002ms)
✔ identical cross-group evidence is deduplicated and permanently closed evidence dominates active siblings (9.461113ms)
✔ malformed missing-elements sibling cannot erase valid seasonal live response (6.460807ms)
✔ malformed remark sibling cannot erase valid seasonal live response (3.651819ms)
✔ malformed invalid-json sibling cannot erase valid seasonal live response (2.668886ms)
✔ all four groups/mirrors stalled settle honest saved fallback at 12.5s (10.421662ms)
✔ all four groups/mirrors stalled settle terminal error at 12.5s (6.781912ms)
✔ all valid-empty groups are live coverage rather than outage even with zero venues (2.463266ms)
✔ Date Night ordinary partial UI preserves live picks and discloses failed groups (841.56037ms)
✔ Date Night seasonal partial UI preserves live picks and discloses failed groups (17.359088ms)
✔ query cost: leisure uses the complete finite exact-value carrier in every independent group (2.717559ms)
✔ query cost: amenity uses the complete finite exact-value carrier in every independent group (2.025516ms)
✔ query cost: tourism uses the complete finite exact-value carrier in every independent group (0.854218ms)
✔ query cost: attraction uses the complete finite exact-value carrier in every independent group (0.390759ms)
✔ query cost: sport uses the complete finite exact-value carrier in every independent group (0.615208ms)
✔ query cost: landuse uses the complete finite exact-value carrier in every independent group (4.535002ms)
✔ query cost: exact acquisition has no extra keys, duplicate clauses or unbounded selectors (2.560392ms)
✔ query cost: the structure guard rejects the diagnosed cinema regex even when shorter (1.428795ms)
✔ query cost: positive query statements and prefixed carrier statements remain unchanged for every measured plan (3.267199ms)
✔ query cost: all 154 audited interpretations and all 111 negative acquisitions survive every requested group (415.841034ms)
✔ query cost: arbitrary permanent suffixes and non-finite lifecycle values remain set-bounded and reachable (20.936094ms)
✔ query cost: equality preserves old acquisition for finite values and near misses, with and without lifecycle flags (599.085829ms)
✔ query cost: four independent groups and the four fixed mirrors remain unchanged (0.817514ms)
[discovery] provider-chain {
  mode: 'date-night',
  strategy: 'hedged',
  source: 'live',
  durationMs: 2,
  budgetExhausted: false,
  requestedGroups: 1,
  successfulGroups: 1,
  failedGroups: 0,
  partial: false,
  groups: [
    {
      group: 'seasonal',
      outcome: 'success',
      durationMs: 2,
      winnerMirror: 2
    }
  ],
  attempts: [
    {
      group: 'seasonal',
      mirror: 1,
      hedgeOffsetMs: 0,
      durationMs: 1,
      outcome: 'http-error',
      status: 503
    },
    {
      group: 'seasonal',
      mirror: 2,
      hedgeOffsetMs: 1,
      durationMs: 1,
      outcome: 'success'
    }
  ]
}
[discovery] provider-chain {
  mode: 'date-night',
  strategy: 'hedged',
  source: 'live',
  durationMs: 2,
  budgetExhausted: false,
  requestedGroups: 1,
  successfulGroups: 1,
  failedGroups: 0,
  partial: false,
  groups: [
    {
      group: 'seasonal',
      outcome: 'success',
      durationMs: 1,
      winnerMirror: 2
    }
  ],
  attempts: [
    {
      group: 'seasonal',
      mirror: 1,
      hedgeOffsetMs: 0,
      durationMs: 0,
      outcome: 'http-error',
      status: 503
    },
    {
      group: 'seasonal',
      mirror: 2,
      hedgeOffsetMs: 0,
      durationMs: 1,
      outcome: 'success'
    }
  ]
}
[discovery] provider-chain {
  mode: 'date-night',
  strategy: 'hedged',
  source: 'live',
  durationMs: 2,
  budgetExhausted: false,
  requestedGroups: 1,
  successfulGroups: 1,
  failedGroups: 0,
  partial: false,
  groups: [
    {
      group: 'seasonal',
      outcome: 'success',
      durationMs: 2,
      winnerMirror: 2
    }
  ],
  attempts: [
    {
      group: 'seasonal',
      mirror: 1,
      hedgeOffsetMs: 0,
      durationMs: 1,
      outcome: 'http-error',
      status: 503
    },
    {
      group: 'seasonal',
      mirror: 2,
      hedgeOffsetMs: 1,
      durationMs: 1,
      outcome: 'success'
    }
  ]
}
[discovery] provider-chain {
  mode: 'date-night',
  strategy: 'hedged',
  source: 'live',
  durationMs: 1,
  budgetExhausted: false,
  requestedGroups: 1,
  successfulGroups: 1,
  failedGroups: 0,
  partial: false,
  groups: [
    {
      group: 'seasonal',
      outcome: 'success',
      durationMs: 1,
      winnerMirror: 2
    }
  ],
  attempts: [
    {
      group: 'seasonal',
      mirror: 1,
      hedgeOffsetMs: 0,
      durationMs: 0,
      outcome: 'http-error',
      status: 503
    },
    {
      group: 'seasonal',
      mirror: 2,
      hedgeOffsetMs: 0,
      durationMs: 1,
      outcome: 'success'
    }
  ]
}
[discovery] provider-chain {
  mode: 'date-night',
  strategy: 'hedged',
  source: 'live',
  durationMs: 1,
  budgetExhausted: false,
  requestedGroups: 1,
  successfulGroups: 1,
  failedGroups: 0,
  partial: false,
  groups: [
    {
      group: 'seasonal',
      outcome: 'success',
      durationMs: 1,
      winnerMirror: 2
    }
  ],
  attempts: [
    {
      group: 'seasonal',
      mirror: 1,
      hedgeOffsetMs: 0,
      durationMs: 0,
      outcome: 'http-error',
      status: 503
    },
    {
      group: 'seasonal',
      mirror: 2,
      hedgeOffsetMs: 0,
      durationMs: 1,
      outcome: 'success'
    }
  ]
}
[discovery] provider-chain {
  mode: 'date-night',
  strategy: 'hedged',
  source: 'live',
  durationMs: 2,
  budgetExhausted: false,
  requestedGroups: 1,
  successfulGroups: 1,
  failedGroups: 0,
  partial: false,
  groups: [
    {
      group: 'seasonal',
      outcome: 'success',
      durationMs: 2,
      winnerMirror: 2
    }
  ],
  attempts: [
    {
      group: 'seasonal',
      mirror: 1,
      hedgeOffsetMs: 0,
      durationMs: 1,
      outcome: 'http-error',
      status: 503
    },
    {
      group: 'seasonal',
      mirror: 2,
      hedgeOffsetMs: 1,
      durationMs: 1,
      outcome: 'success'
    }
  ]
}
[discovery] provider-chain {
  mode: 'date-night',
  strategy: 'hedged',
  source: 'live',
  durationMs: 4,
  budgetExhausted: false,
  requestedGroups: 4,
  successfulGroups: 4,
  failedGroups: 0,
  partial: false,
  groups: [
    {
      group: 'seasonal',
      outcome: 'success',
      durationMs: 4,
      winnerMirror: 2
    },
    {
      group: 'entertainment',
      outcome: 'success',
      durationMs: 4,
      winnerMirror: 2
    },
    {
      group: 'culture',
      outcome: 'success',
      durationMs: 3,
      winnerMirror: 2
    },
    {
      group: 'outdoor',
      outcome: 'success',
      durationMs: 3,
      winnerMirror: 2
    }
  ],
  attempts: [
    {
      group: 'culture',
      mirror: 1,
      hedgeOffsetMs: 0,
      durationMs: 1,
      outcome: 'http-error',
      status: 503
    },
    {
      group: 'culture',
      mirror: 2,
      hedgeOffsetMs: 1,
      durationMs: 3,
      outcome: 'success'
    },
    {
      group: 'entertainment',
      mirror: 1,
      hedgeOffsetMs: 0,
      durationMs: 1,
      outcome: 'http-error',
      status: 503
    },
    {
      group: 'entertainment',
      mirror: 2,
      hedgeOffsetMs: 1,
      durationMs: 3,
      outcome: 'success'
    },
    {
      group: 'outdoor',
      mirror: 1,
      hedgeOffsetMs: 0,
      durationMs: 1,
      outcome: 'http-error',
      status: 503
    },
    {
      group: 'outdoor',
      mirror: 2,
      hedgeOffsetMs: 1,
      durationMs: 3,
      outcome: 'success'
    },
    {
      group: 'seasonal',
      mirror: 1,
      hedgeOffsetMs: 0,
      durationMs: 1,
      outcome: 'http-error',
      status: 503
    },
    {
      group: 'seasonal',
      mirror: 2,
      hedgeOffsetMs: 1,
      durationMs: 3,
      outcome: 'success'
    }
  ]
}
[discovery] provider-chain {
  mode: 'date-night',
  strategy: 'hedged',
  source: 'live',
  durationMs: 9,
  budgetExhausted: false,
  requestedGroups: 4,
  successfulGroups: 4,
  failedGroups: 0,
  partial: false,
  groups: [
    {
      group: 'seasonal',
      outcome: 'success',
      durationMs: 9,
      winnerMirror: 2
    },
    {
      group: 'entertainment',
      outcome: 'success',
      durationMs: 9,
      winnerMirror: 2
    },
    {
      group: 'culture',
      outcome: 'success',
      durationMs: 9,
      winnerMirror: 2
    },
    {
      group: 'outdoor',
      outcome: 'success',
      durationMs: 9,
      winnerMirror: 2
    }
  ],
  attempts: [
    {
      group: 'culture',
      mirror: 1,
      hedgeOffsetMs: 0,
      durationMs: 1,
      outcome: 'http-error',
      status: 503
    },
    {
      group: 'culture',
      mirror: 2,
      hedgeOffsetMs: 1,
      durationMs: 8,
      outcome: 'success'
    },
    {
      group: 'entertainment',
      mirror: 1,
      hedgeOffsetMs: 0,
      durationMs: 1,
      outcome: 'http-error',
      status: 503
    },
    {
      group: 'entertainment',
      mirror: 2,
      hedgeOffsetMs: 1,
      durationMs: 8,
      outcome: 'success'
    },
    {
      group: 'outdoor',
      mirror: 1,
      hedgeOffsetMs: 0,
      durationMs: 1,
      outcome: 'http-error',
      status: 503
    },
    {
      group: 'outdoor',
      mirror: 2,
      hedgeOffsetMs: 7,
      durationMs: 2,
      outcome: 'success'
    },
    {
      group: 'seasonal',
      mirror: 1,
      hedgeOffsetMs: 0,
      durationMs: 1,
      outcome: 'http-error',
      status: 503
    },
    {
      group: 'seasonal',
      mirror: 2,
      hedgeOffsetMs: 1,
      durationMs: 8,
      outcome: 'success'
    }
  ]
}
[discovery] provider-chain {
  mode: 'date-night',
  strategy: 'hedged',
  source: 'live',
  durationMs: 9,
  budgetExhausted: false,
  requestedGroups: 3,
  successfulGroups: 3,
  failedGroups: 0,
  partial: false,
  groups: [
    {
      group: 'entertainment',
      outcome: 'empty',
      durationMs: 9,
      winnerMirror: 1
    },
    {
      group: 'culture',
      outcome: 'success',
      durationMs: 9,
      winnerMirror: 1
    },
    {
      group: 'outdoor',
      outcome: 'empty',
      durationMs: 9,
      winnerMirror: 1
    }
  ],
  attempts: [
    {
      group: 'culture',
      mirror: 1,
      hedgeOffsetMs: 0,
      durationMs: 9,
      outcome: 'success'
    },
    {
      group: 'entertainment',
      mirror: 1,
      hedgeOffsetMs: 0,
      durationMs: 9,
      outcome: 'empty'
    },
    {
      group: 'outdoor',
      mirror: 1,
      hedgeOffsetMs: 0,
      durationMs: 9,
      outcome: 'empty'
    }
  ]
}
[discovery] provider-chain {
  mode: 'date-night',
  strategy: 'hedged',
  source: 'merged',
  durationMs: 5,
  budgetExhausted: false,
  requestedGroups: 1,
  successfulGroups: 1,
  failedGroups: 0,
  partial: false,
  groups: [
    {
      group: 'culture',
      outcome: 'empty',
      durationMs: 4,
      winnerMirror: 1
    }
  ],
  attempts: [
    {
      group: 'culture',
      mirror: 1,
      hedgeOffsetMs: 0,
      durationMs: 4,
      outcome: 'empty'
    }
  ]
}
[discovery] provider-chain {
  mode: 'date-night',
  strategy: 'hedged',
  source: 'merged',
  durationMs: 1,
  budgetExhausted: false,
  requestedGroups: 1,
  successfulGroups: 1,
  failedGroups: 0,
  partial: false,
  groups: [
    {
      group: 'seasonal',
      outcome: 'empty',
      durationMs: 0,
      winnerMirror: 1
    }
  ],
  attempts: [
    {
      group: 'seasonal',
      mirror: 1,
      hedgeOffsetMs: 0,
      durationMs: 0,
      outcome: 'empty'
    }
  ]
}
[discovery] provider-chain {
  mode: 'date-night',
  strategy: 'hedged',
  source: 'merged',
  durationMs: 1,
  budgetExhausted: false,
  requestedGroups: 1,
  successfulGroups: 1,
  failedGroups: 0,
  partial: false,
  groups: [
    {
      group: 'culture',
      outcome: 'empty',
      durationMs: 0,
      winnerMirror: 1
    }
  ],
  attempts: [
    {
      group: 'culture',
      mirror: 1,
      hedgeOffsetMs: 0,
      durationMs: 0,
      outcome: 'empty'
    }
  ]
}
✔ all Date Night database selectors use exact keys; lifecycle regex keys are bounded to a named set (6.478774ms)
✔ all 6167 canonical fixtures preserve selected positive semantics and broad identity-negative lifecycle acquisition (2260.150262ms)
✔ bounded context preselection never leaks generic places into seasonal output (20.951288ms)
✔ precise and lifecycle selectors stay independent of the active context set (9.312149ms)
✔ query fixture interpreter rejects missing/unknown sets, unbounded selectors and unexpected output grammar (4.126946ms)
✔ exact text keys preserve classifier key casing while still matching case-insensitive values (4.173626ms)
✔ Anything, omitted and empty category input produce all and only active query groups (0.579925ms)
✔ specific categories plan only required groups and combine selected siblings (0.197218ms)
✔ query plans and normalized coverage signatures are deterministic without mutating caller input (0.471131ms)
✔ Halloween OFF strips stale seasonal selections and preserves existing Anything fallback (0.699966ms)
✔ activity validation rejects malformed, inherited, unknown and query-injection inputs (1.101331ms)
✔ every ordinary category owns exact active clauses and shares supported identity-negative companions (103.030899ms)
✔ query construction independently enforces concrete whitelist input, finite coordinates and capped radius (0.465983ms)
✔ seasonal-only queries do not acquire unrelated ordinary or seasonal offerings (6.1312ms)
✔ precise seasonal attraction and agricultural maze representations remain reachable (15.688903ms)
✔ selected seasonal metadata remains reachable across every supported context, field and separator (90.617998ms)
✔ retained Exeter theme-park record remains acquired by a Corn Maze-only plan (1.217157ms)
✔ narrowed seasonal acquisition retains lifecycle-only evidence previously reached through broad contexts (17.940335ms)
✔ real selected query cannot resurrect an active duplicate by dropping its lifecycle-only theme-park record (21.062034ms)
✔ RV2 demolished=yes real acquisition parity: anything (7.567206ms)
ℹ {"selection":["anything"],"source":"live","partial":false,"eligible":[],"acquired":["date-night-osm-node-9201","date-night-osm-node-9202"]}
✔ RV2 demolished=yes real acquisition parity: corn-maze + pumpkin-patch (3.916138ms)
ℹ {"selection":["corn-maze","pumpkin-patch"],"source":"live","partial":false,"eligible":[],"acquired":["date-night-osm-node-9201","date-night-osm-node-9202"]}
✔ RV2 demolished=yes real acquisition parity: pumpkin-patch (1.841338ms)
ℹ {"selection":["pumpkin-patch"],"source":"live","partial":false,"eligible":[],"acquired":["date-night-osm-node-9202"]}
✔ RV2 demolished=yes real acquisition parity: corn-maze (1.780846ms)
ℹ {"selection":["corn-maze"],"source":"live","partial":false,"eligible":[],"acquired":["date-night-osm-node-9201","date-night-osm-node-9202"]}
✔ V-DR-01 cross-tag demolition excludes active Corn identity for corn-maze in either provider/result order (8.903972ms)
✔ V-DR-01 cross-tag demolition excludes active Corn identity for pumpkin-patch in either provider/result order (6.9934ms)
✔ V-DR-01 cross-tag demolition excludes active Corn identity for corn-maze + pumpkin-patch in either provider/result order (6.422399ms)
✔ V-DR-01 cross-tag demolition excludes active Corn identity for anything in either provider/result order (30.664566ms)
✔ V-DR-01 Pumpkin-only retains reverse demolished:corn_maze lifecycle companion (17.336594ms)
✔ V-DR-01 Pumpkin-only retains reverse disused:haunted_house lifecycle companion (2.035271ms)
✔ V-DR-01 ordinary Movies narrowing retains matching Museum demolition with Halloween both OFF and ON (7.862642ms)
✔ V-DR-01 Halloween OFF preserves the same seasonal-classification boundary for Anything and narrowed ordinary queries (14.408747ms)
✔ V-DR-01 unrelated negatives cannot suppress an active identity or leak into eligible positive results (2.528715ms)
✔ V-DR-01 negative companions span supported categories while affirmative clauses remain narrow (47.032093ms)
✔ narrowed acquisition never turns generic, negative or unrelated evidence into seasonal classification (16.304117ms)
✔ real server validator rejects hostile category input before any provider request (0.543921ms)
✔ real server request uses validated selected clauses, normalizes inactive seasonal input and preserves radius cap (9.947387ms)
✔ radial cache counts valid-empty successful patches as proof and outer success never covers missing core (17.909157ms)
✔ a failed outermost patch preserves 0–40 completeness; retry work is only missing patch/category (6.061995ms)
✔ radial cache rejects fallback as coverage (0.575338ms)
✔ radial cache rejects failed as coverage (0.619544ms)
✔ radial cache rejects cancelled as coverage (0.479593ms)
✔ radial cache rejects cache-hit as coverage (0.436699ms)
✔ radial cache rejects legacy as coverage (0.431181ms)
✔ radial cache rejects wrong-patch as coverage (0.531562ms)
✔ radial cache rejects wrong-version as coverage (0.561317ms)
✔ positive circle overlap is owned once; identities/evidence dedupe without clipping classifications (10.165054ms)
✔ radial V-DR-02: maxEntries eviction cannot resurrect superseded patch/category authority (1.021071ms)
✔ radial V-DR-02: maxVenues eviction cannot resurrect superseded patch/category authority (6.664945ms)
✔ radial cross-patch/category negative evidence suppresses positives and eviction cannot resurrect them (1.774468ms)
✔ legacy disk authority and patch authority never satisfy or supersede one another (0.49057ms)
✔ TTL/eviction remove proof; radius and semantic changes are scoped; local eligibility strictly clips (2.832534ms)
✔ radial IDs and geometry are deterministic; larger plans preserve the exact inner prefix (14.508358ms)
✔ radial partition has no sampled holes or double owners at 37.176447,-94.310223 (209.250159ms)
✔ radial partition has no sampled holes or double owners at 0,179.99 (218.78994ms)
✔ radial partition has no sampled holes or double owners at 80,-179.99 (169.409384ms)
✔ radial partition has no sampled holes or double owners at -80,30 (133.821801ms)
✔ every sector corner fits its bounded circle; no patch approaches a 50-mile monolith (0.873147ms)
✔ exact poles have a deterministic bearing frame and complete bounded coverage (6.028204ms)
✔ out-of-radius points have no logical owner and overlap maps to only one patch (0.501857ms)
✔ server resolves only enumerated patch IDs and rejects arbitrary geometry and hostile inputs (0.810653ms)
✔ continuous coverage requires every inner patch and requested category; outer success cannot fill a gap (3.830809ms)
✔ eviction/removal of a required proof makes continuous coverage incomplete; smaller maximum clips the claim (0.355556ms)
✔ actual patch RPC derives bounded geometry on the server and clips overlapping positive rows (38.007759ms)
✔ patch RPC rejects geometry/query injection, unknown IDs, and unauthorized outer patches before fetch (9.663538ms)
✔ patch group valid-empty remains authoritative and is not saved fallback (1.505ms)
✔ patch provider cancellation forwards request signal, aborts attempts and stops hedges (256.453344ms)
✔ actual UI: core completes first, actions enable before maximum coverage and outer work continues serially (854.183124ms)
✔ actual UI: open ResultOverlay stays stable when outer venues arrive; next action uses fresh pool (79.136457ms)
✔ actual UI: open OptionsOverlay stays stable when outer venues arrive; next action uses fresh pool (30.825334ms)
✔ actual UI: open DateNightPlanOverlay stays stable when outer venues arrive; next action uses fresh pool (45.500794ms)
✔ middle failure leaves a truthful gap, retains nearby picks, and retry targets only the failed sector (130.028533ms)
✔ outermost failure preserves complete 0–40 and no failure triggers runaway auto-retry (894.681666ms)
✔ three consecutive degraded outer patches stop the bounded pass and preserve inner results (56.909865ms)
✔ 15→50 schedules only missing outer work; decreasing cancels obsolete work without refetch or late admission (22.901931ms)
✔ shrinking while core is in flight retains the necessary core request and strictly clips future venues (17.982258ms)
✔ all local-only filters cause zero RPCs and do not cancel background expansion (26.03713ms)
✔ location changes invalidate incompatible coverage and late outer responses cannot mutate new origin (20.536161ms)
✔ all-stall core settles by watchdog, does not expand, and explicit retry reacquires only core (13.967411ms)
✔ saved core fallback remains usable and exposes an explicit missing-area retry without false coverage (24.643097ms)
✔ dinner: success settles active UI and clears watchdog before deadline (456.684787ms)
✔ dinner: fallback settles active UI and clears watchdog before deadline (8.890042ms)
✔ dinner: error settles active UI and clears watchdog before deadline (4.453478ms)
✔ dinner: AbortError settles active UI and clears watchdog before deadline (2.940836ms)
✔ dinner: never-settling/abort-ignoring RPC exits loading at 25s (11.81223ms)
✔ dinner: abort-compliant RPC exits loading at 25s (7.588138ms)
✔ dinner: late post-timeout success cannot overwrite timeout or a successful retry (16.288873ms)
✔ dinner: late post-timeout rejection cannot overwrite timeout or a successful retry (17.913524ms)
✔ dinner: replacement aborts old success; old settles first (21.31758ms)
✔ dinner: replacement aborts old success; new settles first (9.904181ms)
✔ dinner: replacement aborts old rejection; old settles first (24.246879ms)
✔ dinner: replacement aborts old rejection; new settles first (13.414187ms)
✔ dinner: unmount aborts/cleans up; success cannot write after unmount (7.586996ms)
✔ dinner: unmount aborts/cleans up; rejection cannot write after unmount (5.765708ms)
✔ dinner: unmount aborts/cleans up; pending cannot write after unmount (6.008314ms)
✔ dinner: radius update cancels obsolete transport or retains still-needed core; normal selection works (14.175925ms)
✔ dinner: timeout then retry success remains current when the first RPC finally resolves (10.255913ms)
✔ date-night: success settles active UI and clears watchdog before deadline (361.236837ms)
✔ date-night: fallback settles active UI and clears watchdog before deadline (11.238865ms)
✔ date-night: error settles active UI and clears watchdog before deadline (30.782619ms)
✔ date-night: AbortError settles active UI and clears watchdog before deadline (11.651947ms)
✔ date-night: never-settling/abort-ignoring RPC exits loading at 25s (12.744236ms)
✔ date-night: abort-compliant RPC exits loading at 25s (6.33006ms)
✔ date-night: late post-timeout success cannot overwrite timeout or a successful retry (12.422771ms)
✔ date-night: late post-timeout rejection cannot overwrite timeout or a successful retry (11.483955ms)
✔ date-night: replacement aborts old success; old settles first (11.999582ms)
✔ date-night: replacement aborts old success; new settles first (12.08385ms)
✔ date-night: replacement aborts old rejection; old settles first (11.448781ms)
✔ date-night: replacement aborts old rejection; new settles first (9.807896ms)
✔ date-night: unmount aborts/cleans up; success cannot write after unmount (9.61074ms)
✔ date-night: unmount aborts/cleans up; rejection cannot write after unmount (15.767648ms)
✔ date-night: unmount aborts/cleans up; pending cannot write after unmount (25.37466ms)
✔ date-night: radius update cancels obsolete transport or retains still-needed core; normal selection works (100.740744ms)
✔ date-night: timeout then retry success remains current when the first RPC finally resolves (11.351205ms)
✔ nightlife: success settles active UI and clears watchdog before deadline (97.563826ms)
✔ nightlife: fallback settles active UI and clears watchdog before deadline (12.640199ms)
✔ nightlife: error settles active UI and clears watchdog before deadline (1.626834ms)
✔ nightlife: AbortError settles active UI and clears watchdog before deadline (1.665523ms)
✔ nightlife: never-settling/abort-ignoring RPC exits loading at 25s (5.490303ms)
✔ nightlife: abort-compliant RPC exits loading at 25s (2.888878ms)
✔ nightlife: late post-timeout success cannot overwrite timeout or a successful retry (4.479388ms)
✔ nightlife: late post-timeout rejection cannot overwrite timeout or a successful retry (2.426771ms)
✔ nightlife: replacement aborts old success; old settles first (2.402404ms)
✔ nightlife: replacement aborts old success; new settles first (4.951901ms)
✔ nightlife: replacement aborts old rejection; old settles first (2.259118ms)
✔ nightlife: replacement aborts old rejection; new settles first (2.142702ms)
✔ nightlife: unmount aborts/cleans up; success cannot write after unmount (4.567391ms)
✔ nightlife: unmount aborts/cleans up; rejection cannot write after unmount (1.528986ms)
✔ nightlife: unmount aborts/cleans up; pending cannot write after unmount (9.235984ms)
✔ nightlife: radius update cancels obsolete transport or retains still-needed core; normal selection works (2.879043ms)
✔ nightlife: timeout then retry success remains current when the first RPC finally resolves (3.565209ms)
✔ Date Night: seasonal dependency replacement aborts the previous request (3.503686ms)
✔ pinned TanStack RPC forwards the exact controller signal to fetch and settles on abort (101.455316ms)
✔ shared lifecycle also settles synchronous RPC throws without leaving a watchdog (13.58865ms)
✔ dinner: headers stalls settle fallback within the provider bound (61.815536ms)
✔ dinner: headers stalls settle error within the provider bound (12.60794ms)
✔ dinner: body stalls settle fallback within the provider bound (23.715418ms)
✔ dinner: body stalls settle error within the provider bound (7.871305ms)
✔ dinner: first stall then second success returns at 8s and clears timers (8.400833ms)
✔ dinner: immediate 429 advances without delay; saved coverage and terminal error preserved (31.368783ms)
✔ dinner: immediate 500 advances without delay; saved coverage and terminal error preserved (32.590637ms)
✔ dinner: immediate 504 advances without delay; saved coverage and terminal error preserved (15.215464ms)
✔ dinner: immediate missing-elements advances without delay; saved coverage and terminal error preserved (19.352696ms)
✔ dinner: immediate remark advances without delay; saved coverage and terminal error preserved (28.580006ms)
✔ dinner: immediate invalid-json advances without delay; saved coverage and terminal error preserved (21.003145ms)
✔ dinner: valid empty results retain mode-specific mirror and source semantics (4.511797ms)
✔ dinner: normal first success is quiet, abort errors categorized, raw exceptions never logged (18.062038ms)
✔ date-night: headers stalls settle fallback within the provider bound (239.468851ms)
✔ date-night: headers stalls settle error within the provider bound (1.119569ms)
✔ date-night: body stalls settle fallback within the provider bound (1.16637ms)
✔ date-night: body stalls settle error within the provider bound (5.663625ms)
✔ date-night: first stall then second success returns at 1.5s and clears timers (7.329817ms)
✔ date-night: immediate 429 advances without delay; saved coverage and terminal error preserved (1.649088ms)
✔ date-night: immediate 500 advances without delay; saved coverage and terminal error preserved (1.375926ms)
✔ date-night: immediate 504 advances without delay; saved coverage and terminal error preserved (6.150209ms)
✔ date-night: immediate missing-elements advances without delay; saved coverage and terminal error preserved (1.718142ms)
✔ date-night: immediate remark advances without delay; saved coverage and terminal error preserved (5.21624ms)
✔ date-night: immediate invalid-json advances without delay; saved coverage and terminal error preserved (1.699725ms)
✔ date-night: valid empty results retain mode-specific mirror and source semantics (0.970514ms)
✔ date-night: normal first success is quiet, abort errors categorized, raw exceptions never logged (5.838908ms)
✔ nightlife: headers stalls settle fallback within the provider bound (8.539593ms)
✔ nightlife: headers stalls settle error within the provider bound (1.456508ms)
✔ nightlife: body stalls settle fallback within the provider bound (4.999652ms)
✔ nightlife: body stalls settle error within the provider bound (0.703201ms)
✔ nightlife: first stall then second success returns at 8s and clears timers (7.487776ms)
✔ nightlife: immediate 429 advances without delay; saved coverage and terminal error preserved (1.320402ms)
✔ nightlife: immediate 500 advances without delay; saved coverage and terminal error preserved (6.812638ms)
✔ nightlife: immediate 504 advances without delay; saved coverage and terminal error preserved (0.937444ms)
✔ nightlife: immediate missing-elements advances without delay; saved coverage and terminal error preserved (1.126269ms)
✔ nightlife: immediate remark advances without delay; saved coverage and terminal error preserved (5.851863ms)
✔ nightlife: immediate invalid-json advances without delay; saved coverage and terminal error preserved (1.893797ms)
✔ nightlife: valid empty results retain mode-specific mirror and source semantics (0.812145ms)
✔ nightlife: normal first success is quiet, abort errors categorized, raw exceptions never logged (1.357888ms)
✔ Dinner retains successful-empty precedence when subsequent mirrors exhaust the budget (6.678014ms)
✔ shared provider attempt uses native timer and real fetch body abort (117.88904ms)
✔ Nitro final streaming head: pickforus.app/ (28.675751ms)
✔ Nitro final streaming head: pickforus.app/settings (5.692097ms)
✔ Nitro final streaming head: pickforus.app/history (8.0998ms)
✔ Nitro final streaming head: pickforus.app/favorites (89.897992ms)
✔ Nitro final streaming head: dinner-roulette-chi.vercel.app/ (12.81307ms)
✔ Nitro final streaming head: dinner-roulette-chi.vercel.app/settings (7.419092ms)
✔ Nitro final streaming head: dinner-roulette-chi.vercel.app/history (6.307045ms)
✔ Nitro final streaming head: dinner-roulette-chi.vercel.app/favorites (5.129809ms)
✔ Nitro final streaming head: dinner-roulette-candidate-minions.vercel.app/ (11.465406ms)
✔ Nitro final streaming head: dinner-roulette-candidate-minions.vercel.app/settings (8.622588ms)
✔ Nitro final streaming head: dinner-roulette-candidate-minions.vercel.app/history (9.266099ms)
✔ Nitro final streaming head: dinner-roulette-candidate-minions.vercel.app/favorites (2.248091ms)
✔ canonical authority ignores stale public-host env and strips query/hash/trailing slash (1.75656ms)
✔ unknown/system/local hosts cannot become indexable canonical origins (2.018245ms)
✔ Nitro compatibility manifests match static public manifest without a workspace filesystem (35.121826ms)
✔ Nitro install tutorial has coherent identity, relative app link and noindex (2.337036ms)
✔ Nitro preserves non-document, non-GET and encoded responses (0.646526ms)
✔ Vite dev final response and installation endpoints (243.067546ms)
✔ Vite preview final response and installation endpoints (129.183593ms)
✔ injects before </head> (17.769598ms)
✔ injects the extensions script without a project id (0.595188ms)
✔ injects project id on the script and meta when provided (6.795341ms)
✔ does not duplicate grok:app_id (0.73534ms)
✔ omits x:creator tags without both creator values (0.983293ms)
✔ injects x:creator tags when both creator values are set (0.253142ms)
✔ escapes x:creator values (0.251459ms)
✔ does not duplicate x:creator tags (0.373864ms)
✔ platform chrome overwrites share-card metas and always sets og:title (12.624045ms)
✔ does not duplicate twitter:card or og:title (0.63627ms)
✔ a baked site.image is treated as a custom card (5.338513ms)
✔ baked identity does not need a workspace filesystem (0.603721ms)
✔ a public card file wins over a baked site without card=custom (0.630441ms)
✔ public/og.png wins when jpg is absent (0.325772ms)
✔ resolveOgCardAsset: disk file, then bake, then empty (placeholder) (0.377209ms)
✔ snapshotOgIdentity stamps card=custom from a public card file (0.466203ms)
✔ snapshotOgIdentity stamps banner from public/x-banner.jpg (0.274204ms)
✔ emits x:game:image for a public host when site.banner is set (0.311399ms)
✔ does not emit x:game:image without a public host or banner (0.217168ms)
✔ site title Grok App is a real name, not a sentinel (0.272581ms)
✔ published grok.me slug is still a title fallback (0.350228ms)
✔ rejects Vercel system hosts as og:image origins (0.112549ms)
✔ published VITE_PUBLIC_HOSTNAME wins over request Host for og:image (0.244178ms)
✔ vercel Host without a public hostname emits no og:image (0.140272ms)
✔ emits og:image for a public host and prefers a custom card (0.199702ms)
✔ placeholder og:image appends site.color when it is 6-digit hex (0.259401ms)
✔ document title entities are not double-escaped on og:title (0.546254ms)
✔ site.json title wins over the host slug (0.251089ms)
✔ injects into documents with no head element (0.256006ms)
✔ streaming injector matches </HEAD> case-insensitively (0.411191ms)
✔ does not duplicate the extensions script (0.433213ms)
✔ is idempotent (0.66911ms)
✔ uses the app name in the injected title tag (0.163557ms)
✔ streaming injector handles </head> split across chunks (0.374776ms)
✔ streaming injector passes post-head chunks through untouched (0.581257ms)
✔ streaming injector falls back when no </head> is seen (0.380655ms)
✔ detects install query (0.239852ms)
✔ filters non-document paths (0.302747ms)
✔ strips install params from the app link (0.138499ms)
✔ uses product identity as the host-name fallback (0.078238ms)
✔ rejects hosts that are not plain slugs (0.073782ms)
✔ renders install page markup (0.194804ms)
✔ escapes host-derived values in the install page (0.113641ms)
✔ renders the compatibility manifest with the product identity (0.389648ms)
✔ vite config keeps the nitro serverDir wiring (5.36935ms)
✔ nitro middleware and its bundled assets exist (6.612595ms)
✔ vite plugin bakes og identity as a virtual module (0.173912ms)
✔ live favicon metadata uses the approved PNG with MIME and size (4.64022ms)
✔ public manifest has the exact unified PNG icon set (2.372279ms)
[discovery] provider-chain {
  mode: 'dinner',
  source: 'live',
  durationMs: 2,
  budgetExhausted: false,
  attempts: [
    { mirror: 1, durationMs: 1, outcome: 'empty' },
    { mirror: 2, durationMs: 0, outcome: 'empty' },
    { mirror: 3, durationMs: 0, outcome: 'empty' },
    { mirror: 4, durationMs: 0, outcome: 'empty' }
  ]
}
[discovery] provider-chain {
  mode: 'dinner',
  source: 'error',
  durationMs: 1,
  budgetExhausted: false,
  attempts: [
    { mirror: 1, durationMs: 0, outcome: 'malformed' },
    { mirror: 2, durationMs: 0, outcome: 'malformed' },
    { mirror: 3, durationMs: 0, outcome: 'malformed' },
    { mirror: 4, durationMs: 0, outcome: 'malformed' }
  ]
}
[discovery] provider-chain {
  mode: 'dinner',
  source: 'error',
  durationMs: 1,
  budgetExhausted: false,
  attempts: [
    { mirror: 1, durationMs: 0, outcome: 'malformed' },
    { mirror: 2, durationMs: 0, outcome: 'malformed' },
    { mirror: 3, durationMs: 0, outcome: 'malformed' },
    { mirror: 4, durationMs: 1, outcome: 'malformed' }
  ]
}
[discovery] provider-chain {
  mode: 'dinner',
  source: 'error',
  durationMs: 1,
  budgetExhausted: false,
  attempts: [
    { mirror: 1, durationMs: 0, outcome: 'network-error' },
    { mirror: 2, durationMs: 0, outcome: 'network-error' },
    { mirror: 3, durationMs: 0, outcome: 'network-error' },
    { mirror: 4, durationMs: 0, outcome: 'network-error' }
  ]
}
[discovery] provider-chain {
  mode: 'dinner',
  source: 'fallback',
  durationMs: 0,
  budgetExhausted: false,
  attempts: [
    { mirror: 1, durationMs: 0, outcome: 'network-error' },
    { mirror: 2, durationMs: 0, outcome: 'network-error' },
    { mirror: 3, durationMs: 0, outcome: 'network-error' },
    { mirror: 4, durationMs: 0, outcome: 'network-error' }
  ]
}
[discovery] provider-chain {
  mode: 'nightlife',
  source: 'live',
  durationMs: 1,
  budgetExhausted: false,
  attempts: [ { mirror: 1, durationMs: 1, outcome: 'empty' } ]
}
[discovery] provider-chain {
  mode: 'nightlife',
  source: 'error',
  durationMs: 1,
  budgetExhausted: false,
  attempts: [
    { mirror: 1, durationMs: 0, outcome: 'malformed' },
    { mirror: 2, durationMs: 0, outcome: 'malformed' },
    { mirror: 3, durationMs: 0, outcome: 'malformed' },
    { mirror: 4, durationMs: 0, outcome: 'malformed' }
  ]
}
[discovery] provider-chain {
  mode: 'nightlife',
  source: 'error',
  durationMs: 4,
  budgetExhausted: false,
  attempts: [
    { mirror: 1, durationMs: 0, outcome: 'malformed' },
    { mirror: 2, durationMs: 0, outcome: 'malformed' },
    { mirror: 3, durationMs: 0, outcome: 'malformed' },
    { mirror: 4, durationMs: 3, outcome: 'malformed' }
  ]
}
[discovery] provider-chain {
  mode: 'nightlife',
  source: 'error',
  durationMs: 0,
  budgetExhausted: false,
  attempts: [
    { mirror: 1, durationMs: 0, outcome: 'network-error' },
    { mirror: 2, durationMs: 0, outcome: 'network-error' },
    { mirror: 3, durationMs: 0, outcome: 'network-error' },
    { mirror: 4, durationMs: 0, outcome: 'network-error' }
  ]
}
[discovery] provider-chain {
  mode: 'nightlife',
  source: 'fallback',
  durationMs: 0,
  budgetExhausted: false,
  attempts: [
    { mirror: 1, durationMs: 0, outcome: 'network-error' },
    { mirror: 2, durationMs: 0, outcome: 'network-error' },
    { mirror: 3, durationMs: 0, outcome: 'network-error' },
    { mirror: 4, durationMs: 0, outcome: 'network-error' }
  ]
}
[discovery] provider-chain {
  mode: 'date-night',
  strategy: 'hedged',
  source: 'live',
  durationMs: 3,
  budgetExhausted: false,
  requestedGroups: 3,
  successfulGroups: 3,
  failedGroups: 0,
  partial: false,
  groups: [
    {
      group: 'entertainment',
      outcome: 'empty',
      durationMs: 2,
      winnerMirror: 1
    },
    {
      group: 'culture',
      outcome: 'empty',
      durationMs: 2,
      winnerMirror: 1
    },
    {
      group: 'outdoor',
      outcome: 'empty',
      durationMs: 2,
      winnerMirror: 1
    }
  ],
  attempts: [
    {
      group: 'culture',
      mirror: 1,
      hedgeOffsetMs: 0,
      durationMs: 2,
      outcome: 'empty'
    },
    {
      group: 'entertainment',
      mirror: 1,
      hedgeOffsetMs: 0,
      durationMs: 2,
      outcome: 'empty'
    },
    {
      group: 'outdoor',
      mirror: 1,
      hedgeOffsetMs: 0,
      durationMs: 2,
      outcome: 'empty'
    }
  ]
}
[discovery] provider-chain {
  mode: 'date-night',
  strategy: 'hedged',
  source: 'error',
  durationMs: 2,
  budgetExhausted: false,
  requestedGroups: 3,
  successfulGroups: 0,
  failedGroups: 3,
  partial: false,
  groups: [
    { group: 'entertainment', outcome: 'failed', durationMs: 2 },
    { group: 'culture', outcome: 'failed', durationMs: 2 },
    { group: 'outdoor', outcome: 'failed', durationMs: 2 }
  ],
  attempts: [
    {
      group: 'culture',
      mirror: 1,
      hedgeOffsetMs: 0,
      durationMs: 1,
      outcome: 'malformed'
    },
    {
      group: 'culture',
      mirror: 2,
      hedgeOffsetMs: 1,
      durationMs: 0,
      outcome: 'malformed'
    },
    {
      group: 'culture',
      mirror: 3,
      hedgeOffsetMs: 1,
      durationMs: 0,
      outcome: 'malformed'
    },
    {
      group: 'culture',
      mirror: 4,
      hedgeOffsetMs: 1,
      durationMs: 0,
      outcome: 'malformed'
    },
    {
      group: 'entertainment',
      mirror: 1,
      hedgeOffsetMs: 0,
      durationMs: 1,
      outcome: 'malformed'
    },
    {
      group: 'entertainment',
      mirror: 2,
      hedgeOffsetMs: 1,
      durationMs: 1,
      outcome: 'malformed'
    },
    {
      group: 'entertainment',
      mirror: 3,
      hedgeOffsetMs: 1,
      durationMs: 0,
      outcome: 'malformed'
    },
    {
      group: 'entertainment',
      mirror: 4,
      hedgeOffsetMs: 1,
      durationMs: 0,
      outcome: 'malformed'
    },
    {
      group: 'outdoor',
      mirror: 1,
      hedgeOffsetMs: 0,
      durationMs: 1,
      outcome: 'malformed'
    },
    {
      group: 'outdoor',
      mirror: 2,
      hedgeOffsetMs: 1,
      durationMs: 0,
      outcome: 'malformed'
    },
    {
      group: 'outdoor',
      mirror: 3,
      hedgeOffsetMs: 1,
      durationMs: 0,
      outcome: 'malformed'
    },
    {
      group: 'outdoor',
      mirror: 4,
      hedgeOffsetMs: 1,
      durationMs: 0,
      outcome: 'malformed'
    }
  ]
}
[discovery] provider-chain {
  mode: 'date-night',
  strategy: 'hedged',
  source: 'error',
  durationMs: 1,
  budgetExhausted: false,
  requestedGroups: 3,
  successfulGroups: 0,
  failedGroups: 3,
  partial: false,
  groups: [
    { group: 'entertainment', outcome: 'failed', durationMs: 1 },
    { group: 'culture', outcome: 'failed', durationMs: 1 },
    { group: 'outdoor', outcome: 'failed', durationMs: 1 }
  ],
  attempts: [
    {
      group: 'culture',
      mirror: 1,
      hedgeOffsetMs: 0,
      durationMs: 0,
      outcome: 'malformed'
    },
    {
      group: 'culture',
      mirror: 2,
      hedgeOffsetMs: 0,
      durationMs: 0,
      outcome: 'malformed'
    },
    {
      group: 'culture',
      mirror: 3,
      hedgeOffsetMs: 1,
      durationMs: 0,
      outcome: 'malformed'
    },
    {
      group: 'culture',
      mirror: 4,
      hedgeOffsetMs: 1,
      durationMs: 0,
      outcome: 'malformed'
    },
    {
      group: 'entertainment',
      mirror: 1,
      hedgeOffsetMs: 0,
      durationMs: 0,
      outcome: 'malformed'
    },
    {
      group: 'entertainment',
      mirror: 2,
      hedgeOffsetMs: 1,
      durationMs: 0,
      outcome: 'malformed'
    },
    {
      group: 'entertainment',
      mirror: 3,
      hedgeOffsetMs: 1,
      durationMs: 0,
      outcome: 'malformed'
    },
    {
      group: 'entertainment',
      mirror: 4,
      hedgeOffsetMs: 1,
      durationMs: 0,
      outcome: 'malformed'
    },
    {
      group: 'outdoor',
      mirror: 1,
      hedgeOffsetMs: 0,
      durationMs: 0,
      outcome: 'malformed'
    },
    {
      group: 'outdoor',
      mirror: 2,
      hedgeOffsetMs: 0,
      durationMs: 0,
      outcome: 'malformed'
    },
    {
      group: 'outdoor',
      mirror: 3,
      hedgeOffsetMs: 1,
      durationMs: 0,
      outcome: 'malformed'
    },
    {
      group: 'outdoor',
      mirror: 4,
      hedgeOffsetMs: 1,
      durationMs: 0,
      outcome: 'malformed'
    }
  ]
}
[discovery] provider-chain {
  mode: 'date-night',
  strategy: 'hedged',
  source: 'error',
  durationMs: 1,
  budgetExhausted: false,
  requestedGroups: 3,
  successfulGroups: 0,
  failedGroups: 3,
  partial: false,
  groups: [
    { group: 'entertainment', outcome: 'failed', durationMs: 0 },
    { group: 'culture', outcome: 'failed', durationMs: 0 },
    { group: 'outdoor', outcome: 'failed', durationMs: 0 }
  ],
  attempts: [
    {
      group: 'culture',
      mirror: 1,
      hedgeOffsetMs: 0,
      durationMs: 0,
      outcome: 'network-error'
    },
    {
      group: 'culture',
      mirror: 2,
      hedgeOffsetMs: 0,
      durationMs: 0,
      outcome: 'network-error'
    },
    {
      group: 'culture',
      mirror: 3,
      hedgeOffsetMs: 0,
      durationMs: 0,
      outcome: 'network-error'
    },
    {
      group: 'culture',
      mirror: 4,
      hedgeOffsetMs: 0,
      durationMs: 0,
      outcome: 'network-error'
    },
    {
      group: 'entertainment',
      mirror: 1,
      hedgeOffsetMs: 0,
      durationMs: 0,
      outcome: 'network-error'
    },
    {
      group: 'entertainment',
      mirror: 2,
      hedgeOffsetMs: 0,
      durationMs: 0,
      outcome: 'network-error'
    },
    {
      group: 'entertainment',
      mirror: 3,
      hedgeOffsetMs: 0,
      durationMs: 0,
      outcome: 'network-error'
    },
    {
      group: 'entertainment',
      mirror: 4,
      hedgeOffsetMs: 0,
      durationMs: 0,
      outcome: 'network-error'
    },
    {
      group: 'outdoor',
      mirror: 1,
      hedgeOffsetMs: 0,
      durationMs: 0,
      outcome: 'network-error'
    },
    {
      group: 'outdoor',
      mirror: 2,
      hedgeOffsetMs: 0,
      durationMs: 0,
      outcome: 'network-error'
    },
    {
      group: 'outdoor',
      mirror: 3,
      hedgeOffsetMs: 0,
      durationMs: 0,
      outcome: 'network-error'
    },
    {
      group: 'outdoor',
      mirror: 4,
      hedgeOffsetMs: 0,
      durationMs: 0,
      outcome: 'network-error'
    }
  ]
}
[discovery] provider-chain {
  mode: 'date-night',
  strategy: 'hedged',
  source: 'fallback',
  durationMs: 1,
  budgetExhausted: false,
  requestedGroups: 3,
  successfulGroups: 0,
  failedGroups: 3,
  partial: false,
  groups: [
    { group: 'entertainment', outcome: 'failed', durationMs: 1 },
    { group: 'culture', outcome: 'failed', durationMs: 1 },
    { group: 'outdoor', outcome: 'failed', durationMs: 1 }
  ],
  attempts: [
    {
      group: 'culture',
      mirror: 1,
      hedgeOffsetMs: 0,
      durationMs: 0,
      outcome: 'network-error'
    },
    {
      group: 'culture',
      mirror: 2,
      hedgeOffsetMs: 0,
      durationMs: 0,
      outcome: 'network-error'
    },
    {
      group: 'culture',
      mirror: 3,
      hedgeOffsetMs: 0,
      durationMs: 0,
      outcome: 'network-error'
    },
    {
      group: 'culture',
      mirror: 4,
      hedgeOffsetMs: 1,
      durationMs: 0,
      outcome: 'network-error'
    },
    {
      group: 'entertainment',
      mirror: 1,
      hedgeOffsetMs: 0,
      durationMs: 0,
      outcome: 'network-error'
    },
    {
      group: 'entertainment',
      mirror: 2,
      hedgeOffsetMs: 0,
      durationMs: 0,
      outcome: 'network-error'
    },
    {
      group: 'entertainment',
      mirror: 3,
      hedgeOffsetMs: 1,
      durationMs: 0,
      outcome: 'network-error'
    },
    {
      group: 'entertainment',
      mirror: 4,
      hedgeOffsetMs: 1,
      durationMs: 0,
      outcome: 'network-error'
    },
    {
      group: 'outdoor',
      mirror: 1,
      hedgeOffsetMs: 0,
      durationMs: 0,
      outcome: 'network-error'
    },
    {
      group: 'outdoor',
      mirror: 2,
      hedgeOffsetMs: 0,
      durationMs: 0,
      outcome: 'network-error'
    },
    {
      group: 'outdoor',
      mirror: 3,
      hedgeOffsetMs: 0,
      durationMs: 0,
      outcome: 'network-error'
    },
    {
      group: 'outdoor',
      mirror: 4,
      hedgeOffsetMs: 0,
      durationMs: 0,
      outcome: 'network-error'
    }
  ]
}
[discovery] provider-chain {
  mode: 'nightlife',
  source: 'merged',
  durationMs: 1,
  budgetExhausted: false,
  attempts: [ { mirror: 1, durationMs: 1, outcome: 'empty' } ]
}
[discovery] provider-chain {
  mode: 'date-night',
  strategy: 'hedged',
  source: 'merged',
  durationMs: 2,
  budgetExhausted: false,
  requestedGroups: 3,
  successfulGroups: 3,
  failedGroups: 0,
  partial: false,
  groups: [
    {
      group: 'entertainment',
      outcome: 'empty',
      durationMs: 1,
      winnerMirror: 1
    },
    {
      group: 'culture',
      outcome: 'empty',
      durationMs: 0,
      winnerMirror: 1
    },
    {
      group: 'outdoor',
      outcome: 'empty',
      durationMs: 0,
      winnerMirror: 1
    }
  ],
  attempts: [
    {
      group: 'culture',
      mirror: 1,
      hedgeOffsetMs: 0,
      durationMs: 0,
      outcome: 'empty'
    },
    {
      group: 'entertainment',
      mirror: 1,
      hedgeOffsetMs: 0,
      durationMs: 1,
      outcome: 'empty'
    },
    {
      group: 'outdoor',
      mirror: 1,
      hedgeOffsetMs: 0,
      durationMs: 0,
      outcome: 'empty'
    }
  ]
}
✔ restaurants: six locations reach the real coordinate query and normalize local results (19.451897ms)
✔ restaurants: valid empty areas, all-mirror outage, and coordinate validation remain distinct (55.558351ms)
✔ nightlife and casinos: six locations reach the real coordinate query and normalize local results (17.408665ms)
✔ nightlife and casinos: valid empty areas, all-mirror outage, and coordinate validation remain distinct (13.745578ms)
✔ date night: six locations reach the real coordinate query and normalize local results (34.516445ms)
✔ date night: valid empty areas, all-mirror outage, and coordinate validation remain distinct (25.884322ms)
✔ restaurant distance, cuisine and price filters behave with Canadian results (2.789008ms)
✔ local closure exclusions do not hide same-named international businesses (12.90503ms)
✔ Maps destinations preserve exact Canadian/U.S. points and encode legacy international addresses (0.635349ms)
✔ stored legacy U.S. locations and country metadata survive hydration; corrupt coordinates fall back (72.400315ms)
✔ spatial restaurant dedupe exactly preserves name rules, source priority, ordering and radius boundaries (16.423216ms)
✔ spatial restaurant candidates preserve duplicates across the antimeridian and near both poles (5.349591ms)
✔ dense international pools preserve thousands of distinct restaurants and duplicate identities (345.87568ms)
✔ _migrations keys on basename, not path (1.363627ms)
✔ a file already applied from another directory does not re-apply (0.823623ms)
✔ pending migrations are returned in name order (8.898835ms)
✔ non-.sql entries are dropped (readdir also yields the auth/ directory) (0.372702ms)
✔ the auth schema ships outside the globbed directory (0.583941ms)
✔ this workspace's auth schema copy is byte-identical to its source (0.272281ms)
✔ the copy check reads both files and catches an edit (1.060359ms)
✔ absent external workspace package gets an explicit skip reason (0.88817ms)
✔ installed documentation contracts are not skipped (0.13263ms)
✔ required documentation cannot be skipped even when absent (0.114683ms)
✔ parsePreviewArgs accepts the two actions (9.310682ms)
✔ parsePreviewArgs rejects missing, unknown and extra arguments (0.419212ms)
✔ parsePid reads a pidfile and rejects junk (0.300173ms)
✔ parsePgid reads the pgrp field past a comm containing spaces (0.230568ms)
✔ parseListenerInodes picks LISTEN sockets on the wanted port only (0.298741ms)
✔ parseListenerInodes reads the tcp6 dump the same way (0.161624ms)
✔ looksLikePreviewProcess matches the npm wrapper and its vite child (0.49748ms)
✔ looksLikePreviewProcess spares the sibling scripts and re-used pids (0.157378ms)
✔ previewOwners trusts port owners and dedupes the pidfile pid (0.155996ms)
✔ previewOwners adds a pidfile pid whose command line is still the preview (0.208795ms)
✔ previewOwners drops a stale pidfile pid re-used by another process (2.230565ms)
✔ previewOwners drops a pidfile pid that no longer exists (0.146812ms)
✔ previewOwners on a free port with no pidfile signals nothing (0.195916ms)
✔ stopOutcome fails when a pid survives or the port is still held (0.285401ms)
✔ stopOutcome reports a verified free port (0.423139ms)
✔ stopOutcome fails on a listener whose owner cannot be attributed (0.154072ms)
✔ terminatePids SIGTERMs live pids and skips dead ones (9.86323ms)
✔ terminatePids escalates to SIGKILL when SIGTERM is ignored (4.996233ms)
✔ terminatePids reports a pid that survives SIGKILL as stubborn (0.67641ms)
✔ terminatePids on a free port signals nothing (0.13948ms)
✔ light Dinner artwork retains the visually correct cuisine in its own asset pack (1.516343ms)
✔ dark Dinner artwork preserves the accepted visually verified mapping (0.332662ms)
✔ specific Dinner cuisines outrank broad provider categories without guessing food for generic venues (0.35083ms)
✔ Nightlife result artwork covers all approved categories and preserves Casino precedence (0.360614ms)
[discovery] provider-chain {
  mode: 'date-night',
  strategy: 'hedged',
  source: 'merged',
  durationMs: 2,
  budgetExhausted: false,
  requestedGroups: 4,
  successfulGroups: 4,
  failedGroups: 0,
  partial: false,
  groups: [
    {
      group: 'seasonal',
      outcome: 'empty',
      durationMs: 1,
      winnerMirror: 1
    },
    {
      group: 'entertainment',
      outcome: 'empty',
      durationMs: 1,
      winnerMirror: 1
    },
    {
      group: 'culture',
      outcome: 'empty',
      durationMs: 1,
      winnerMirror: 1
    },
    {
      group: 'outdoor',
      outcome: 'empty',
      durationMs: 1,
      winnerMirror: 1
    }
  ],
  attempts: [
    {
      group: 'culture',
      mirror: 1,
      hedgeOffsetMs: 0,
      durationMs: 1,
      outcome: 'empty'
    },
    {
      group: 'entertainment',
      mirror: 1,
      hedgeOffsetMs: 0,
      durationMs: 1,
      outcome: 'empty'
    },
    {
      group: 'outdoor',
      mirror: 1,
      hedgeOffsetMs: 0,
      durationMs: 1,
      outcome: 'empty'
    },
    {
      group: 'seasonal',
      mirror: 1,
      hedgeOffsetMs: 0,
      durationMs: 1,
      outcome: 'empty'
    }
  ]
}
[discovery] provider-chain {
  mode: 'date-night',
  strategy: 'hedged',
  source: 'fallback',
  durationMs: 1,
  budgetExhausted: false,
  requestedGroups: 1,
  successfulGroups: 0,
  failedGroups: 1,
  partial: false,
  groups: [ { group: 'seasonal', outcome: 'failed', durationMs: 1 } ],
  attempts: [
    {
      group: 'seasonal',
      mirror: 1,
      hedgeOffsetMs: 0,
      durationMs: 0,
      outcome: 'network-error'
    },
    {
      group: 'seasonal',
      mirror: 2,
      hedgeOffsetMs: 0,
      durationMs: 0,
      outcome: 'network-error'
    },
    {
      group: 'seasonal',
      mirror: 3,
      hedgeOffsetMs: 0,
      durationMs: 0,
      outcome: 'network-error'
    },
    {
      group: 'seasonal',
      mirror: 4,
      hedgeOffsetMs: 0,
      durationMs: 0,
      outcome: 'network-error'
    }
  ]
}
[discovery] provider-chain {
  mode: 'date-night',
  strategy: 'hedged',
  source: 'live',
  durationMs: 1,
  budgetExhausted: false,
  requestedGroups: 3,
  successfulGroups: 3,
  failedGroups: 0,
  partial: false,
  groups: [
    {
      group: 'entertainment',
      outcome: 'empty',
      durationMs: 1,
      winnerMirror: 1
    },
    {
      group: 'culture',
      outcome: 'empty',
      durationMs: 1,
      winnerMirror: 1
    },
    {
      group: 'outdoor',
      outcome: 'empty',
      durationMs: 1,
      winnerMirror: 1
    }
  ],
  attempts: [
    {
      group: 'culture',
      mirror: 1,
      hedgeOffsetMs: 0,
      durationMs: 1,
      outcome: 'empty'
    },
    {
      group: 'entertainment',
      mirror: 1,
      hedgeOffsetMs: 0,
      durationMs: 1,
      outcome: 'empty'
    },
    {
      group: 'outdoor',
      mirror: 1,
      hedgeOffsetMs: 0,
      durationMs: 1,
      outcome: 'empty'
    }
  ]
}
✔ Exeter's actual theme-park record is acquired by the real seasonal query and reaches the eligible pool (42.79844ms)
✔ precise activity evidence admits corn, pumpkin and haunted trail without admitting generic places (13.350102ms)
✔ same identity preserves C/P, provenance, stable ID and representative metadata in either provider order (20.18902ms)
✔ structured lifecycle cannot survive eligibility or be resurrected by an active duplicate (9.380533ms)
✔ all availability states share one OFF/ON policy, including expiry and next-year revalidation (3.610016ms)
✔ all seven seasonal selections preserve union and the radius boundary (18.384467ms)
✔ saved-only successful sparse coverage, missing categories and provider outage remain distinct (26.673413ms)
✔ per-category provenance never labels a saved haunt as live because its ordinary park duplicate is live (17.002361ms)
✔ ordinary Date Night and seasonal toggle still work internationally; unknown hours fail strict ON (5.186295ms)
✔ Halloween caution: live loading/settlement retains controls, counts and selections (474.25187ms)
✔ Halloween caution: merged loading/settlement retains controls, counts and selections (297.245535ms)
✔ Halloween caution: fallback loading/settlement retains controls, counts and selections (208.048103ms)
✔ ordinary Date Night caution absent: seasonal toggle off; controls/count/selection remain (151.503483ms)
✔ ordinary Date Night caution absent: outside Halloween season; controls/count/selection remain (134.891571ms)
✔ dinner: Halloween caution remains absent during loading and after settlement (56.298117ms)
✔ nightlife: Halloween caution remains absent during loading and after settlement (14.506476ms)
[discovery] provider-chain {
  mode: 'date-night',
  strategy: 'hedged',
  source: 'merged',
  durationMs: 16,
  budgetExhausted: false,
  requestedGroups: 4,
  successfulGroups: 4,
  failedGroups: 0,
  partial: false,
  groups: [
    {
      group: 'seasonal',
      outcome: 'empty',
      durationMs: 14,
      winnerMirror: 1
    },
    {
      group: 'entertainment',
      outcome: 'empty',
      durationMs: 13,
      winnerMirror: 1
    },
    {
      group: 'culture',
      outcome: 'empty',
      durationMs: 12,
      winnerMirror: 1
    },
    {
      group: 'outdoor',
      outcome: 'empty',
      durationMs: 12,
      winnerMirror: 1
    }
  ],
  attempts: [
    {
      group: 'culture',
      mirror: 1,
      hedgeOffsetMs: 0,
      durationMs: 12,
      outcome: 'empty'
    },
    {
      group: 'entertainment',
      mirror: 1,
      hedgeOffsetMs: 0,
      durationMs: 13,
      outcome: 'empty'
    },
    {
      group: 'outdoor',
      mirror: 1,
      hedgeOffsetMs: 0,
      durationMs: 12,
      outcome: 'empty'
    },
    {
      group: 'seasonal',
      mirror: 1,
      hedgeOffsetMs: 0,
      durationMs: 13,
      outcome: 'empty'
    }
  ]
}
[discovery] provider-chain {
  mode: 'date-night',
  strategy: 'hedged',
  source: 'merged',
  durationMs: 3,
  budgetExhausted: false,
  requestedGroups: 1,
  successfulGroups: 1,
  failedGroups: 0,
  partial: false,
  groups: [
    {
      group: 'seasonal',
      outcome: 'empty',
      durationMs: 3,
      winnerMirror: 1
    }
  ],
  attempts: [
    {
      group: 'seasonal',
      mirror: 1,
      hedgeOffsetMs: 0,
      durationMs: 3,
      outcome: 'empty'
    }
  ]
}
✔ actual component: handler → count/options/pick/plan and all seven category combinations (329.468595ms)
✔ actual component: OFF/ON/OFF, labels, saved-only disclosure, and clock-dependent pool/overlay refresh (696.711163ms)
✔ actual component displays schedule uncertainty distinctly for live weekly-hours-only venues (179.822945ms)
✔ V-F03-01 actual component: not-operating stays excluded before and after revalidation expiry (179.918598ms)
✔ V-F03-01 actual component: an expired negative cannot fill a plan until stored positive evidence replaces it (386.69626ms)
✔ V-F03-01 control: positive calendar expiry remains uncertain OFF and refreshes ON result/options/plan (148.195333ms)
✔ real clock hook refreshes at minute boundaries and focus/visibility resume, then cleans up (13.063889ms)
✔ retained regional provider captures replay through the new handler without generic-maze false positives (8215.301832ms)
✔ envelope omission rejected: contentType (14.784906ms)
✔ envelope explicit undefined rejected: contentType (0.832115ms)
✔ envelope inherited-only field rejected: contentType (0.345041ms)
✔ envelope omission rejected: headerBytes (0.405572ms)
✔ envelope explicit undefined rejected: headerBytes (0.348947ms)
✔ envelope inherited-only field rejected: headerBytes (0.405482ms)
✔ envelope omission rejected: wireBytes (0.678533ms)
✔ envelope explicit undefined rejected: wireBytes (0.579965ms)
✔ envelope inherited-only field rejected: wireBytes (0.426553ms)
✔ envelope omission rejected: decompressedBytes (0.393624ms)
✔ envelope explicit undefined rejected: decompressedBytes (0.572484ms)
✔ envelope inherited-only field rejected: decompressedBytes (1.234022ms)
✔ envelope omission rejected: elapsedMs (0.289958ms)
✔ envelope explicit undefined rejected: elapsedMs (0.180392ms)
✔ envelope inherited-only field rejected: elapsedMs (0.245881ms)
✔ envelope omission rejected: domNodes (0.189777ms)
✔ envelope explicit undefined rejected: domNodes (0.234553ms)
✔ envelope inherited-only field rejected: domNodes (0.140242ms)
✔ envelope omission rejected: depth (0.296838ms)
✔ envelope explicit undefined rejected: depth (0.127542ms)
✔ envelope inherited-only field rejected: depth (0.113952ms)
✔ envelope omission rejected: jsonLdBytes (0.116075ms)
✔ envelope explicit undefined rejected: jsonLdBytes (0.202756ms)
✔ envelope inherited-only field rejected: jsonLdBytes (0.120052ms)
✔ envelope omission rejected: requests (0.229386ms)
✔ envelope explicit undefined rejected: requests (0.202946ms)
✔ envelope inherited-only field rejected: requests (0.146921ms)
✔ envelope non-plain input rejected: null (0.159ms)
✔ envelope non-plain input rejected: undefined (0.104327ms)
✔ envelope non-plain input rejected: array (0.137327ms)
✔ envelope non-plain input rejected: array with metrics (0.110857ms)
✔ envelope non-plain input rejected: string (0.19904ms)
✔ envelope non-plain input rejected: number (0.1391ms)
✔ envelope non-plain input rejected: boolean (0.094483ms)
✔ envelope non-plain input rejected: function (0.115034ms)
✔ envelope non-plain input rejected: date with metrics (0.116106ms)
✔ envelope non-plain input rejected: inherited envelope (0.143727ms)
✔ envelope invalid numeric NaN: headerBytes (0.167783ms)
✔ envelope invalid numeric NaN: wireBytes (0.105739ms)
✔ envelope invalid numeric NaN: decompressedBytes (0.107642ms)
✔ envelope invalid numeric NaN: elapsedMs (0.162064ms)
✔ envelope invalid numeric NaN: domNodes (0.147162ms)
✔ envelope invalid numeric NaN: depth (0.144438ms)
✔ envelope invalid numeric NaN: jsonLdBytes (0.141763ms)
✔ envelope invalid numeric NaN: requests (0.287274ms)
✔ envelope invalid numeric Infinity: headerBytes (0.128373ms)
✔ envelope invalid numeric Infinity: wireBytes (0.233012ms)
✔ envelope invalid numeric Infinity: decompressedBytes (1.094371ms)
✔ envelope invalid numeric Infinity: elapsedMs (0.172149ms)
✔ envelope invalid numeric Infinity: domNodes (0.228224ms)
✔ envelope invalid numeric Infinity: depth (0.198009ms)
✔ envelope invalid numeric Infinity: jsonLdBytes (0.128374ms)
✔ envelope invalid numeric Infinity: requests (0.102124ms)
✔ envelope invalid numeric negative Infinity: headerBytes (0.166542ms)
✔ envelope invalid numeric negative Infinity: wireBytes (0.21236ms)
✔ envelope invalid numeric negative Infinity: decompressedBytes (0.158369ms)
✔ envelope invalid numeric negative Infinity: elapsedMs (0.196326ms)
✔ envelope invalid numeric negative Infinity: domNodes (0.111538ms)
✔ envelope invalid numeric negative Infinity: depth (0.098959ms)
✔ envelope invalid numeric negative Infinity: jsonLdBytes (0.305802ms)
✔ envelope invalid numeric negative Infinity: requests (0.191048ms)
✔ envelope invalid numeric fraction: headerBytes (0.312341ms)
✔ envelope invalid numeric fraction: wireBytes (0.137908ms)
✔ envelope invalid numeric fraction: decompressedBytes (0.163567ms)
✔ envelope invalid numeric fraction: elapsedMs (0.149676ms)
✔ envelope invalid numeric fraction: domNodes (0.222346ms)
✔ envelope invalid numeric fraction: depth (1.341904ms)
✔ envelope invalid numeric fraction: jsonLdBytes (0.336889ms)
✔ envelope invalid numeric fraction: requests (0.183316ms)
✔ envelope invalid numeric negative: headerBytes (0.135164ms)
✔ envelope invalid numeric negative: wireBytes (0.206562ms)
✔ envelope invalid numeric negative: decompressedBytes (0.101302ms)
✔ envelope invalid numeric negative: elapsedMs (0.103586ms)
✔ envelope invalid numeric negative: domNodes (0.237619ms)
✔ envelope invalid numeric negative: depth (0.219691ms)
✔ envelope invalid numeric negative: jsonLdBytes (0.106641ms)
✔ envelope invalid numeric negative: requests (8.614877ms)
✔ envelope invalid numeric unsafe integer: headerBytes (0.310859ms)
✔ envelope invalid numeric unsafe integer: wireBytes (0.176907ms)
✔ envelope invalid numeric unsafe integer: decompressedBytes (0.099741ms)
✔ envelope invalid numeric unsafe integer: elapsedMs (0.114253ms)
✔ envelope invalid numeric unsafe integer: domNodes (0.087882ms)
✔ envelope invalid numeric unsafe integer: depth (0.074303ms)
✔ envelope invalid numeric unsafe integer: jsonLdBytes (0.073341ms)
✔ envelope invalid numeric unsafe integer: requests (0.166281ms)
✔ envelope invalid numeric string: headerBytes (0.121693ms)
✔ envelope invalid numeric string: wireBytes (0.082695ms)
✔ envelope invalid numeric string: decompressedBytes (0.074222ms)
✔ envelope invalid numeric string: elapsedMs (0.070797ms)
✔ envelope invalid numeric string: domNodes (0.120241ms)
✔ envelope invalid numeric string: depth (0.089165ms)
✔ envelope invalid numeric string: jsonLdBytes (0.07308ms)
✔ envelope invalid numeric string: requests (0.072579ms)
✔ envelope invalid numeric null: headerBytes (0.130036ms)
✔ envelope invalid numeric null: wireBytes (0.097377ms)
✔ envelope invalid numeric null: decompressedBytes (0.157307ms)
✔ envelope invalid numeric null: elapsedMs (0.078318ms)
✔ envelope invalid numeric null: domNodes (0.075173ms)
✔ envelope invalid numeric null: depth (0.091528ms)
✔ envelope invalid numeric null: jsonLdBytes (0.073741ms)
✔ envelope invalid numeric null: requests (0.071628ms)
✔ envelope invalid numeric boolean: headerBytes (0.071799ms)
✔ envelope invalid numeric boolean: wireBytes (0.085379ms)
✔ envelope invalid numeric boolean: decompressedBytes (0.07272ms)
✔ envelope invalid numeric boolean: elapsedMs (0.071588ms)
✔ envelope invalid numeric boolean: domNodes (0.071628ms)
✔ envelope invalid numeric boolean: depth (0.069424ms)
✔ envelope invalid numeric boolean: jsonLdBytes (0.069304ms)
✔ envelope invalid numeric boolean: requests (0.094883ms)
✔ envelope invalid numeric bigint: headerBytes (0.135845ms)
✔ envelope invalid numeric bigint: wireBytes (0.077907ms)
✔ envelope invalid numeric bigint: decompressedBytes (0.113211ms)
✔ envelope invalid numeric bigint: elapsedMs (0.099229ms)
✔ envelope invalid numeric bigint: domNodes (0.095855ms)
✔ envelope invalid numeric bigint: depth (0.078599ms)
✔ envelope invalid numeric bigint: jsonLdBytes (0.08604ms)
✔ envelope invalid numeric bigint: requests (0.137838ms)
✔ contentType rejected: number (0.177378ms)
✔ contentType rejected: null (0.176547ms)
✔ contentType rejected: boxed string (0.116035ms)
✔ contentType rejected: disallowed string (5.483723ms)
✔ envelope unexpected enumerable key rejected (0.308285ms)
✔ envelope unexpected hidden key rejected (0.25835ms)
✔ envelope unexpected symbol key rejected (0.27878ms)
✔ envelope exact ceiling passes: headerBytes (0.260913ms)
✔ envelope ceiling plus one fails: headerBytes (0.216948ms)
✔ envelope lowered source ceiling enforced: headerBytes (0.193421ms)
✔ envelope non-enumerable invalid metric rejected: headerBytes (0.213632ms)
✔ envelope exact ceiling passes: wireBytes (0.142785ms)
✔ envelope ceiling plus one fails: wireBytes (0.135484ms)
✔ envelope lowered source ceiling enforced: wireBytes (0.160903ms)
✔ envelope non-enumerable invalid metric rejected: wireBytes (0.401696ms)
✔ envelope exact ceiling passes: decompressedBytes (0.262296ms)
✔ envelope ceiling plus one fails: decompressedBytes (0.162154ms)
✔ envelope lowered source ceiling enforced: decompressedBytes (0.222536ms)
✔ envelope non-enumerable invalid metric rejected: decompressedBytes (0.180192ms)
✔ envelope exact ceiling passes: elapsedMs (0.187853ms)
✔ envelope ceiling plus one fails: elapsedMs (0.141444ms)
✔ envelope lowered source ceiling enforced: elapsedMs (0.144368ms)
✔ envelope non-enumerable invalid metric rejected: elapsedMs (0.155665ms)
✔ envelope exact ceiling passes: domNodes (0.143227ms)
✔ envelope ceiling plus one fails: domNodes (0.259561ms)
✔ envelope lowered source ceiling enforced: domNodes (0.149235ms)
✔ envelope non-enumerable invalid metric rejected: domNodes (0.178369ms)
✔ envelope exact ceiling passes: depth (0.227884ms)
✔ envelope ceiling plus one fails: depth (0.309466ms)
✔ envelope lowered source ceiling enforced: depth (0.149115ms)
✔ envelope non-enumerable invalid metric rejected: depth (0.230207ms)
✔ envelope exact ceiling passes: jsonLdBytes (0.133091ms)
✔ envelope ceiling plus one fails: jsonLdBytes (0.208334ms)
✔ envelope lowered source ceiling enforced: jsonLdBytes (0.196106ms)
✔ envelope non-enumerable invalid metric rejected: jsonLdBytes (0.154313ms)
✔ envelope exact ceiling passes: requests (0.131488ms)
✔ envelope ceiling plus one fails: requests (0.129205ms)
✔ envelope lowered source ceiling enforced: requests (0.285771ms)
✔ envelope non-enumerable invalid metric rejected: requests (1.083745ms)
✔ all exact bounds pass together (0.25844ms)
✔ zero numeric values pass (12.043059ms)
✔ complete null-prototype plain envelope passes (0.220262ms)
✔ complete non-enumerable own metric passes (0.153712ms)
✔ allowed contentType passes: text/html (0.205771ms)
✔ allowed contentType passes: text/plain (0.222034ms)
✔ allowed contentType passes: application/ld+json (0.094803ms)
✔ redirect malformed chain rejected: one hole (0.197318ms)
✔ redirect malformed chain rejected: two slots missing first (0.1722ms)
✔ redirect malformed chain rejected: two slots missing last (8.250387ms)
✔ redirect malformed chain rejected: three slots missing middle (1.373673ms)
✔ redirect malformed chain rejected: explicit undefined (0.323769ms)
✔ redirect malformed chain rejected: null hop (0.304689ms)
✔ redirect malformed chain rejected: numeric hop (6.074074ms)
✔ redirect malformed chain rejected: boxed string hop (2.116223ms)
✔ redirect malformed chain rejected: empty (0.202175ms)
✔ redirect malformed chain rejected: over limit (0.168234ms)
✔ redirect malformed chain rejected: null chain (0.208936ms)
✔ redirect malformed chain rejected: string chain (0.0995ms)
✔ redirect malformed chain rejected: array-like (0.084457ms)
✔ redirect malformed chain rejected: array-like with forEach (0.201814ms)
✔ dense 1-URL chain passes at redirect budget (0.37768ms)
✔ dense 1-URL chain revalidates hostile hop 0 (0.259161ms)
✔ redirect inherited-only index 0 of 1 rejected (0.537921ms)
✔ dense 2-URL chain passes at redirect budget (0.480304ms)
✔ dense 2-URL chain exceeds lower source budget (0.165089ms)
✔ dense 2-URL chain revalidates hostile hop 0 (0.150397ms)
✔ redirect inherited-only index 0 of 2 rejected (0.104367ms)
✔ dense 2-URL chain revalidates hostile hop 1 (0.315856ms)
✔ redirect inherited-only index 1 of 2 rejected (0.204239ms)
✔ dense 3-URL chain passes at redirect budget (0.352492ms)
✔ dense 3-URL chain exceeds lower source budget (0.104618ms)
✔ dense 3-URL chain revalidates hostile hop 0 (0.196616ms)
✔ redirect inherited-only index 0 of 3 rejected (0.188515ms)
✔ dense 3-URL chain revalidates hostile hop 1 (0.250337ms)
✔ redirect inherited-only index 1 of 3 rejected (0.21182ms)
✔ dense 3-URL chain revalidates hostile hop 2 (0.250988ms)
✔ redirect inherited-only index 2 of 3 rejected (0.179421ms)
✔ deleting a hostile middle hop cannot turn a denied chain into an accepted chain (0.305641ms)
✔ remediation suite made zero unmocked collector network attempts (0.134603ms)
OFFLINE_NETWORK_PROOF unmocked_attempts=0
✔ invented identity matrix produces seven eligible occurrences, four quarantines and closure tombstone (271.219184ms)
✔ strict unknown field rejection: root (6.287536ms)
✔ strict unknown field rejection: occurrence (2.50558ms)
✔ strict unknown field rejection: source (2.351969ms)
✔ strict unknown field rejection: assertion (4.952642ms)
✔ strict unknown field rejection: coordinate (1.824172ms)
✔ strict unknown field rejection: address (3.242602ms)
✔ fact-only rejection: review (1.880598ms)
✔ fact-only rejection: description (3.888937ms)
✔ fact-only rejection: photos (2.004805ms)
✔ fact-only rejection: logos (2.15363ms)
✔ fact-only rejection: screenshots (1.203445ms)
✔ fact-only rejection: ranking (1.179059ms)
✔ fact-only rejection: popularity (1.331468ms)
✔ fact-only rejection: rating (1.162114ms)
✔ fact-only rejection: price (1.19965ms)
✔ fact-only rejection: articleText (1.537189ms)
✔ malformed schema/version, nonfinite coordinate and invalid date are rejected (16.018036ms)
✔ name/address/URL overflow fails explicitly (6.982024ms)
✔ exact 100 publication limit accepted, 101 rejected (523.731315ms)
✔ 512 reviewed identities includes locations, quarantined and tombstone records (44.799769ms)
✔ 20 observations accepted, 21 rejected without provenance truncation (12.996738ms)
✔ runtime byte ceiling fails rather than truncating (858.608244ms)
✔ Unicode NFC and whitespace normalize while display capitalization is preserved (3.501703ms)
✔ conflicts quarantine, explicit review resolves and preserves all assertion/source IDs (5.452216ms)
✔ incomplete resolution, selected conflicts and overlapping sets are rejected (2.530217ms)
✔ current footer year is not season evidence: footer-only (2.135461ms)
✔ current footer year is not season evidence: absent (2.054179ms)
✔ historical/unconfirmed and mismatched season/year evidence quarantine (18.469354ms)
✔ all scoped negative lifecycle states survive in tombstones and exclude affected occurrences (10.304216ms)
✔ occurrence cancellation does not close other events at the venue (4.800633ms)
✔ operator lifecycle applies to its events (3.482874ms)
✔ venue lifecycle applies to its events (2.994798ms)
✔ past seasonal cancellation interval does not cancel this year's event (2.539803ms)
✔ unscoped negative, wrong scope and unsupported lifecycle evidence fail (2.673473ms)
✔ closed attraction with active duplicate is excluded and terminal evidence retained (18.493561ms)
✔ moved venue uses the new location version and explicit moved-from relationship (16.361265ms)
✔ same address, category and generic farm preserve distinct event identity (16.572903ms)
✔ missing OSM eligible; explicit OSM/web/catalog crosswalk has one event (16.123255ms)
✔ recurring next-year occurrences retain different IDs and prior-year relation (18.930601ms)
✔ explicit same-event and alias decisions combine evidence before any dedupe (5.373828ms)
✔ do-not-merge overrides direct and transitive equivalence (1.003585ms)
✔ cyclic identity and unsupported crosswalk decisions reject (4.590265ms)
✔ stable IDs reject mutable name/address derivation and do not change with spelling (2.702547ms)
✔ entire output and content revision are deterministic independent of input ordering (87.845568ms)
✔ candidate and unresolved coordinates never enter radius-ready facts (6.121105ms)
✔ coordinate review and fingerprint are required; moved address cannot reuse old point (2.016502ms)
✔ calendar/timezone remain explicit with local overnight closing semantics (7.245487ms)
✔ missing field/record is not deletion; previous facts retain their checkedAt (7.516861ms)
✔ failed refresh preserves last-good bytes and freshness; immutable evidence cannot be replaced (8.836251ms)
✔ terminal negatives survive omission in later refresh (6.27744ms)
✔ schema/manifest mismatch fails atomically and leaves output bytes unchanged (14.22373ms)
✔ tampered manifest freshness/count or runtime data is rejected (15.004997ms)
✔ adapters are disabled by default; true cannot be parsed (0.685064ms)
✔ permission review cannot be bypassed by public reachability, approval flag, expiry or automatic mode (0.926899ms)
✔ hostile URL rejected: http://seasonal.invalid/events/a (0.163838ms)
✔ hostile URL rejected: https://seasonal.invalid:444/events/a (0.188675ms)
✔ hostile URL rejected: https://u:p@seasonal.invalid/events/a (0.142095ms)
✔ hostile URL rejected: https://@seasonal.invalid/events/a (0.105639ms)
✔ hostile URL rejected: https://127.0.0.1/events/a (0.098889ms)
✔ hostile URL rejected: https://2130706433/events/a (0.109906ms)
✔ hostile URL rejected: https://0x7f000001/events/a (0.097047ms)
✔ hostile URL rejected: https://[::ffff:127.0.0.1]/events/a (0.093471ms)
✔ hostile URL rejected: https://seasonal.invalid.evil.invalid/events/a (0.150967ms)
✔ hostile URL rejected: https://seasonal.invalid./events/a (0.106972ms)
✔ hostile URL rejected: https://seasonal.invalid/other (0.178159ms)
✔ hostile URL rejected: https://seasonal.invalid/events-other (0.111809ms)
✔ hostile URL rejected: https://seasonal.invalid/events/../events/a (0.09948ms)
✔ hostile URL rejected: https://seasonal.invalid/events/%2e%2e/a (0.128203ms)
✔ hostile URL rejected: https://seasonal.invalid/events/%252f/a (0.167192ms)
✔ hostile URL rejected: https://seasonal.invalid/events/a#x (0.093311ms)
✔ hostile URL rejected: https://seasonal.invalid/events/a?redirect=https://bad.invalid (0.101113ms)
✔ hostile URL rejected: https://seasonal.invalid/events/a?year=2026&year=2027 (0.125269ms)
✔ hostile URL rejected: https://seasonal.invalid/events/a?year=2025 (0.107011ms)
✔ hostile URL rejected: https://seasonal.invalid\@bad.invalid/events/a (0.100421ms)
✔ hostile URL rejected: file:///events/a (0.093961ms)
✔ exact synthetic HTTPS host, port 443, path and allowed query pass pure policy (0.279291ms)
✔ SSRF reserved/private/mapped address denied: 0.0.0.0 (0.330028ms)
✔ SSRF reserved/private/mapped address denied: 10.1.2.3 (0.076275ms)
✔ SSRF reserved/private/mapped address denied: 100.100.100.200 (0.097817ms)
✔ SSRF reserved/private/mapped address denied: 127.0.0.1 (0.085389ms)
✔ SSRF reserved/private/mapped address denied: 169.254.169.254 (0.056655ms)
✔ SSRF reserved/private/mapped address denied: 172.31.255.255 (0.049905ms)
✔ SSRF reserved/private/mapped address denied: 192.168.1.1 (0.157688ms)
✔ SSRF reserved/private/mapped address denied: 192.0.2.1 (0.061433ms)
✔ SSRF reserved/private/mapped address denied: 198.18.0.1 (0.055694ms)
✔ SSRF reserved/private/mapped address denied: 198.51.100.1 (0.047562ms)
✔ SSRF reserved/private/mapped address denied: 203.0.113.1 (0.044187ms)
✔ SSRF reserved/private/mapped address denied: 224.0.0.1 (0.043356ms)
✔ SSRF reserved/private/mapped address denied: 255.255.255.255 (0.088433ms)
✔ SSRF reserved/private/mapped address denied: 168.63.129.16 (0.052068ms)
✔ SSRF reserved/private/mapped address denied: :: (0.143667ms)
✔ SSRF reserved/private/mapped address denied: ::1 (0.076115ms)
✔ SSRF reserved/private/mapped address denied: ::ffff:127.0.0.1 (0.127923ms)
✔ SSRF reserved/private/mapped address denied: ::ffff:7f00:1 (0.053952ms)
✔ SSRF reserved/private/mapped address denied: ::ffff:8.8.8.8 (0.047722ms)
✔ SSRF reserved/private/mapped address denied: 64:ff9b::a00:1 (0.050396ms)
✔ SSRF reserved/private/mapped address denied: fc00::1 (0.046751ms)
✔ SSRF reserved/private/mapped address denied: fe80::1 (0.040661ms)
✔ SSRF reserved/private/mapped address denied: ff02::1 (0.044307ms)
✔ SSRF reserved/private/mapped address denied: 2001:db8::1 (0.067021ms)
✔ SSRF reserved/private/mapped address denied: 2002:7f00:1:: (0.050666ms)
✔ SSRF reserved/private/mapped address denied: 3fff::1 (0.049304ms)
✔ SSRF reserved/private/mapped address denied: fe80::1%eth0 (0.031087ms)
✔ DNS answers all validated, peer pinned; equivalent public IPv6 spellings compare equal (0.723021ms)
✔ each redirect target revalidated, maximum two redirects (0.551692ms)
✔ bounded headers/wire/decompressed body/deadline/DOM/JSON-LD/request budget (0.725214ms)
✔ no executable extraction or fallback capability is exposed (0.07918ms)
✔ unmocked network attempts remain zero when guard is preloaded (0.698114ms)
✔ reused verified coordinates cannot cite another physical location's evidence (1.284387ms)
✔ source IDs, URLs and checkedAt facts cannot misstate observation metadata (2.96253ms)
✔ core offline dependencies are existing Zod and Node builtins, without paid SDKs (0.757032ms)
✔ preview: a successful sign-out clears the token, then redirects (2.392109ms)
✔ preview: a rejected sign-out still clears the token and redirects (0.462708ms)
✔ preview: a sign-out that throws synchronously still clears and redirects (0.438932ms)
✔ preview: a sign-out that never settles clears and redirects once the wait expires (29.330581ms)
✔ preview: no bearer means nothing to invalidate, so no request is made (0.579775ms)
✔ preview: a stored bearer is still invalidated server-side (0.853778ms)
✔ deployed: a confirmed sign-out clears the token, then redirects (0.254544ms)
✔ deployed: a sign-out that never settles throws and does NOT redirect (20.977539ms)
✔ deployed: a rejected sign-out throws and does NOT redirect (1.981791ms)
✔ deployed: the timeout is distinguishable from a rejection (19.943108ms)
✔ settleWithin reports the outcome and never rejects (23.251625ms)
✔ settleWithin waits its full window, then gives up rather than hanging (0.91482ms)
✔ pre-sign-in: the preview clear gives up at the preview bound (0.715109ms)
✔ pre-sign-in: a deployed session gets the deployed window, not the preview one (0.435137ms)
✔ pre-sign-in: a failed clear never blocks sign-in (2.733634ms)
✔ pre-sign-in: the preview skips the request when there is no bearer (0.118799ms)
✔ every sign-out bound comes from one rule (0.290428ms)
✔ the defaults are bounded, and deployed waits longer than preview (0.2326ms)
✖ all five actual compiled application POST functions succeed through the client codec (0.856933ms)
✖ Date Night seasonal on/off survives real transport with a fixed October date (0.137327ms)
✖ invalid application coordinates and queries produce decoded Errors without providers (0.123887ms)
✖ GET legitimate Seroval values, thrown Errors and falsy returns (0.075313ms)
✖ GET ignores inert internal result/error fields, including failed validation (0.09882ms)
✖ GET safely serializes response-shaped data and preserves real Response (0.078369ms)
✖ POST legitimate Seroval values, thrown Errors and falsy returns (0.083055ms)
✖ POST ignores inert internal result/error fields, including failed validation (0.071678ms)
✖ POST safely serializes response-shaped data and preserves real Response (0.101924ms)
✖ compiled application and fixture enforce CSRF and methods before providers (0.114753ms)
✖ searchRestaurants compiled provider chain terminates at its total deadline with aborted attempts (0.124788ms)
✖ searchDateNight compiled provider chain terminates at its total deadline with aborted attempts (0.0989ms)
✖ searchNightlife compiled provider chain terminates at its total deadline with aborted attempts (0.081393ms)
✖ real client transport cancels an in-flight HTTP request within a bounded deadline (0.060511ms)
✖ /workspace/scratch/2f8818f4d3b0/candidate/scripts/tanstack-security.test.mjs (0.373694ms)
✔ both suites execute with the current Node and success exits zero (2.061921ms)
✔ script failure cannot suppress application tests or become success (0.226652ms)
✔ application failures make the overall command fail (0.206261ms)
✔ spawn errors and terminated children are failures, not false greens (0.304049ms)
✔ keeps VITE_-prefixed string entries (15.125119ms)
✔ drops non-VITE keys, non-string values and malformed documents (0.708909ms)
✔ a missing app-env.json is a clean no-op (3.699872ms)
✔ reads the app env from a workspace (0.959217ms)
✔ an explicit process-env override wins over the file (0.253122ms)
✔ the template ships auth off (0.939868ms)
✔ vite loadEnv resolves the wrapped value (0.611162ms)
✔ the wrapped command runs with the app env applied (289.398406ms)
✔ the wrapped command sees an explicit override, not the file value (301.784233ms)
✔ the wrapper propagates the command's exit code (225.547399ms)
✔ a signal-killed command is never reported as success (146.392918ms)
✔ the CLI still runs when invoked through a symlinked path (162.612714ms)
✔ parseWriteAtomicArgs needs exactly a staged file and a target (9.955189ms)
✔ stagingError refuses a temp inside public/ and a no-op move (0.386333ms)
✔ handOver replaces the target and clears the staged file (11.952342ms)
✔ handOver creates a missing target directory (2.911403ms)
✔ an interrupted pass leaves the target on its old bytes, temp-free (3.335572ms)
✔ a failed hand-over creates no directory for the target it never wrote (1.613905ms)
✔ a staged file on another filesystem is refused, not copied (1.757231ms)
✔ cli: hands the file over, and refuses a temp staged in public/ (247.79283ms)
✔ cli: relative paths follow the script's root, not the caller's cwd (128.127496ms)
﹣ every hand-over the og skill prints is one this script accepts (0.764633ms) # External workspace OG documentation package is not installed in this checkout
✔ cli: a missing staged file fails without touching the target (124.939147ms)
ℹ tests 971
ℹ suites 0
ℹ pass 952
ℹ fail 15
ℹ cancelled 0
ℹ skipped 4
ℹ todo 0
ℹ duration_ms 22346.551507

✖ failing tests:

test at scripts/tanstack-security.test.mjs:115:1
✖ all five actual compiled application POST functions succeed through the client codec (0.856933ms)
  Error: ENOENT: no such file or directory, open '/workspace/scratch/2f8818f4d3b0/candidate/.vercel/output/functions/__server.func/_ssr/ssr.mjs'
      at readFileSync (node:fs:484:20)
      at loadBuilt (file:///workspace/scratch/2f8818f4d3b0/candidate/scripts/tanstack-security.test.mjs:26:20)
      at TestContext.<anonymous> (file:///workspace/scratch/2f8818f4d3b0/candidate/scripts/tanstack-security.test.mjs:75:15)
      at TestHook.runInAsyncScope (node:async_hooks:227:14)
      at TestHook.run (node:internal/test_runner/test:1382:25)
      at TestHook.run (node:internal/test_runner/test:1726:18)
      at TestHook.run (node:internal/util:581:20)
      at Test.createHook (node:internal/test_runner/test:1103:33)
      at node:internal/test_runner/harness:426:12
      at file:///workspace/scratch/2f8818f4d3b0/candidate/scripts/tanstack-security.test.mjs:74:1 {
    errno: -2,
    code: 'ENOENT',
    syscall: 'open',
    path: '/workspace/scratch/2f8818f4d3b0/candidate/.vercel/output/functions/__server.func/_ssr/ssr.mjs'
  }

test at scripts/tanstack-security.test.mjs:135:1
✖ Date Night seasonal on/off survives real transport with a fixed October date (0.137327ms)
  Error: ENOENT: no such file or directory, open '/workspace/scratch/2f8818f4d3b0/candidate/.vercel/output/functions/__server.func/_ssr/ssr.mjs'
      at readFileSync (node:fs:484:20)
      at loadBuilt (file:///workspace/scratch/2f8818f4d3b0/candidate/scripts/tanstack-security.test.mjs:26:20)
      at TestContext.<anonymous> (file:///workspace/scratch/2f8818f4d3b0/candidate/scripts/tanstack-security.test.mjs:75:15)
      at TestHook.runInAsyncScope (node:async_hooks:227:14)
      at TestHook.run (node:internal/test_runner/test:1382:25)
      at TestHook.run (node:internal/test_runner/test:1726:18)
      at TestHook.run (node:internal/util:581:20)
      at Test.createHook (node:internal/test_runner/test:1103:33)
      at node:internal/test_runner/harness:426:12
      at file:///workspace/scratch/2f8818f4d3b0/candidate/scripts/tanstack-security.test.mjs:74:1 {
    errno: -2,
    code: 'ENOENT',
    syscall: 'open',
    path: '/workspace/scratch/2f8818f4d3b0/candidate/.vercel/output/functions/__server.func/_ssr/ssr.mjs'
  }

test at scripts/tanstack-security.test.mjs:153:1
✖ invalid application coordinates and queries produce decoded Errors without providers (0.123887ms)
  Error: ENOENT: no such file or directory, open '/workspace/scratch/2f8818f4d3b0/candidate/.vercel/output/functions/__server.func/_ssr/ssr.mjs'
      at readFileSync (node:fs:484:20)
      at loadBuilt (file:///workspace/scratch/2f8818f4d3b0/candidate/scripts/tanstack-security.test.mjs:26:20)
      at TestContext.<anonymous> (file:///workspace/scratch/2f8818f4d3b0/candidate/scripts/tanstack-security.test.mjs:75:15)
      at TestHook.runInAsyncScope (node:async_hooks:227:14)
      at TestHook.run (node:internal/test_runner/test:1382:25)
      at TestHook.run (node:internal/test_runner/test:1726:18)
      at TestHook.run (node:internal/util:581:20)
      at Test.createHook (node:internal/test_runner/test:1103:33)
      at node:internal/test_runner/harness:426:12
      at file:///workspace/scratch/2f8818f4d3b0/candidate/scripts/tanstack-security.test.mjs:74:1 {
    errno: -2,
    code: 'ENOENT',
    syscall: 'open',
    path: '/workspace/scratch/2f8818f4d3b0/candidate/.vercel/output/functions/__server.func/_ssr/ssr.mjs'
  }

test at scripts/tanstack-security.test.mjs:170:3
✖ GET legitimate Seroval values, thrown Errors and falsy returns (0.075313ms)
  Error: ENOENT: no such file or directory, open '/workspace/scratch/2f8818f4d3b0/candidate/.vercel/output/functions/__server.func/_ssr/ssr.mjs'
      at readFileSync (node:fs:484:20)
      at loadBuilt (file:///workspace/scratch/2f8818f4d3b0/candidate/scripts/tanstack-security.test.mjs:26:20)
      at TestContext.<anonymous> (file:///workspace/scratch/2f8818f4d3b0/candidate/scripts/tanstack-security.test.mjs:75:15)
      at TestHook.runInAsyncScope (node:async_hooks:227:14)
      at TestHook.run (node:internal/test_runner/test:1382:25)
      at TestHook.run (node:internal/test_runner/test:1726:18)
      at TestHook.run (node:internal/util:581:20)
      at Test.createHook (node:internal/test_runner/test:1103:33)
      at node:internal/test_runner/harness:426:12
      at file:///workspace/scratch/2f8818f4d3b0/candidate/scripts/tanstack-security.test.mjs:74:1 {
    errno: -2,
    code: 'ENOENT',
    syscall: 'open',
    path: '/workspace/scratch/2f8818f4d3b0/candidate/.vercel/output/functions/__server.func/_ssr/ssr.mjs'
  }

test at scripts/tanstack-security.test.mjs:179:3
✖ GET ignores inert internal result/error fields, including failed validation (0.09882ms)
  Error: ENOENT: no such file or directory, open '/workspace/scratch/2f8818f4d3b0/candidate/.vercel/output/functions/__server.func/_ssr/ssr.mjs'
      at readFileSync (node:fs:484:20)
      at loadBuilt (file:///workspace/scratch/2f8818f4d3b0/candidate/scripts/tanstack-security.test.mjs:26:20)
      at TestContext.<anonymous> (file:///workspace/scratch/2f8818f4d3b0/candidate/scripts/tanstack-security.test.mjs:75:15)
      at TestHook.runInAsyncScope (node:async_hooks:227:14)
      at TestHook.run (node:internal/test_runner/test:1382:25)
      at TestHook.run (node:internal/test_runner/test:1726:18)
      at TestHook.run (node:internal/util:581:20)
      at Test.createHook (node:internal/test_runner/test:1103:33)
      at node:internal/test_runner/harness:426:12
      at file:///workspace/scratch/2f8818f4d3b0/candidate/scripts/tanstack-security.test.mjs:74:1 {
    errno: -2,
    code: 'ENOENT',
    syscall: 'open',
    path: '/workspace/scratch/2f8818f4d3b0/candidate/.vercel/output/functions/__server.func/_ssr/ssr.mjs'
  }

test at scripts/tanstack-security.test.mjs:199:3
✖ GET safely serializes response-shaped data and preserves real Response (0.078369ms)
  Error: ENOENT: no such file or directory, open '/workspace/scratch/2f8818f4d3b0/candidate/.vercel/output/functions/__server.func/_ssr/ssr.mjs'
      at readFileSync (node:fs:484:20)
      at loadBuilt (file:///workspace/scratch/2f8818f4d3b0/candidate/scripts/tanstack-security.test.mjs:26:20)
      at TestContext.<anonymous> (file:///workspace/scratch/2f8818f4d3b0/candidate/scripts/tanstack-security.test.mjs:75:15)
      at TestHook.runInAsyncScope (node:async_hooks:227:14)
      at TestHook.run (node:internal/test_runner/test:1382:25)
      at TestHook.run (node:internal/test_runner/test:1726:18)
      at TestHook.run (node:internal/util:581:20)
      at Test.createHook (node:internal/test_runner/test:1103:33)
      at node:internal/test_runner/harness:426:12
      at file:///workspace/scratch/2f8818f4d3b0/candidate/scripts/tanstack-security.test.mjs:74:1 {
    errno: -2,
    code: 'ENOENT',
    syscall: 'open',
    path: '/workspace/scratch/2f8818f4d3b0/candidate/.vercel/output/functions/__server.func/_ssr/ssr.mjs'
  }

test at scripts/tanstack-security.test.mjs:170:3
✖ POST legitimate Seroval values, thrown Errors and falsy returns (0.083055ms)
  Error: ENOENT: no such file or directory, open '/workspace/scratch/2f8818f4d3b0/candidate/.vercel/output/functions/__server.func/_ssr/ssr.mjs'
      at readFileSync (node:fs:484:20)
      at loadBuilt (file:///workspace/scratch/2f8818f4d3b0/candidate/scripts/tanstack-security.test.mjs:26:20)
      at TestContext.<anonymous> (file:///workspace/scratch/2f8818f4d3b0/candidate/scripts/tanstack-security.test.mjs:75:15)
      at TestHook.runInAsyncScope (node:async_hooks:227:14)
      at TestHook.run (node:internal/test_runner/test:1382:25)
      at TestHook.run (node:internal/test_runner/test:1726:18)
      at TestHook.run (node:internal/util:581:20)
      at Test.createHook (node:internal/test_runner/test:1103:33)
      at node:internal/test_runner/harness:426:12
      at file:///workspace/scratch/2f8818f4d3b0/candidate/scripts/tanstack-security.test.mjs:74:1 {
    errno: -2,
    code: 'ENOENT',
    syscall: 'open',
    path: '/workspace/scratch/2f8818f4d3b0/candidate/.vercel/output/functions/__server.func/_ssr/ssr.mjs'
  }

test at scripts/tanstack-security.test.mjs:179:3
✖ POST ignores inert internal result/error fields, including failed validation (0.071678ms)
  Error: ENOENT: no such file or directory, open '/workspace/scratch/2f8818f4d3b0/candidate/.vercel/output/functions/__server.func/_ssr/ssr.mjs'
      at readFileSync (node:fs:484:20)
      at loadBuilt (file:///workspace/scratch/2f8818f4d3b0/candidate/scripts/tanstack-security.test.mjs:26:20)
      at TestContext.<anonymous> (file:///workspace/scratch/2f8818f4d3b0/candidate/scripts/tanstack-security.test.mjs:75:15)
      at TestHook.runInAsyncScope (node:async_hooks:227:14)
      at TestHook.run (node:internal/test_runner/test:1382:25)
      at TestHook.run (node:internal/test_runner/test:1726:18)
      at TestHook.run (node:internal/util:581:20)
      at Test.createHook (node:internal/test_runner/test:1103:33)
      at node:internal/test_runner/harness:426:12
      at file:///workspace/scratch/2f8818f4d3b0/candidate/scripts/tanstack-security.test.mjs:74:1 {
    errno: -2,
    code: 'ENOENT',
    syscall: 'open',
    path: '/workspace/scratch/2f8818f4d3b0/candidate/.vercel/output/functions/__server.func/_ssr/ssr.mjs'
  }

test at scripts/tanstack-security.test.mjs:199:3
✖ POST safely serializes response-shaped data and preserves real Response (0.101924ms)
  Error: ENOENT: no such file or directory, open '/workspace/scratch/2f8818f4d3b0/candidate/.vercel/output/functions/__server.func/_ssr/ssr.mjs'
      at readFileSync (node:fs:484:20)
      at loadBuilt (file:///workspace/scratch/2f8818f4d3b0/candidate/scripts/tanstack-security.test.mjs:26:20)
      at TestContext.<anonymous> (file:///workspace/scratch/2f8818f4d3b0/candidate/scripts/tanstack-security.test.mjs:75:15)
      at TestHook.runInAsyncScope (node:async_hooks:227:14)
      at TestHook.run (node:internal/test_runner/test:1382:25)
      at TestHook.run (node:internal/test_runner/test:1726:18)
      at TestHook.run (node:internal/util:581:20)
      at Test.createHook (node:internal/test_runner/test:1103:33)
      at node:internal/test_runner/harness:426:12
      at file:///workspace/scratch/2f8818f4d3b0/candidate/scripts/tanstack-security.test.mjs:74:1 {
    errno: -2,
    code: 'ENOENT',
    syscall: 'open',
    path: '/workspace/scratch/2f8818f4d3b0/candidate/.vercel/output/functions/__server.func/_ssr/ssr.mjs'
  }

test at scripts/tanstack-security.test.mjs:212:1
✖ compiled application and fixture enforce CSRF and methods before providers (0.114753ms)
  Error: ENOENT: no such file or directory, open '/workspace/scratch/2f8818f4d3b0/candidate/.vercel/output/functions/__server.func/_ssr/ssr.mjs'
      at readFileSync (node:fs:484:20)
      at loadBuilt (file:///workspace/scratch/2f8818f4d3b0/candidate/scripts/tanstack-security.test.mjs:26:20)
      at TestContext.<anonymous> (file:///workspace/scratch/2f8818f4d3b0/candidate/scripts/tanstack-security.test.mjs:75:15)
      at TestHook.runInAsyncScope (node:async_hooks:227:14)
      at TestHook.run (node:internal/test_runner/test:1382:25)
      at TestHook.run (node:internal/test_runner/test:1726:18)
      at TestHook.run (node:internal/util:581:20)
      at Test.createHook (node:internal/test_runner/test:1103:33)
      at node:internal/test_runner/harness:426:12
      at file:///workspace/scratch/2f8818f4d3b0/candidate/scripts/tanstack-security.test.mjs:74:1 {
    errno: -2,
    code: 'ENOENT',
    syscall: 'open',
    path: '/workspace/scratch/2f8818f4d3b0/candidate/.vercel/output/functions/__server.func/_ssr/ssr.mjs'
  }

test at scripts/tanstack-security.test.mjs:231:1
✖ searchRestaurants compiled provider chain terminates at its total deadline with aborted attempts (0.124788ms)
  Error: ENOENT: no such file or directory, open '/workspace/scratch/2f8818f4d3b0/candidate/.vercel/output/functions/__server.func/_ssr/ssr.mjs'
      at readFileSync (node:fs:484:20)
      at loadBuilt (file:///workspace/scratch/2f8818f4d3b0/candidate/scripts/tanstack-security.test.mjs:26:20)
      at TestContext.<anonymous> (file:///workspace/scratch/2f8818f4d3b0/candidate/scripts/tanstack-security.test.mjs:75:15)
      at TestHook.runInAsyncScope (node:async_hooks:227:14)
      at TestHook.run (node:internal/test_runner/test:1382:25)
      at TestHook.run (node:internal/test_runner/test:1726:18)
      at TestHook.run (node:internal/util:581:20)
      at Test.createHook (node:internal/test_runner/test:1103:33)
      at node:internal/test_runner/harness:426:12
      at file:///workspace/scratch/2f8818f4d3b0/candidate/scripts/tanstack-security.test.mjs:74:1 {
    errno: -2,
    code: 'ENOENT',
    syscall: 'open',
    path: '/workspace/scratch/2f8818f4d3b0/candidate/.vercel/output/functions/__server.func/_ssr/ssr.mjs'
  }

test at scripts/tanstack-security.test.mjs:231:1
✖ searchDateNight compiled provider chain terminates at its total deadline with aborted attempts (0.0989ms)
  Error: ENOENT: no such file or directory, open '/workspace/scratch/2f8818f4d3b0/candidate/.vercel/output/functions/__server.func/_ssr/ssr.mjs'
      at readFileSync (node:fs:484:20)
      at loadBuilt (file:///workspace/scratch/2f8818f4d3b0/candidate/scripts/tanstack-security.test.mjs:26:20)
      at TestContext.<anonymous> (file:///workspace/scratch/2f8818f4d3b0/candidate/scripts/tanstack-security.test.mjs:75:15)
      at TestHook.runInAsyncScope (node:async_hooks:227:14)
      at TestHook.run (node:internal/test_runner/test:1382:25)
      at TestHook.run (node:internal/test_runner/test:1726:18)
      at TestHook.run (node:internal/util:581:20)
      at Test.createHook (node:internal/test_runner/test:1103:33)
      at node:internal/test_runner/harness:426:12
      at file:///workspace/scratch/2f8818f4d3b0/candidate/scripts/tanstack-security.test.mjs:74:1 {
    errno: -2,
    code: 'ENOENT',
    syscall: 'open',
    path: '/workspace/scratch/2f8818f4d3b0/candidate/.vercel/output/functions/__server.func/_ssr/ssr.mjs'
  }

test at scripts/tanstack-security.test.mjs:231:1
✖ searchNightlife compiled provider chain terminates at its total deadline with aborted attempts (0.081393ms)
  Error: ENOENT: no such file or directory, open '/workspace/scratch/2f8818f4d3b0/candidate/.vercel/output/functions/__server.func/_ssr/ssr.mjs'
      at readFileSync (node:fs:484:20)
      at loadBuilt (file:///workspace/scratch/2f8818f4d3b0/candidate/scripts/tanstack-security.test.mjs:26:20)
      at TestContext.<anonymous> (file:///workspace/scratch/2f8818f4d3b0/candidate/scripts/tanstack-security.test.mjs:75:15)
      at TestHook.runInAsyncScope (node:async_hooks:227:14)
      at TestHook.run (node:internal/test_runner/test:1382:25)
      at TestHook.run (node:internal/test_runner/test:1726:18)
      at TestHook.run (node:internal/util:581:20)
      at Test.createHook (node:internal/test_runner/test:1103:33)
      at node:internal/test_runner/harness:426:12
      at file:///workspace/scratch/2f8818f4d3b0/candidate/scripts/tanstack-security.test.mjs:74:1 {
    errno: -2,
    code: 'ENOENT',
    syscall: 'open',
    path: '/workspace/scratch/2f8818f4d3b0/candidate/.vercel/output/functions/__server.func/_ssr/ssr.mjs'
  }

test at scripts/tanstack-security.test.mjs:247:1
✖ real client transport cancels an in-flight HTTP request within a bounded deadline (0.060511ms)
  Error: ENOENT: no such file or directory, open '/workspace/scratch/2f8818f4d3b0/candidate/.vercel/output/functions/__server.func/_ssr/ssr.mjs'
      at readFileSync (node:fs:484:20)
      at loadBuilt (file:///workspace/scratch/2f8818f4d3b0/candidate/scripts/tanstack-security.test.mjs:26:20)
      at TestContext.<anonymous> (file:///workspace/scratch/2f8818f4d3b0/candidate/scripts/tanstack-security.test.mjs:75:15)
      at TestHook.runInAsyncScope (node:async_hooks:227:14)
      at TestHook.run (node:internal/test_runner/test:1382:25)
      at TestHook.run (node:internal/test_runner/test:1726:18)
      at TestHook.run (node:internal/util:581:20)
      at Test.createHook (node:internal/test_runner/test:1103:33)
      at node:internal/test_runner/harness:426:12
      at file:///workspace/scratch/2f8818f4d3b0/candidate/scripts/tanstack-security.test.mjs:74:1 {
    errno: -2,
    code: 'ENOENT',
    syscall: 'open',
    path: '/workspace/scratch/2f8818f4d3b0/candidate/.vercel/output/functions/__server.func/_ssr/ssr.mjs'
  }

test at scripts/tanstack-security.test.mjs:81:1
✖ /workspace/scratch/2f8818f4d3b0/candidate/scripts/tanstack-security.test.mjs (0.373694ms)
  TypeError [ERR_INVALID_ARG_TYPE]: The "path" argument must be of type string or an instance of Buffer or URL. Received undefined
      at rmSync (node:fs:1283:25)
      at TestContext.<anonymous> (file:///workspace/scratch/2f8818f4d3b0/candidate/scripts/tanstack-security.test.mjs:81:13)
      at TestHook.runInAsyncScope (node:async_hooks:227:14)
      at TestHook.run (node:internal/test_runner/test:1382:25)
      at TestHook.run (node:internal/test_runner/test:1726:18)
      at TestHook.run (node:internal/util:581:20)
      at Test.runHook (node:internal/test_runner/test:1269:20)
      at after (node:internal/test_runner/test:1322:20)
      at Test.run (node:internal/test_runner/test:1408:13) {
    code: 'ERR_INVALID_ARG_TYPE'
  }
▶ callTool failure memo
  ✔ replays an identical failure within the memo window without refetching (4.490235ms)
  ✔ keys by token identity so a reminted token shares the memo entry (0.869321ms)
  ✔ sweeps expired entries on write so unique keys do not accumulate (1.404769ms)
  ✔ never memoizes login-required 401s (0.879817ms)
✔ callTool failure memo (8.591902ms)
▶ callTool
  ✔ resolves ok:false for non-serializable args instead of rejecting (0.512453ms)
✔ callTool (0.641027ms)
▶ isLoginRequired
  ✔ is true only for login-required failures (0.232311ms)
✔ isLoginRequired (0.35142ms)
▶ redirectToLoginIfRequired
  ✔ no-ops when login is not required (2.73795ms)
  ✔ navigates to the server-built loginUrl in the browser (0.248875ms)
  ✔ opens a new tab instead of navigating when framed (0.139331ms)
  ✔ falls back to navigation when framed and the popup is blocked (0.163777ms)
  ✔ returns false when the result has no loginUrl (0.113281ms)
  ✔ returns false on the server (no window) (0.067332ms)
✔ redirectToLoginIfRequired (3.75818ms)
▶ classifyCallToolError
  ✔ returns null for successful results (0.188154ms)
  ✔ classifies login-required before message matching (0.090677ms)
  ✔ classifies not_connected and failed_precondition (0.076425ms)
  ✔ classifies scope_denied without claiming a missing grant (0.077968ms)
  ✔ classifies access_denied (0.052319ms)
  ✔ falls back to a generic error with the raw message (0.067291ms)
✔ classifyCallToolError (0.731213ms)
▶ verifyGateIdentityToken
  ✔ returns the identity for a valid token (15.607127ms)
  ✔ omits optional claims as nulls (2.421212ms)
  ✔ rejects a wrong audience (2.065166ms)
  ✔ rejects a wrong issuer (1.936532ms)
  ✔ rejects an expired token (1.847297ms)
  ✔ rejects a token without exp (1.62407ms)
  ✔ rejects a token signed by a different key with the same kid (1.824803ms)
  ✔ refetches the JWKS when the kid rotates (2.9826ms)
✔ verifyGateIdentityToken (32.367072ms)
▶ gateIdentityFromHeaders
  ✔ verifies the header token end to end and fails closed without it (3.947225ms)
  ✔ activates on a deployed-shaped request without GROK_GATE_ORIGIN (1.597591ms)
  ✔ verifies a preview-audience token with no gate env vars via the loopback default (3.946645ms)
  ✔ rejects a wrong-issuer token in the loopback default mode (1.412821ms)
  ✔ verifies a preview-audience token when only GROK_GATE_ORIGIN is set (1.434634ms)
  ✔ rejects a preview-audience token when GROK_PROJECT_ID is set (1.22621ms)
  ✔ rejects an app-audience token in preview mode (5.771187ms)
✔ gateIdentityFromHeaders (20.228258ms)
▶ gateIdentityEnabled
  ✔ is enabled by default with no gate env vars (0.141824ms)
  ✔ is disabled when VITE_AUTH_ENABLED is false (0.109896ms)
✔ gateIdentityEnabled (0.401335ms)
▶ gateTokenAudience
  ✔ pins app:<id> when GROK_PROJECT_ID is set, even alongside GROK_GATE_ORIGIN (0.144088ms)
  ✔ pins preview when GROK_PROJECT_ID is unset (0.142926ms)
✔ gateTokenAudience (0.400294ms)
▶ gateIdentityUserInfo
  ✔ falls back to a synthetic email and name for sub-only claims (0.177588ms)
  ✔ keeps real claims, lowercasing the email and marking it verified (0.137437ms)
✔ gateIdentityUserInfo (0.428887ms)
▶ sessionBoundToGateIdentity
  ✔ keeps the session when it is bound to the same gate sub (0.180923ms)
  ✔ rotates when the session belongs to a different gate sub (0.117418ms)
  ✔ rotates when the session user has no gate-bound account (0.086331ms)
✔ sessionBoundToGateIdentity (0.512754ms)
▶ resolveSignInGateState
  ✔ is pending while the session check is in flight, user or not (0.783302ms)
  ✔ is signed_in once a user is present (0.121974ms)
  ✔ is signed_out only after the check resolved with no user (0.093581ms)
✔ resolveSignInGateState (1.900417ms)
▶ seasonal date-night availability
  ✔ keeps The Werehouse closed before its verified 2026 season starts (1.331739ms)
  ✔ allows The Werehouse during the conservative verified season window (0.210988ms)
  ✔ closes The Werehouse after the conservative verified window (0.105078ms)
  ✔ uses Myer's retained operator 2026 calendar (0.168554ms)
  ✔ fails closed for Open now when hours or the seasonal date are not confirmed (0.288285ms)
  ✔ requires different real venues for a Scare/Settle pair (0.278571ms)
✔ seasonal date-night availability (3.509565ms)
✔ global manual resolution preserves Joplin, Missouri, USA (6.905378ms)
✔ global manual resolution preserves Toronto, Ontario, Canada (3.253268ms)
✔ global manual resolution preserves Vancouver, British Columbia, Canada (1.67025ms)
✔ global manual resolution preserves Montréal, Québec, Canada (0.568137ms)
✔ global manual resolution preserves London, United Kingdom (0.833979ms)
✔ countries without regions and provider province/locality variants remain valid (0.199161ms)
✔ invalid coordinates and malformed geocoder hits cannot become active locations (0.592965ms)
✔ manual input preserves international addresses and postal codes without a U.S. parser (0.459103ms)
✔ no-result, provider errors and malformed payloads are distinct from valid places (1.859706ms)
✔ reverse lookup enriches metadata while preserving the original GPS coordinates (0.895992ms)
✔ all reverse failures retain a usable coordinate location; invalid input never fetches (1.133029ms)
✔ international business addresses retain province, postcode, country and full-address tags (0.712845ms)
✔ native geolocation is opt-in, bounded, and reports each failure accurately (0.681418ms)
✔ GPS commits before reverse resolves and preserves exact coordinates even if the label point differs (0.459954ms)
✔ reverse failure retains coordinates and reports success; GPS failure leaves the old location alone (0.398461ms)
✔ a newer manual choice wins over a delayed GPS callback (0.259532ms)
✔ manual editing and unmount invalidate stale reverse and manual completions (0.299562ms)
✔ manual no-result and invalid input retain active location and allow retry (0.258039ms)
✔ combined control suppresses repeated GPS calls through reverse enrichment (0.293242ms)
✔ cancelling a pending GPS request permits retry without reviving stale callbacks (0.268896ms)
ℹ tests 71
ℹ suites 13
ℹ pass 71
ℹ fail 0
ℹ cancelled 0
ℹ skipped 0
ℹ todo 0
ℹ duration_ms 346.901564
[test-runner] repository scripts: FAILED
[test-runner] application: passed
