npm warn Unknown env config "http-proxy". This will stop working in the next major version of npm.

> test
> node scripts/test-runner.mjs

✔ persistent Android identity, SDK, lockfile and approved artwork agree (12.851404ms)
✔ native audit rejects package drift, insecure content and exposed WebView debugging (6.518396ms)
✔ Android version parser accepts future releases and rejects invalid Play codes (2.423918ms)
✔ Android workflow is artifact-only and does not regenerate the project or migrate (0.40461ms)
✔ Settings does not advertise an Android artifact that has not been published (0.236116ms)
✔ non-canvas app with no custom card gets a soft BRAND NOTE (utility exception) (3.00219ms)
✔ non-canvas app with a compliant card is silent (2.672553ms)
✔ card file without site.json card=custom warns (1.860257ms)
✔ card file with missing site.json warns for card=custom (1.853457ms)
✔ card file with invalid site.json warns for card=custom (2.378339ms)
✔ oversized card warns for non-canvas apps too (6.270763ms)
✔ canvas app with no card warns 'missing' and missing og:type (0.855201ms)
✔ canvas card without type still warns for og:type (1.802971ms)
✔ oversized card warns on the scraper budget (jpg and legacy png) (8.862183ms)
✔ compliant game (custom card + site.json type + x-banner) is silent (3.834567ms)
✔ __root.tsx og:type no longer satisfies the canvas gate (3.639833ms)
✔ oversized x-banner warns on the same scraper budget as og.jpg (5.280378ms)
✔ legacy png + site.json type still needs the X feed card (2.250676ms)
✔ siteDeclaresOgTypeGame reads the site contract (0.279772ms)
✔ a fresh og-pending marker silences the whole gate view (0.698143ms)
✔ a stale og-pending marker is ignored and the warnings return (0.493765ms)
✔ the marker goes stale on the clock, not on the file (0.867058ms)
✔ no marker means nothing is in flight (0.423449ms)
✔ parseBrandCheckArgs takes --game, --placeholder-ok and --root, and rejects the rest (0.364931ms)
✔ cli: a game missing its card reports JSON and exits 1 (236.434439ms)
✔ cli: a compliant game passes (85.818686ms)
✔ cli: the task's own marker is reported, not honoured (93.157951ms)
✔ cli: a bad argument fails with JSON on stderr (118.50364ms)
✔ cli: a non-game with no card fails too — the pass exists to produce one (153.899684ms)
✔ cli: --placeholder-ok is how a plain-utility pass reports no card as expected (240.997811ms)
✔ cli: a non-game with a compliant card passes (152.612462ms)
﹣ SKILL.md and AGENTS.md name the marker path and bound this script uses (0.107212ms) # External workspace OG documentation package is not installed in this checkout
﹣ the sections that own the brand-task prohibition never affirm a wait (0.059059ms) # External workspace OG documentation package is not installed in this checkout
﹣ SKILL.md tells the pass to self-check with the flag this CLI accepts (0.045378ms) # External workspace OG documentation package is not installed in this checkout
✔ browser acceptance rejects source/output drift and auth-disabled previews (11.194924ms)
✔ unfinished builds and sources changed during compilation cannot be blessed (13.798583ms)
✔ normalizes whitespace before hashing (4.919123ms)
✔ nullish and blank body text normalize to the empty string (0.331771ms)
✔ body text prefix is normalized and capped (0.253493ms)
✔ identical runs do not diverge (3.194611ms)
✔ status change diverges (0.757903ms)
✔ title change diverges (0.309568ms)
✔ title comparison is skipped when either side lacks one (0.319873ms)
✔ canvas disappearing diverges; canvas appearing does not (0.690272ms)
✔ horizontal overflow appearing diverges; clearing does not (4.938533ms)
✔ new console errors diverge (0.513725ms)
✔ errors already present in the baseline do not re-diverge (0.449628ms)
✔ body text collapse diverges (0.289728ms)
✔ body text dropping to zero reports collapse (0.362067ms)
✔ zero-length baseline reports growth via the hash branch, not collapse (0.141714ms)
✔ hash mismatch with a trivial length delta and same page start is tolerated (0.226742ms)
✔ hash mismatch with a trivial length delta but changed page start diverges (0.142395ms)
✔ prefix check is skipped when either side lacks a prefix (0.31119ms)
✔ length-delta tolerance boundary: 50 tolerated, 51 diverges (500-char baseline) (0.230208ms)
✔ length-delta floor dominates small baselines: 20 tolerated, 21 diverges (100-char baseline) (0.214144ms)
✔ collapse boundary: exactly half is 'changed', one below is 'collapsed' (0.246031ms)
✔ missing baseline viewport diverges (0.24499ms)
✔ empty or null baseline diverges for every viewport (0.531001ms)
✔ degenerate current verdict fails closed (0.409157ms)
✔ multiple signals across viewports all accumulate (0.242115ms)
✔ baselineComparison round-trips a valid baseline (0.33835ms)
✔ baselineComparison fails closed on malformed or wrong-shape baselines (0.93427ms)
✔ parseSmokeArgs defaults (0.31142ms)
✔ parseSmokeArgs consumes --baseline without shifting positionals (0.19239ms)
✔ parseSmokeArgs rejects a trailing --baseline flag (0.189266ms)
✔ parseSmokeArgs supports the --baseline= form (0.19194ms)
✔ parseSmokeArgs rejects unknown flags instead of treating them as positionals (0.190637ms)
✔ parseSmokeArgs env fallback and flag precedence (0.193302ms)
✔ derivedPaths handles .png, .PNG, and extensionless inputs (0.376408ms)
✔ exitCodeFor: clean run exits 0 (0.645674ms)
✔ exitCodeFor: errors in any single viewport exit 2 (0.234124ms)
✔ exitCodeFor: navigation failure in any viewport exits 1, beating errors (0.368796ms)
✔ exitCodeFor: 4xx boundary and missing status (1.847568ms)
✔ exitCodeFor: no viewport data is a failure (0.149465ms)
✔ browser-smoke wires the guard and verdict helpers (0.495068ms)
✔ browser-smoke file I/O only touches guarded paths (0.493796ms)
✔ casino evidence JSON is parseable; truncated ledgers cannot masquerade as complete (51.739011ms)
✔ keyed manifests preserve state names and integration override precedence (1.870873ms)
✔ missing or malformed jurisdiction objects fail closed (0.610241ms)
✔ nearby same-name rows reconcile once with latest ID and metadata (1.048722ms)
✔ same ID at distinct locations remains a hard failure (0.253482ms)
✔ small successive moves cannot conceal a distant same-ID conflict (0.349557ms)
✔ distant same-name destinations with distinct IDs are retained (0.281095ms)
✔ complete jurisdiction counts reject both missing and excess destinations (0.287604ms)
✔ legacy IDs use exported jurisdiction metadata rather than ID prefixes (0.288275ms)
✔ invalid coordinates, jurisdictions and complete-count values fail closed (0.343568ms)
✔ pending decision universes are not treated as runtime quotas (0.340695ms)
✔ nearby same-ID records with a renamed property use latest metadata (0.217538ms)
✔ missing identities cannot silently disappear from the audit (0.227744ms)
✔ every active jurisdiction needs an explicit manifest status (0.332391ms)
✔ unknown totals are allowed only for explicitly pending jurisdictions (0.27182ms)
✔ a supplied pending count must still be a positive integer (0.200582ms)
✔ authoritative sources and allowed status values remain required (0.175555ms)
✔ Beau Rivage keeps its original stable ID and one latest-property destination (99.475614ms)
✔ MGM Grand Las Vegas keeps its original stable ID and one latest-property destination (81.039774ms)
✔ audit follows runtime registration, including renamed imports (7.749144ms)
✔ unregistered imports and unknown runtime arrays fail closed (3.225587ms)
✔ duplicate, skipped and out-of-order passes cannot change audit precedence (3.407903ms)
✔ empty or missing runtime registration cannot pass validation (7.482201ms)
✔ real exported factory IDs and metadata survive loading (50.776589ms)
✔ missing or empty module exports fail instead of undercounting (8.332184ms)
✔ resumed additions preserve explicit point evidence, casino schema and active canonical identity (25.398919ms)
✔ local operator aliases merge without losing canonical points or merging distant same-brand casinos (3.571699ms)
✔ neighboring Otoe-Missouria casino floors and related travel components retain separate identity (1.021922ms)
✔ Casino Oklahoma uses its named casino point and routing street, separately from Sugar Creek (0.760898ms)
✔ Golden Eagle casinos in Oklahoma and Kansas survive identical names across states (0.293834ms)
✔ Prairie Sun closure cannot be revived by stale live tags or suppress current Prairie Moon (1.675168ms)
✔ new operator aliases cannot merge nearby independently operated casino floors (1.493354ms)
✔ reconciled travel-center destinations use the right city and current postal identity (0.734068ms)
[discovery] provider-chain {
  mode: 'nightlife',
  source: 'live',
  durationMs: 9,
  budgetExhausted: false,
  attempts: [ { mirror: 1, durationMs: 8, outcome: 'empty' } ]
}
[discovery] provider-chain {
  mode: 'nightlife',
  source: 'fallback',
  durationMs: 1,
  budgetExhausted: false,
  attempts: [
    { mirror: 1, durationMs: 0, outcome: 'network-error' },
    { mirror: 2, durationMs: 0, outcome: 'network-error' },
    { mirror: 3, durationMs: 0, outcome: 'network-error' },
    { mirror: 4, durationMs: 0, outcome: 'network-error' }
  ]
}
✔ invalid query coordinates and nonfinite radii cannot reach providers (6.403292ms)
✔ malformed provider records are discarded individually (6.196361ms)
✔ casino words in an unrelated bar name do not satisfy the casino filter (0.72229ms)
✔ closed property holds are geographically scoped and cannot suppress successors (0.386984ms)
✔ lifecycle tags exclude inactive venues but preserve a current repurposed bar (0.269256ms)
✔ same-brand neighboring casino floors do not borrow each other's live metadata (1.009423ms)
✔ canonical casino location and identity survive live merging (0.344941ms)
✔ valid empty responses remain empty results; invalid JSON shape falls back (22.853567ms)
✔ provider outages preserve the complete local canonical casino pool (2.334413ms)
✔ malformed optional fields cannot poison a provider response or create unsafe actions (1.807037ms)
✔ generic casino names cannot collapse distinct nearby properties into an empty identity (0.634507ms)
✔ reviewed predecessor names merge only into the same nearby current property (2.819976ms)
✔ closed Oklahoma predecessors stay excluded without suppressing operating successors (0.650101ms)
✔ Golden Pony closure cannot be revived by stale live tags or suppress unrelated places (0.486985ms)
✔ final casino aliases preserve canonical routing and do not absorb distant same-name properties (5.015428ms)
✔ nearby final-pass casinos remain distinct even inside the alias distance threshold (8.297722ms)
✔ same-brand town names and Pawnee satellite aliases cannot redirect live details to another casino (1.095353ms)
✔ Gold Town closure rejects stale casino tags while nearby Pahrump properties survive (2.028972ms)
✔ conflicting casino map metadata cannot replace the reviewed property or component point (0.517241ms)
✔ freeze accounting preserves resolved holds, unresolved candidates and historical rows honestly (1.637491ms)
✔ captured live casino responses exclude closed aliases and reconcile the reviewed regional pools (10.919899ms)
✔ Pass 50 has exactly four distinct evidence-backed physical destinations (1.149534ms)
✔ runtime points use source destination fields, never map viewport centres (1.462327ms)
✔ Cadence Crossing remains tied to corrected named-property evidence (15.256984ms)
[discovery] provider-chain {
  mode: 'nightlife',
  source: 'fallback',
  durationMs: 4,
  budgetExhausted: false,
  attempts: [
    { mirror: 1, durationMs: 2, outcome: 'malformed' },
    { mirror: 2, durationMs: 1, outcome: 'malformed' },
    { mirror: 3, durationMs: 0, outcome: 'malformed' },
    { mirror: 4, durationMs: 1, outcome: 'malformed' }
  ]
}
[discovery] provider-chain {
  mode: 'nightlife',
  source: 'error',
  durationMs: 3,
  budgetExhausted: false,
  attempts: [
    { mirror: 1, durationMs: 1, outcome: 'malformed' },
    { mirror: 2, durationMs: 0, outcome: 'malformed' },
    { mirror: 3, durationMs: 0, outcome: 'malformed' },
    { mirror: 4, durationMs: 1, outcome: 'malformed' }
  ]
}
[discovery] provider-chain {
  mode: 'nightlife',
  source: 'live',
  durationMs: 1,
  budgetExhausted: false,
  attempts: [ { mirror: 1, durationMs: 0, outcome: 'empty' } ]
}
✔ global manual origins retain final-pass casino identities and routing through actual discovery handlers (11.376608ms)
✔ switching a casino origin internationally keeps bounded closures local and preserves exact GPS coordinates (4.083603ms)
✔ incomplete provider replies retain honest casino fallback and international errors while valid empty replies stay empty (16.379447ms)
✔ current RC points match observed destination or named source fields (3.835508ms)
✔ rejected map centres cannot silently replace verified casino points (22.679556ms)
✔ current casinos survive while all reviewed closure aliases remain out of the curated catalog (5.297845ms)
✔ newly registered destinations preserve numerical property evidence and scope decisions (1.963994ms)
✔ additions enter once while pin corrections retain IDs and historical evidence (3.043834ms)
✔ nearby branded buildings and separately operated Oneida venues survive canonicalization (0.780067ms)
✔ final adversarial additions and correction preserve observed property destinations (5.430275ms)
✔ Slot Palace routing uses its operator directions address and preserves the separate resort (0.717753ms)
✔ final frontier destinations retain property evidence and survive all closure scopes (3.554544ms)
✔ casino floors remain distinct from nearby casino properties, off-site lodges and closed predecessors (1.787898ms)
✔ recent legacy exports retain their latest source identity and property point (5.770007ms)
✔ every serialized runtime casino satisfies the application data schema (10.814861ms)
✔ missing required fields, duplicate type tags, wrong categories and malformed nulls fail (0.526794ms)
✔ coordinate range, state leakage and jurisdiction disagreement are rejected (0.211709ms)
✔ new passes cannot activate without identity and coordinate evidence (0.435036ms)
✔ unsafe website schemes cannot enter destination actions (0.363999ms)
✔ strict open-now requires known open hours; default exposes saved destinations honestly (1.886336ms)
✔ casino type, radius and known/unknown price filters compose (0.284809ms)
✔ favorites, permanent exclusions and expiring exclusions protect selection (0.375157ms)
✔ empty and singleton pools terminate with correct option counts (0.316688ms)
✔ options never return duplicate identifiers or mutate the input (0.262176ms)
✔ energy and repeat penalties influence weighted picks without excluding all shown places (0.309397ms)
✔ large catalog sampling retains Unicode names and distinct options (20.722272ms)
✔ the flag predicate matches src/lib/auth (1.300623ms)
✔ reads the value a live dev server resolved (0.402698ms)
✔ a server started without the flag reads as sign-in on (0.188214ms)
✔ agreement passes (0.246973ms)
✔ divergence fails in either direction (0.358832ms)
✔ an unobservable dev server is indeterminate, not agreement (0.153782ms)
✔ a dev server that cannot be reached probes as null (0.245541ms)
✔ a server without the endpoint probes as null, not as agreement (0.427315ms)
✔ only a divergence warns the smoke verdict (1.350598ms)
✔ the build side resolves the template's shipped app-env (0.628509ms)
✔ the CLI reports rather than silently passing when run via a symlink (345.637919ms)
✔ Anything coverage satisfies every later category and subset without acquiring again (4.743108ms)
✔ coverage is category-specific within a group; only missing types are requested (10.62232ms)
✔ valid-empty coverage is reusable and preserves its origin; failed/cancelled categories stay missing (1.151557ms)
✔ complete fallback and legacy missing metadata never establish reusable live coverage (0.332742ms)
✔ cached successes plus fresh failure preserve partial live data and disjoint category outcomes (0.805676ms)
✔ cached live success survives missing-category transport failure without asserting coverage (0.411401ms)
✔ radius narrowing reuses larger coverage but widening cannot use a narrower entry (0.572393ms)
✔ latitude separates incompatible cache coverage (0.223517ms)
✔ longitude separates incompatible cache coverage (8.664885ms)
✔ Halloween activation separates incompatible cache coverage (0.345782ms)
✔ semantic version separates incompatible cache coverage (0.281074ms)
✔ TTL expires exactly at bound; reads and fresh missing-category combinations never rejuvenate old coverage (0.420955ms)
✔ new valid-empty category coverage cannot resurrect old venues through a reused superset (0.426223ms)
✔ equal-timestamp freshness uses admission order even after an older superset becomes most recently used (0.301956ms)
✔ V-DR-02: maxEntries eviction cannot resurrect superseded Corn (increasing timestamps) (0.647597ms)
✔ V-DR-02: maxEntries eviction cannot resurrect superseded Corn (equal timestamps) (0.29196ms)
✔ V-DR-02: maxVenues eviction cannot resurrect superseded Corn (increasing timestamps) (2.284528ms)
✔ V-DR-02: maxVenues eviction cannot resurrect superseded Corn (equal timestamps) (0.338932ms)
✔ V-DR-02: radius 50→15 supersession is durable and never claims wider coverage (0.443168ms)
✔ V-DR-02: radius 15→50 supersession is durable and never claims wider coverage (0.243127ms)
✔ V-DR-02: supersession lasts through the old TTL and never rejuvenates unaffected Movies (0.376959ms)
✔ V-DR-02: successful coverage for another latitude cannot supersede this signature (0.206852ms)
✔ V-DR-02: successful coverage for another longitude cannot supersede this signature (0.199291ms)
✔ V-DR-02: successful coverage for another Halloween activation cannot supersede this signature (0.114063ms)
✔ V-DR-02: successful coverage for another semantic version cannot supersede this signature (0.129926ms)
✔ V-DR-02: valid-empty supersession retains full classification and evidence for an identity still reused through Movies (0.362016ms)
✔ V-DR-02: rejected fallback response cannot supersede successful older coverage (0.250118ms)
✔ V-DR-02: rejected failed response cannot supersede successful older coverage (0.128985ms)
✔ V-DR-02: rejected cancelled response cannot supersede successful older coverage (0.118359ms)
✔ V-DR-02: rejected cache-hit response cannot supersede successful older coverage (0.109085ms)
✔ V-DR-02: rejected legacy response cannot supersede successful older coverage (0.15244ms)
✔ V-DR-02: rejected oversize response cannot supersede successful older coverage (0.179811ms)
✔ V-DR-02: partial success supersedes only its successful categories (0.210899ms)
✔ V-DR-02: an entry with all coverage superseded retains terminal identity evidence until TTL (0.431531ms)
✔ LRU entry and aggregate raw-venue caps evict whole entries without truncated coverage (0.498332ms)
✔ cache assembly preserves catalog aliases, full evidence, hours precedence and lifecycle in either insertion order (0.742731ms)
✔ fresh cross-category lifecycle evidence suppresses an older cached active identity without adding coverage (0.397309ms)
✔ actual DateNightHome: Anything→subsets and every local-only filter reuse data without network (528.280227ms)
✔ actual DateNightHome: stale persisted unknown categories recover to Anything without weakening RPC validation (19.992119ms)
✔ actual DateNightHome: subset then mixed selection fetches only missing categories (8.515771ms)
✔ actual DateNightHome: bounded missing-category timeout preserves cached live contribution and partial warning (14.737249ms)
✔ actual DateNightHome: TTL refreshes on next category acquisition, not local-only toggles or elapsed time (10.225952ms)
✔ actual DateNightHome: radius widening schedules an outer patch; narrowing reuses core without RPC (19.161567ms)
✔ actual DateNightHome: late replacement response cannot seed reusable cache (12.266621ms)
✔ actual DateNightHome: late timeout response cannot seed reusable cache (25.233228ms)
✔ actual DateNightHome: component cache lifetime does not survive unmount or contaminate another session (15.06956ms)
✔ Date Night hedge mirror 2 wins at 1500ms and cancels losing attempts (52.876282ms)
✔ Date Night hedge mirror 3 wins at 3000ms and cancels losing attempts (2.174201ms)
✔ Date Night hedge mirror 4 wins at 4500ms and cancels losing attempts (10.566475ms)
✔ Date Night all fetch stalls settle by 12.5s even when abort is honored (10.660848ms)
✔ Date Night all fetch stalls settle by 12.5s even when abort is ignored (1.824133ms)
✔ Date Night all body stalls settle by 12.5s even when abort is honored (1.019519ms)
✔ Date Night all body stalls settle by 12.5s even when abort is ignored (1.736571ms)
✔ Date Night groups share the unchanged absolute 20s deadline, including abort-ignoring work (1.050175ms)
✔ Date Night immediate 429 advances immediately and preserves normalized failure (5.868286ms)
✔ Date Night immediate 500 advances immediately and preserves normalized failure (0.914269ms)
✔ Date Night immediate 504 advances immediately and preserves normalized failure (0.757984ms)
✔ Date Night immediate malformed advances immediately and preserves normalized failure (0.458492ms)
✔ Date Night immediate invalid-json advances immediately and preserves normalized failure (6.260737ms)
✔ Date Night immediate abort advances immediately and preserves normalized failure (0.758435ms)
✔ Date Night immediate network-error advances immediately and preserves normalized failure (0.647246ms)
✔ Date Night valid empty wins and differs from failure (0.464021ms)
✔ Date Night late loser success/rejection cannot replace winner or mutate recorded outcome (10.715711ms)
✔ Date Night cancellation aborts active attempts, stops scheduled hedges and records cancelled group (1.138148ms)
✔ Date Night four groups never exceed sixteen fixed-mirror attempts and reject duplicate/untrusted group IDs (3.545461ms)
✔ canonical lifecycle interpretation preserves the full frozen key/value semantics and precedence (31.103477ms)
✔ generated POSIX value matcher has exact truth semantics, including false prefixes/extensions and case (3.394703ms)
✔ canonical normalization preserves fill-only, input ordering, active tags and supported suffix boundaries (12.838924ms)
✔ registry parity demolished: simple flags and every recognized namespace across every supported category (775.401968ms)
✔ registry parity removed: simple flags and every recognized namespace across every supported category (689.465134ms)
✔ registry parity razed: simple flags and every recognized namespace across every supported category (652.876194ms)
✔ registry parity destroyed: simple flags and every recognized namespace across every supported category (427.656836ms)
✔ registry parity disused: simple flags and every recognized namespace across every supported category (362.275415ms)
✔ registry parity abandoned: simple flags and every recognized namespace across every supported category (325.58606ms)
✔ registry parity was: simple flags and every recognized namespace across every supported category (264.789278ms)
[discovery] provider-chain {
  mode: 'date-night',
  strategy: 'hedged',
  source: 'live',
  durationMs: 2,
  budgetExhausted: false,
  requestedGroups: 1,
  successfulGroups: 1,
  failedGroups: 0,
  partial: false,
  groups: [
    {
      group: 'seasonal',
      outcome: 'success',
      durationMs: 2,
      winnerMirror: 2
    }
  ],
  attempts: [
    {
      group: 'seasonal',
      mirror: 1,
      hedgeOffsetMs: 0,
      durationMs: 1,
      outcome: 'http-error',
      status: 503
    },
    {
      group: 'seasonal',
      mirror: 2,
      hedgeOffsetMs: 1,
      durationMs: 1,
      outcome: 'success'
    }
  ]
}
[discovery] provider-chain {
  mode: 'date-night',
  strategy: 'hedged',
  source: 'live',
  durationMs: 2,
  budgetExhausted: false,
  requestedGroups: 1,
  successfulGroups: 1,
  failedGroups: 0,
  partial: false,
  groups: [
    {
      group: 'seasonal',
      outcome: 'success',
      durationMs: 2,
      winnerMirror: 2
    }
  ],
  attempts: [
    {
      group: 'seasonal',
      mirror: 1,
      hedgeOffsetMs: 0,
      durationMs: 1,
      outcome: 'http-error',
      status: 503
    },
    {
      group: 'seasonal',
      mirror: 2,
      hedgeOffsetMs: 1,
      durationMs: 1,
      outcome: 'success'
    }
  ]
}
[discovery] provider-chain {
  mode: 'date-night',
  strategy: 'hedged',
  source: 'live',
  durationMs: 4,
  budgetExhausted: false,
  requestedGroups: 4,
  successfulGroups: 4,
  failedGroups: 0,
  partial: false,
  groups: [
    {
      group: 'seasonal',
      outcome: 'success',
      durationMs: 3,
      winnerMirror: 2
    },
    {
      group: 'entertainment',
      outcome: 'success',
      durationMs: 3,
      winnerMirror: 2
    },
    {
      group: 'culture',
      outcome: 'success',
      durationMs: 2,
      winnerMirror: 2
    },
    {
      group: 'outdoor',
      outcome: 'success',
      durationMs: 4,
      winnerMirror: 2
    }
  ],
  attempts: [
    {
      group: 'culture',
      mirror: 1,
      hedgeOffsetMs: 0,
      durationMs: 1,
      outcome: 'http-error',
      status: 503
    },
    {
      group: 'culture',
      mirror: 2,
      hedgeOffsetMs: 1,
      durationMs: 1,
      outcome: 'success'
    },
    {
      group: 'entertainment',
      mirror: 1,
      hedgeOffsetMs: 0,
      durationMs: 1,
      outcome: 'http-error',
      status: 503
    },
    {
      group: 'entertainment',
      mirror: 2,
      hedgeOffsetMs: 1,
      durationMs: 2,
      outcome: 'success'
    },
    {
      group: 'outdoor',
      mirror: 1,
      hedgeOffsetMs: 0,
      durationMs: 1,
      outcome: 'http-error',
      status: 503
    },
    {
      group: 'outdoor',
      mirror: 2,
      hedgeOffsetMs: 1,
      durationMs: 3,
      outcome: 'success'
    },
    {
      group: 'seasonal',
      mirror: 1,
      hedgeOffsetMs: 0,
      durationMs: 1,
      outcome: 'http-error',
      status: 503
    },
    {
      group: 'seasonal',
      mirror: 2,
      hedgeOffsetMs: 1,
      durationMs: 2,
      outcome: 'success'
    }
  ]
}
[discovery] provider-chain {
  mode: 'date-night',
  strategy: 'hedged',
  source: 'live',
  durationMs: 1,
  budgetExhausted: false,
  requestedGroups: 1,
  successfulGroups: 1,
  failedGroups: 0,
  partial: false,
  groups: [
    {
      group: 'seasonal',
      outcome: 'success',
      durationMs: 1,
      winnerMirror: 2
    }
  ],
  attempts: [
    {
      group: 'seasonal',
      mirror: 1,
      hedgeOffsetMs: 0,
      durationMs: 0,
      outcome: 'http-error',
      status: 503
    },
    {
      group: 'seasonal',
      mirror: 2,
      hedgeOffsetMs: 0,
      durationMs: 1,
      outcome: 'success'
    }
  ]
}
[discovery] provider-chain {
  mode: 'date-night',
  strategy: 'hedged',
  source: 'live',
  durationMs: 1,
  budgetExhausted: false,
  requestedGroups: 1,
  successfulGroups: 1,
  failedGroups: 0,
  partial: false,
  groups: [
    {
      group: 'seasonal',
      outcome: 'success',
      durationMs: 1,
      winnerMirror: 2
    }
  ],
  attempts: [
    {
      group: 'seasonal',
      mirror: 1,
      hedgeOffsetMs: 0,
      durationMs: 0,
      outcome: 'http-error',
      status: 503
    },
    {
      group: 'seasonal',
      mirror: 2,
      hedgeOffsetMs: 0,
      durationMs: 1,
      outcome: 'success'
    }
  ]
}
[discovery] provider-chain {
  mode: 'date-night',
  strategy: 'hedged',
  source: 'live',
  durationMs: 12,
  budgetExhausted: false,
  requestedGroups: 4,
  successfulGroups: 4,
  failedGroups: 0,
  partial: false,
  groups: [
    {
      group: 'seasonal',
      outcome: 'success',
      durationMs: 10,
      winnerMirror: 2
    },
    {
      group: 'entertainment',
      outcome: 'success',
      durationMs: 11,
      winnerMirror: 2
    },
    {
      group: 'culture',
      outcome: 'success',
      durationMs: 4,
      winnerMirror: 2
    },
    {
      group: 'outdoor',
      outcome: 'success',
      durationMs: 11,
      winnerMirror: 2
    }
  ],
  attempts: [
    {
      group: 'culture',
      mirror: 1,
      hedgeOffsetMs: 0,
      durationMs: 1,
      outcome: 'http-error',
      status: 503
    },
    {
      group: 'culture',
      mirror: 2,
      hedgeOffsetMs: 1,
      durationMs: 3,
      outcome: 'success'
    },
    {
      group: 'entertainment',
      mirror: 1,
      hedgeOffsetMs: 0,
      durationMs: 1,
      outcome: 'http-error',
      status: 503
    },
    {
      group: 'entertainment',
      mirror: 2,
      hedgeOffsetMs: 1,
      durationMs: 10,
      outcome: 'success'
    },
    {
      group: 'outdoor',
      mirror: 1,
      hedgeOffsetMs: 0,
      durationMs: 1,
      outcome: 'http-error',
      status: 503
    },
    {
      group: 'outdoor',
      mirror: 2,
      hedgeOffsetMs: 1,
      durationMs: 11,
      outcome: 'success'
    },
    {
      group: 'seasonal',
      mirror: 1,
      hedgeOffsetMs: 0,
      durationMs: 1,
      outcome: 'http-error',
      status: 503
    },
    {
      group: 'seasonal',
      mirror: 2,
      hedgeOffsetMs: 1,
      durationMs: 10,
      outcome: 'success'
    }
  ]
}
[discovery] provider-chain {
  mode: 'date-night',
  strategy: 'hedged',
  source: 'live',
  durationMs: 1,
  budgetExhausted: false,
  requestedGroups: 1,
  successfulGroups: 1,
  failedGroups: 0,
  partial: false,
  groups: [
    {
      group: 'culture',
      outcome: 'success',
      durationMs: 1,
      winnerMirror: 2
    }
  ],
  attempts: [
    {
      group: 'culture',
      mirror: 1,
      hedgeOffsetMs: 0,
      durationMs: 0,
      outcome: 'http-error',
      status: 503
    },
    {
      group: 'culture',
      mirror: 2,
      hedgeOffsetMs: 0,
      durationMs: 0,
      outcome: 'success'
    }
  ]
}
[discovery] provider-chain {
  mode: 'date-night',
  strategy: 'hedged',
  source: 'live',
  durationMs: 2,
  budgetExhausted: false,
  requestedGroups: 1,
  successfulGroups: 1,
  failedGroups: 0,
  partial: false,
  groups: [
    {
      group: 'culture',
      outcome: 'success',
      durationMs: 1,
      winnerMirror: 2
    }
  ],
  attempts: [
    {
      group: 'culture',
      mirror: 1,
      hedgeOffsetMs: 0,
      durationMs: 0,
      outcome: 'http-error',
      status: 503
    },
    {
      group: 'culture',
      mirror: 2,
      hedgeOffsetMs: 0,
      durationMs: 1,
      outcome: 'success'
    }
  ]
}
[discovery] provider-chain {
  mode: 'date-night',
  strategy: 'hedged',
  source: 'live',
  durationMs: 4,
  budgetExhausted: false,
  requestedGroups: 4,
  successfulGroups: 4,
  failedGroups: 0,
  partial: false,
  groups: [
    {
      group: 'seasonal',
      outcome: 'success',
      durationMs: 3,
      winnerMirror: 2
    },
    {
      group: 'entertainment',
      outcome: 'success',
      durationMs: 3,
      winnerMirror: 2
    },
    {
      group: 'culture',
      outcome: 'success',
      durationMs: 2,
      winnerMirror: 2
    },
    {
      group: 'outdoor',
      outcome: 'success',
      durationMs: 3,
      winnerMirror: 2
    }
  ],
  attempts: [
    {
      group: 'culture',
      mirror: 1,
      hedgeOffsetMs: 0,
      durationMs: 0,
      outcome: 'http-error',
      status: 503
    },
    {
      group: 'culture',
      mirror: 2,
      hedgeOffsetMs: 0,
      durationMs: 2,
      outcome: 'success'
    },
    {
      group: 'entertainment',
      mirror: 1,
      hedgeOffsetMs: 0,
      durationMs: 1,
      outcome: 'http-error',
      status: 503
    },
    {
      group: 'entertainment',
      mirror: 2,
      hedgeOffsetMs: 1,
      durationMs: 2,
      outcome: 'success'
    },
    {
      group: 'outdoor',
      mirror: 1,
      hedgeOffsetMs: 0,
      durationMs: 0,
      outcome: 'http-error',
      status: 503
    },
    {
      group: 'outdoor',
      mirror: 2,
      hedgeOffsetMs: 1,
      durationMs: 3,
      outcome: 'success'
    },
    {
      group: 'seasonal',
      mirror: 1,
      hedgeOffsetMs: 0,
      durationMs: 1,
      outcome: 'http-error',
      status: 503
    },
    {
      group: 'seasonal',
      mirror: 2,
      hedgeOffsetMs: 1,
      durationMs: 2,
      outcome: 'success'
    }
  ]
}
[discovery] provider-chain {
  mode: 'date-night',
  strategy: 'hedged',
  source: 'live',
  durationMs: 2,
  budgetExhausted: false,
  requestedGroups: 1,
  successfulGroups: 1,
  failedGroups: 0,
  partial: false,
  groups: [
    {
      group: 'culture',
      outcome: 'success',
      durationMs: 2,
      winnerMirror: 2
    }
  ],
  attempts: [
    {
      group: 'culture',
      mirror: 1,
      hedgeOffsetMs: 0,
      durationMs: 0,
      outcome: 'http-error',
      status: 503
    },
    {
      group: 'culture',
      mirror: 2,
      hedgeOffsetMs: 0,
      durationMs: 1,
      outcome: 'success'
    }
  ]
}
[discovery] provider-chain {
  mode: 'date-night',
  strategy: 'hedged',
  source: 'live',
  durationMs: 1,
  budgetExhausted: false,
  requestedGroups: 1,
  successfulGroups: 1,
  failedGroups: 0,
  partial: false,
  groups: [
    {
      group: 'culture',
      outcome: 'success',
      durationMs: 1,
      winnerMirror: 2
    }
  ],
  attempts: [
    {
      group: 'culture',
      mirror: 1,
      hedgeOffsetMs: 0,
      durationMs: 0,
      outcome: 'http-error',
      status: 503
    },
    {
      group: 'culture',
      mirror: 2,
      hedgeOffsetMs: 0,
      durationMs: 1,
      outcome: 'success'
    }
  ]
}
[discovery] provider-chain {
  mode: 'date-night',
  strategy: 'hedged',
  source: 'live',
  durationMs: 3,
  budgetExhausted: false,
  requestedGroups: 4,
  successfulGroups: 4,
  failedGroups: 0,
  partial: false,
  groups: [
    {
      group: 'seasonal',
      outcome: 'success',
      durationMs: 2,
      winnerMirror: 2
    },
    {
      group: 'entertainment',
      outcome: 'success',
      durationMs: 2,
      winnerMirror: 2
    },
    {
      group: 'culture',
      outcome: 'success',
      durationMs: 1,
      winnerMirror: 2
    },
    {
      group: 'outdoor',
      outcome: 'success',
      durationMs: 2,
      winnerMirror: 2
    }
  ],
  attempts: [
    {
      group: 'culture',
      mirror: 1,
      hedgeOffsetMs: 0,
      durationMs: 0,
      outcome: 'http-error',
      status: 503
    },
    {
      group: 'culture',
      mirror: 2,
      hedgeOffsetMs: 0,
      durationMs: 1,
      outcome: 'success'
    },
    {
      group: 'entertainment',
      mirror: 1,
      hedgeOffsetMs: 0,
      durationMs: 1,
      outcome: 'http-error',
      status: 503
    },
    {
      group: 'entertainment',
      mirror: 2,
      hedgeOffsetMs: 1,
      durationMs: 2,
      outcome: 'success'
    },
    {
      group: 'outdoor',
      mirror: 1,
      hedgeOffsetMs: 0,
      durationMs: 0,
      outcome: 'http-error',
      status: 503
    },
    {
      group: 'outdoor',
      mirror: 2,
      hedgeOffsetMs: 0,
      durationMs: 2,
      outcome: 'success'
    },
    {
      group: 'seasonal',
      mirror: 1,
      hedgeOffsetMs: 0,
      durationMs: 1,
      outcome: 'http-error',
      status: 503
    },
    {
      group: 'seasonal',
      mirror: 2,
      hedgeOffsetMs: 1,
      durationMs: 1,
      outcome: 'success'
    }
  ]
}
[discovery] provider-chain {
  mode: 'date-night',
  strategy: 'hedged',
  source: 'live',
  durationMs: 1,
  budgetExhausted: false,
  requestedGroups: 1,
  successfulGroups: 1,
  failedGroups: 0,
  partial: false,
  groups: [
    {
      group: 'culture',
      outcome: 'success',
      durationMs: 1,
      winnerMirror: 2
    }
  ],
  attempts: [
    {
      group: 'culture',
      mirror: 1,
      hedgeOffsetMs: 0,
      durationMs: 0,
      outcome: 'http-error',
      status: 503
    },
    {
      group: 'culture',
      mirror: 2,
      hedgeOffsetMs: 0,
      durationMs: 0,
      outcome: 'success'
    }
  ]
}
[discovery] provider-chain {
  mode: 'date-night',
  strategy: 'hedged',
  source: 'live',
  durationMs: 6,
  budgetExhausted: false,
  requestedGroups: 2,
  successfulGroups: 2,
  failedGroups: 0,
  partial: false,
  groups: [
    {
      group: 'entertainment',
      outcome: 'success',
      durationMs: 6,
      winnerMirror: 2
    },
    {
      group: 'culture',
      outcome: 'success',
      durationMs: 1,
      winnerMirror: 2
    }
  ],
  attempts: [
    {
      group: 'culture',
      mirror: 1,
      hedgeOffsetMs: 0,
      durationMs: 0,
      outcome: 'http-error',
      status: 503
    },
    {
      group: 'culture',
      mirror: 2,
      hedgeOffsetMs: 0,
      durationMs: 0,
      outcome: 'success'
    },
    {
      group: 'entertainment',
      mirror: 1,
      hedgeOffsetMs: 0,
      durationMs: 0,
      outcome: 'http-error',
      status: 503
    },
    {
      group: 'entertainment',
      mirror: 2,
      hedgeOffsetMs: 0,
      durationMs: 5,
      outcome: 'success'
    }
  ]
}
[discovery] provider-chain {
  mode: 'date-night',
  strategy: 'hedged',
  source: 'live',
  durationMs: 3,
  budgetExhausted: false,
  requestedGroups: 4,
  successfulGroups: 4,
  failedGroups: 0,
  partial: false,
  groups: [
    {
      group: 'seasonal',
      outcome: 'success',
      durationMs: 2,
      winnerMirror: 2
    },
    {
      group: 'entertainment',
      outcome: 'success',
      durationMs: 3,
      winnerMirror: 2
    },
    {
      group: 'culture',
      outcome: 'success',
      durationMs: 1,
      winnerMirror: 2
    },
    {
      group: 'outdoor',
      outcome: 'success',
      durationMs: 3,
      winnerMirror: 2
    }
  ],
  attempts: [
    {
      group: 'culture',
      mirror: 1,
      hedgeOffsetMs: 0,
      durationMs: 0,
      outcome: 'http-error',
      status: 503
    },
    {
      group: 'culture',
      mirror: 2,
      hedgeOffsetMs: 0,
      durationMs: 1,
      outcome: 'success'
    },
    {
      group: 'entertainment',
      mirror: 1,
      hedgeOffsetMs: 0,
      durationMs: 0,
      outcome: 'http-error',
      status: 503
    },
    {
      group: 'entertainment',
      mirror: 2,
      hedgeOffsetMs: 0,
      durationMs: 2,
      outcome: 'success'
    },
    {
      group: 'outdoor',
      mirror: 1,
      hedgeOffsetMs: 0,
      durationMs: 0,
      outcome: 'http-error',
      status: 503
    },
    {
      group: 'outdoor',
      mirror: 2,
      hedgeOffsetMs: 0,
      durationMs: 3,
      outcome: 'success'
    },
    {
      group: 'seasonal',
      mirror: 1,
      hedgeOffsetMs: 0,
      durationMs: 0,
      outcome: 'http-error',
      status: 503
    },
    {
      group: 'seasonal',
      mirror: 2,
      hedgeOffsetMs: 0,
      durationMs: 1,
      outcome: 'success'
    }
  ]
}
✔ real handler demolished: forward/reverse seasonal and ordinary flags, result order, later mirror (109.889654ms)
✔ real handler demolished: reconstructed contextual seasonal evidence and ordinary namespace parity (13.988049ms)
[discovery] provider-chain {
  mode: 'date-night',
  strategy: 'hedged',
  source: 'live',
  durationMs: 1,
  budgetExhausted: false,
  requestedGroups: 1,
  successfulGroups: 1,
  failedGroups: 0,
  partial: false,
  groups: [
    {
      group: 'seasonal',
      outcome: 'success',
      durationMs: 1,
      winnerMirror: 2
    }
  ],
  attempts: [
    {
      group: 'seasonal',
      mirror: 1,
      hedgeOffsetMs: 0,
      durationMs: 0,
      outcome: 'http-error',
      status: 503
    },
    {
      group: 'seasonal',
      mirror: 2,
      hedgeOffsetMs: 0,
      durationMs: 1,
      outcome: 'success'
    }
  ]
}
[discovery] provider-chain {
  mode: 'date-night',
  strategy: 'hedged',
  source: 'live',
  durationMs: 1,
  budgetExhausted: false,
  requestedGroups: 1,
  successfulGroups: 1,
  failedGroups: 0,
  partial: false,
  groups: [
    {
      group: 'seasonal',
      outcome: 'success',
      durationMs: 1,
      winnerMirror: 2
    }
  ],
  attempts: [
    {
      group: 'seasonal',
      mirror: 1,
      hedgeOffsetMs: 0,
      durationMs: 0,
      outcome: 'http-error',
      status: 503
    },
    {
      group: 'seasonal',
      mirror: 2,
      hedgeOffsetMs: 0,
      durationMs: 0,
      outcome: 'success'
    }
  ]
}
[discovery] provider-chain {
  mode: 'date-night',
  strategy: 'hedged',
  source: 'live',
  durationMs: 3,
  budgetExhausted: false,
  requestedGroups: 4,
  successfulGroups: 4,
  failedGroups: 0,
  partial: false,
  groups: [
    {
      group: 'seasonal',
      outcome: 'success',
      durationMs: 1,
      winnerMirror: 2
    },
    {
      group: 'entertainment',
      outcome: 'success',
      durationMs: 2,
      winnerMirror: 2
    },
    {
      group: 'culture',
      outcome: 'success',
      durationMs: 1,
      winnerMirror: 2
    },
    {
      group: 'outdoor',
      outcome: 'success',
      durationMs: 3,
      winnerMirror: 2
    }
  ],
  attempts: [
    {
      group: 'culture',
      mirror: 1,
      hedgeOffsetMs: 0,
      durationMs: 0,
      outcome: 'http-error',
      status: 503
    },
    {
      group: 'culture',
      mirror: 2,
      hedgeOffsetMs: 0,
      durationMs: 1,
      outcome: 'success'
    },
    {
      group: 'entertainment',
      mirror: 1,
      hedgeOffsetMs: 0,
      durationMs: 0,
      outcome: 'http-error',
      status: 503
    },
    {
      group: 'entertainment',
      mirror: 2,
      hedgeOffsetMs: 0,
      durationMs: 1,
      outcome: 'success'
    },
    {
      group: 'outdoor',
      mirror: 1,
      hedgeOffsetMs: 0,
      durationMs: 0,
      outcome: 'http-error',
      status: 503
    },
    {
      group: 'outdoor',
      mirror: 2,
      hedgeOffsetMs: 0,
      durationMs: 2,
      outcome: 'success'
    },
    {
      group: 'seasonal',
      mirror: 1,
      hedgeOffsetMs: 0,
      durationMs: 0,
      outcome: 'http-error',
      status: 503
    },
    {
      group: 'seasonal',
      mirror: 2,
      hedgeOffsetMs: 0,
      durationMs: 1,
      outcome: 'success'
    }
  ]
}
[discovery] provider-chain {
  mode: 'date-night',
  strategy: 'hedged',
  source: 'live',
  durationMs: 8,
  budgetExhausted: false,
  requestedGroups: 1,
  successfulGroups: 1,
  failedGroups: 0,
  partial: false,
  groups: [
    {
      group: 'seasonal',
      outcome: 'success',
      durationMs: 8,
      winnerMirror: 2
    }
  ],
  attempts: [
    {
      group: 'seasonal',
      mirror: 1,
      hedgeOffsetMs: 0,
      durationMs: 0,
      outcome: 'http-error',
      status: 503
    },
    {
      group: 'seasonal',
      mirror: 2,
      hedgeOffsetMs: 0,
      durationMs: 7,
      outcome: 'success'
    }
  ]
}
[discovery] provider-chain {
  mode: 'date-night',
  strategy: 'hedged',
  source: 'live',
  durationMs: 2,
  budgetExhausted: false,
  requestedGroups: 1,
  successfulGroups: 1,
  failedGroups: 0,
  partial: false,
  groups: [
    {
      group: 'seasonal',
      outcome: 'success',
      durationMs: 1,
      winnerMirror: 2
    }
  ],
  attempts: [
    {
      group: 'seasonal',
      mirror: 1,
      hedgeOffsetMs: 0,
      durationMs: 0,
      outcome: 'http-error',
      status: 503
    },
    {
      group: 'seasonal',
      mirror: 2,
      hedgeOffsetMs: 0,
      durationMs: 1,
      outcome: 'success'
    }
  ]
}
[discovery] provider-chain {
  mode: 'date-night',
  strategy: 'hedged',
  source: 'live',
  durationMs: 15,
  budgetExhausted: false,
  requestedGroups: 4,
  successfulGroups: 4,
  failedGroups: 0,
  partial: false,
  groups: [
    {
      group: 'seasonal',
      outcome: 'success',
      durationMs: 14,
      winnerMirror: 2
    },
    {
      group: 'entertainment',
      outcome: 'success',
      durationMs: 15,
      winnerMirror: 2
    },
    {
      group: 'culture',
      outcome: 'success',
      durationMs: 14,
      winnerMirror: 2
    },
    {
      group: 'outdoor',
      outcome: 'success',
      durationMs: 15,
      winnerMirror: 2
    }
  ],
  attempts: [
    {
      group: 'culture',
      mirror: 1,
      hedgeOffsetMs: 0,
      durationMs: 0,
      outcome: 'http-error',
      status: 503
    },
    {
      group: 'culture',
      mirror: 2,
      hedgeOffsetMs: 0,
      durationMs: 13,
      outcome: 'success'
    },
    {
      group: 'entertainment',
      mirror: 1,
      hedgeOffsetMs: 0,
      durationMs: 1,
      outcome: 'http-error',
      status: 503
    },
    {
      group: 'entertainment',
      mirror: 2,
      hedgeOffsetMs: 1,
      durationMs: 14,
      outcome: 'success'
    },
    {
      group: 'outdoor',
      mirror: 1,
      hedgeOffsetMs: 0,
      durationMs: 0,
      outcome: 'http-error',
      status: 503
    },
    {
      group: 'outdoor',
      mirror: 2,
      hedgeOffsetMs: 0,
      durationMs: 14,
      outcome: 'success'
    },
    {
      group: 'seasonal',
      mirror: 1,
      hedgeOffsetMs: 0,
      durationMs: 1,
      outcome: 'http-error',
      status: 503
    },
    {
      group: 'seasonal',
      mirror: 2,
      hedgeOffsetMs: 1,
      durationMs: 14,
      outcome: 'success'
    }
  ]
}
[discovery] provider-chain {
  mode: 'date-night',
  strategy: 'hedged',
  source: 'live',
  durationMs: 4,
  budgetExhausted: false,
  requestedGroups: 1,
  successfulGroups: 1,
  failedGroups: 0,
  partial: false,
  groups: [
    {
      group: 'culture',
      outcome: 'success',
      durationMs: 4,
      winnerMirror: 2
    }
  ],
  attempts: [
    {
      group: 'culture',
      mirror: 1,
      hedgeOffsetMs: 0,
      durationMs: 0,
      outcome: 'http-error',
      status: 503
    },
    {
      group: 'culture',
      mirror: 2,
      hedgeOffsetMs: 0,
      durationMs: 1,
      outcome: 'success'
    }
  ]
}
[discovery] provider-chain {
  mode: 'date-night',
  strategy: 'hedged',
  source: 'live',
  durationMs: 1,
  budgetExhausted: false,
  requestedGroups: 1,
  successfulGroups: 1,
  failedGroups: 0,
  partial: false,
  groups: [
    {
      group: 'culture',
      outcome: 'success',
      durationMs: 1,
      winnerMirror: 2
    }
  ],
  attempts: [
    {
      group: 'culture',
      mirror: 1,
      hedgeOffsetMs: 0,
      durationMs: 0,
      outcome: 'http-error',
      status: 503
    },
    {
      group: 'culture',
      mirror: 2,
      hedgeOffsetMs: 0,
      durationMs: 1,
      outcome: 'success'
    }
  ]
}
[discovery] provider-chain {
  mode: 'date-night',
  strategy: 'hedged',
  source: 'live',
  durationMs: 3,
  budgetExhausted: false,
  requestedGroups: 4,
  successfulGroups: 4,
  failedGroups: 0,
  partial: false,
  groups: [
    {
      group: 'seasonal',
      outcome: 'success',
      durationMs: 3,
      winnerMirror: 2
    },
    {
      group: 'entertainment',
      outcome: 'success',
      durationMs: 3,
      winnerMirror: 2
    },
    {
      group: 'culture',
      outcome: 'success',
      durationMs: 2,
      winnerMirror: 2
    },
    {
      group: 'outdoor',
      outcome: 'success',
      durationMs: 3,
      winnerMirror: 2
    }
  ],
  attempts: [
    {
      group: 'culture',
      mirror: 1,
      hedgeOffsetMs: 0,
      durationMs: 1,
      outcome: 'http-error',
      status: 503
    },
    {
      group: 'culture',
      mirror: 2,
      hedgeOffsetMs: 1,
      durationMs: 1,
      outcome: 'success'
    },
    {
      group: 'entertainment',
      mirror: 1,
      hedgeOffsetMs: 0,
      durationMs: 1,
      outcome: 'http-error',
      status: 503
    },
    {
      group: 'entertainment',
      mirror: 2,
      hedgeOffsetMs: 1,
      durationMs: 2,
      outcome: 'success'
    },
    {
      group: 'outdoor',
      mirror: 1,
      hedgeOffsetMs: 0,
      durationMs: 1,
      outcome: 'http-error',
      status: 503
    },
    {
      group: 'outdoor',
      mirror: 2,
      hedgeOffsetMs: 1,
      durationMs: 2,
      outcome: 'success'
    },
    {
      group: 'seasonal',
      mirror: 1,
      hedgeOffsetMs: 0,
      durationMs: 1,
      outcome: 'http-error',
      status: 503
    },
    {
      group: 'seasonal',
      mirror: 2,
      hedgeOffsetMs: 2,
      durationMs: 1,
      outcome: 'success'
    }
  ]
}
[discovery] provider-chain {
  mode: 'date-night',
  strategy: 'hedged',
  source: 'live',
  durationMs: 1,
  budgetExhausted: false,
  requestedGroups: 1,
  successfulGroups: 1,
  failedGroups: 0,
  partial: false,
  groups: [
    {
      group: 'culture',
      outcome: 'success',
      durationMs: 1,
      winnerMirror: 2
    }
  ],
  attempts: [
    {
      group: 'culture',
      mirror: 1,
      hedgeOffsetMs: 0,
      durationMs: 0,
      outcome: 'http-error',
      status: 503
    },
    {
      group: 'culture',
      mirror: 2,
      hedgeOffsetMs: 0,
      durationMs: 0,
      outcome: 'success'
    }
  ]
}
[discovery] provider-chain {
  mode: 'date-night',
  strategy: 'hedged',
  source: 'live',
  durationMs: 1,
  budgetExhausted: false,
  requestedGroups: 1,
  successfulGroups: 1,
  failedGroups: 0,
  partial: false,
  groups: [
    {
      group: 'culture',
      outcome: 'success',
      durationMs: 1,
      winnerMirror: 2
    }
  ],
  attempts: [
    {
      group: 'culture',
      mirror: 1,
      hedgeOffsetMs: 0,
      durationMs: 0,
      outcome: 'http-error',
      status: 503
    },
    {
      group: 'culture',
      mirror: 2,
      hedgeOffsetMs: 0,
      durationMs: 0,
      outcome: 'success'
    }
  ]
}
[discovery] provider-chain {
  mode: 'date-night',
  strategy: 'hedged',
  source: 'live',
  durationMs: 2,
  budgetExhausted: false,
  requestedGroups: 4,
  successfulGroups: 4,
  failedGroups: 0,
  partial: false,
  groups: [
    {
      group: 'seasonal',
      outcome: 'success',
      durationMs: 2,
      winnerMirror: 2
    },
    {
      group: 'entertainment',
      outcome: 'success',
      durationMs: 2,
      winnerMirror: 2
    },
    {
      group: 'culture',
      outcome: 'success',
      durationMs: 1,
      winnerMirror: 2
    },
    {
      group: 'outdoor',
      outcome: 'success',
      durationMs: 2,
      winnerMirror: 2
    }
  ],
  attempts: [
    {
      group: 'culture',
      mirror: 1,
      hedgeOffsetMs: 0,
      durationMs: 0,
      outcome: 'http-error',
      status: 503
    },
    {
      group: 'culture',
      mirror: 2,
      hedgeOffsetMs: 0,
      durationMs: 1,
      outcome: 'success'
    },
    {
      group: 'entertainment',
      mirror: 1,
      hedgeOffsetMs: 0,
      durationMs: 0,
      outcome: 'http-error',
      status: 503
    },
    {
      group: 'entertainment',
      mirror: 2,
      hedgeOffsetMs: 0,
      durationMs: 1,
      outcome: 'success'
    },
    {
      group: 'outdoor',
      mirror: 1,
      hedgeOffsetMs: 0,
      durationMs: 0,
      outcome: 'http-error',
      status: 503
    },
    {
      group: 'outdoor',
      mirror: 2,
      hedgeOffsetMs: 0,
      durationMs: 2,
      outcome: 'success'
    },
    {
      group: 'seasonal',
      mirror: 1,
      hedgeOffsetMs: 0,
      durationMs: 0,
      outcome: 'http-error',
      status: 503
    },
    {
      group: 'seasonal',
      mirror: 2,
      hedgeOffsetMs: 0,
      durationMs: 1,
      outcome: 'success'
    }
  ]
}
[discovery] provider-chain {
  mode: 'date-night',
  strategy: 'hedged',
  source: 'live',
  durationMs: 1,
  budgetExhausted: false,
  requestedGroups: 1,
  successfulGroups: 1,
  failedGroups: 0,
  partial: false,
  groups: [
    {
      group: 'culture',
      outcome: 'success',
      durationMs: 1,
      winnerMirror: 2
    }
  ],
  attempts: [
    {
      group: 'culture',
      mirror: 1,
      hedgeOffsetMs: 0,
      durationMs: 0,
      outcome: 'http-error',
      status: 503
    },
    {
      group: 'culture',
      mirror: 2,
      hedgeOffsetMs: 0,
      durationMs: 0,
      outcome: 'success'
    }
  ]
}
[discovery] provider-chain {
  mode: 'date-night',
  strategy: 'hedged',
  source: 'live',
  durationMs: 2,
  budgetExhausted: false,
  requestedGroups: 2,
  successfulGroups: 2,
  failedGroups: 0,
  partial: false,
  groups: [
    {
      group: 'entertainment',
      outcome: 'success',
      durationMs: 2,
      winnerMirror: 2
    },
    {
      group: 'culture',
      outcome: 'success',
      durationMs: 2,
      winnerMirror: 2
    }
  ],
  attempts: [
    {
      group: 'culture',
      mirror: 1,
      hedgeOffsetMs: 0,
      durationMs: 0,
      outcome: 'http-error',
      status: 503
    },
    {
      group: 'culture',
      mirror: 2,
      hedgeOffsetMs: 0,
      durationMs: 1,
      outcome: 'success'
    },
    {
      group: 'entertainment',
      mirror: 1,
      hedgeOffsetMs: 0,
      durationMs: 1,
      outcome: 'http-error',
      status: 503
    },
    {
      group: 'entertainment',
      mirror: 2,
      hedgeOffsetMs: 1,
      durationMs: 1,
      outcome: 'success'
    }
  ]
}
[discovery] provider-chain {
  mode: 'date-night',
  strategy: 'hedged',
  source: 'live',
  durationMs: 11,
  budgetExhausted: false,
  requestedGroups: 4,
  successfulGroups: 4,
  failedGroups: 0,
  partial: false,
  groups: [
    {
      group: 'seasonal',
      outcome: 'success',
      durationMs: 5,
      winnerMirror: 2
    },
    {
      group: 'entertainment',
      outcome: 'success',
      durationMs: 7,
      winnerMirror: 2
    },
    {
      group: 'culture',
      outcome: 'success',
      durationMs: 3,
      winnerMirror: 2
    },
    {
      group: 'outdoor',
      outcome: 'success',
      durationMs: 11,
      winnerMirror: 2
    }
  ],
  attempts: [
    {
      group: 'culture',
      mirror: 1,
      hedgeOffsetMs: 0,
      durationMs: 0,
      outcome: 'http-error',
      status: 503
    },
    {
      group: 'culture',
      mirror: 2,
      hedgeOffsetMs: 0,
      durationMs: 2,
      outcome: 'success'
    },
    {
      group: 'entertainment',
      mirror: 1,
      hedgeOffsetMs: 0,
      durationMs: 0,
      outcome: 'http-error',
      status: 503
    },
    {
      group: 'entertainment',
      mirror: 2,
      hedgeOffsetMs: 0,
      durationMs: 6,
      outcome: 'success'
    },
    {
      group: 'outdoor',
      mirror: 1,
      hedgeOffsetMs: 0,
      durationMs: 0,
      outcome: 'http-error',
      status: 503
    },
    {
      group: 'outdoor',
      mirror: 2,
      hedgeOffsetMs: 0,
      durationMs: 10,
      outcome: 'success'
    },
    {
      group: 'seasonal',
      mirror: 1,
      hedgeOffsetMs: 0,
      durationMs: 0,
      outcome: 'http-error',
      status: 503
    },
    {
      group: 'seasonal',
      mirror: 2,
      hedgeOffsetMs: 0,
      durationMs: 4,
      outcome: 'success'
    }
  ]
}
✔ real handler removed: forward/reverse seasonal and ordinary flags, result order, later mirror (97.597445ms)
✔ real handler removed: reconstructed contextual seasonal evidence and ordinary namespace parity (17.628301ms)
[discovery] provider-chain {
  mode: 'date-night',
  strategy: 'hedged',
  source: 'live',
  durationMs: 2,
  budgetExhausted: false,
  requestedGroups: 1,
  successfulGroups: 1,
  failedGroups: 0,
  partial: false,
  groups: [
    {
      group: 'seasonal',
      outcome: 'success',
      durationMs: 2,
      winnerMirror: 2
    }
  ],
  attempts: [
    {
      group: 'seasonal',
      mirror: 1,
      hedgeOffsetMs: 0,
      durationMs: 0,
      outcome: 'http-error',
      status: 503
    },
    {
      group: 'seasonal',
      mirror: 2,
      hedgeOffsetMs: 0,
      durationMs: 2,
      outcome: 'success'
    }
  ]
}
[discovery] provider-chain {
  mode: 'date-night',
  strategy: 'hedged',
  source: 'live',
  durationMs: 2,
  budgetExhausted: false,
  requestedGroups: 1,
  successfulGroups: 1,
  failedGroups: 0,
  partial: false,
  groups: [
    {
      group: 'seasonal',
      outcome: 'success',
      durationMs: 2,
      winnerMirror: 2
    }
  ],
  attempts: [
    {
      group: 'seasonal',
      mirror: 1,
      hedgeOffsetMs: 0,
      durationMs: 0,
      outcome: 'http-error',
      status: 503
    },
    {
      group: 'seasonal',
      mirror: 2,
      hedgeOffsetMs: 0,
      durationMs: 2,
      outcome: 'success'
    }
  ]
}
[discovery] provider-chain {
  mode: 'date-night',
  strategy: 'hedged',
  source: 'live',
  durationMs: 15,
  budgetExhausted: false,
  requestedGroups: 4,
  successfulGroups: 4,
  failedGroups: 0,
  partial: false,
  groups: [
    {
      group: 'seasonal',
      outcome: 'success',
      durationMs: 13,
      winnerMirror: 2
    },
    {
      group: 'entertainment',
      outcome: 'success',
      durationMs: 14,
      winnerMirror: 2
    },
    {
      group: 'culture',
      outcome: 'success',
      durationMs: 6,
      winnerMirror: 2
    },
    {
      group: 'outdoor',
      outcome: 'success',
      durationMs: 14,
      winnerMirror: 2
    }
  ],
  attempts: [
    {
      group: 'culture',
      mirror: 1,
      hedgeOffsetMs: 0,
      durationMs: 1,
      outcome: 'http-error',
      status: 503
    },
    {
      group: 'culture',
      mirror: 2,
      hedgeOffsetMs: 1,
      durationMs: 5,
      outcome: 'success'
    },
    {
      group: 'entertainment',
      mirror: 1,
      hedgeOffsetMs: 0,
      durationMs: 1,
      outcome: 'http-error',
      status: 503
    },
    {
      group: 'entertainment',
      mirror: 2,
      hedgeOffsetMs: 1,
      durationMs: 13,
      outcome: 'success'
    },
    {
      group: 'outdoor',
      mirror: 1,
      hedgeOffsetMs: 0,
      durationMs: 1,
      outcome: 'http-error',
      status: 503
    },
    {
      group: 'outdoor',
      mirror: 2,
      hedgeOffsetMs: 1,
      durationMs: 14,
      outcome: 'success'
    },
    {
      group: 'seasonal',
      mirror: 1,
      hedgeOffsetMs: 0,
      durationMs: 1,
      outcome: 'http-error',
      status: 503
    },
    {
      group: 'seasonal',
      mirror: 2,
      hedgeOffsetMs: 1,
      durationMs: 12,
      outcome: 'success'
    }
  ]
}
[discovery] provider-chain {
  mode: 'date-night',
  strategy: 'hedged',
  source: 'live',
  durationMs: 1,
  budgetExhausted: false,
  requestedGroups: 1,
  successfulGroups: 1,
  failedGroups: 0,
  partial: false,
  groups: [
    {
      group: 'seasonal',
      outcome: 'success',
      durationMs: 1,
      winnerMirror: 2
    }
  ],
  attempts: [
    {
      group: 'seasonal',
      mirror: 1,
      hedgeOffsetMs: 0,
      durationMs: 0,
      outcome: 'http-error',
      status: 503
    },
    {
      group: 'seasonal',
      mirror: 2,
      hedgeOffsetMs: 0,
      durationMs: 0,
      outcome: 'success'
    }
  ]
}
[discovery] provider-chain {
  mode: 'date-night',
  strategy: 'hedged',
  source: 'live',
  durationMs: 1,
  budgetExhausted: false,
  requestedGroups: 1,
  successfulGroups: 1,
  failedGroups: 0,
  partial: false,
  groups: [
    {
      group: 'seasonal',
      outcome: 'success',
      durationMs: 1,
      winnerMirror: 2
    }
  ],
  attempts: [
    {
      group: 'seasonal',
      mirror: 1,
      hedgeOffsetMs: 0,
      durationMs: 0,
      outcome: 'http-error',
      status: 503
    },
    {
      group: 'seasonal',
      mirror: 2,
      hedgeOffsetMs: 0,
      durationMs: 1,
      outcome: 'success'
    }
  ]
}
[discovery] provider-chain {
  mode: 'date-night',
  strategy: 'hedged',
  source: 'live',
  durationMs: 2,
  budgetExhausted: false,
  requestedGroups: 4,
  successfulGroups: 4,
  failedGroups: 0,
  partial: false,
  groups: [
    {
      group: 'seasonal',
      outcome: 'success',
      durationMs: 2,
      winnerMirror: 2
    },
    {
      group: 'entertainment',
      outcome: 'success',
      durationMs: 2,
      winnerMirror: 2
    },
    {
      group: 'culture',
      outcome: 'success',
      durationMs: 1,
      winnerMirror: 2
    },
    {
      group: 'outdoor',
      outcome: 'success',
      durationMs: 2,
      winnerMirror: 2
    }
  ],
  attempts: [
    {
      group: 'culture',
      mirror: 1,
      hedgeOffsetMs: 0,
      durationMs: 0,
      outcome: 'http-error',
      status: 503
    },
    {
      group: 'culture',
      mirror: 2,
      hedgeOffsetMs: 0,
      durationMs: 1,
      outcome: 'success'
    },
    {
      group: 'entertainment',
      mirror: 1,
      hedgeOffsetMs: 0,
      durationMs: 0,
      outcome: 'http-error',
      status: 503
    },
    {
      group: 'entertainment',
      mirror: 2,
      hedgeOffsetMs: 0,
      durationMs: 1,
      outcome: 'success'
    },
    {
      group: 'outdoor',
      mirror: 1,
      hedgeOffsetMs: 0,
      durationMs: 0,
      outcome: 'http-error',
      status: 503
    },
    {
      group: 'outdoor',
      mirror: 2,
      hedgeOffsetMs: 0,
      durationMs: 2,
      outcome: 'success'
    },
    {
      group: 'seasonal',
      mirror: 1,
      hedgeOffsetMs: 0,
      durationMs: 0,
      outcome: 'http-error',
      status: 503
    },
    {
      group: 'seasonal',
      mirror: 2,
      hedgeOffsetMs: 0,
      durationMs: 1,
      outcome: 'success'
    }
  ]
}
[discovery] provider-chain {
  mode: 'date-night',
  strategy: 'hedged',
  source: 'live',
  durationMs: 1,
  budgetExhausted: false,
  requestedGroups: 1,
  successfulGroups: 1,
  failedGroups: 0,
  partial: false,
  groups: [
    {
      group: 'culture',
      outcome: 'success',
      durationMs: 1,
      winnerMirror: 2
    }
  ],
  attempts: [
    {
      group: 'culture',
      mirror: 1,
      hedgeOffsetMs: 0,
      durationMs: 0,
      outcome: 'http-error',
      status: 503
    },
    {
      group: 'culture',
      mirror: 2,
      hedgeOffsetMs: 0,
      durationMs: 1,
      outcome: 'success'
    }
  ]
}
[discovery] provider-chain {
  mode: 'date-night',
  strategy: 'hedged',
  source: 'live',
  durationMs: 1,
  budgetExhausted: false,
  requestedGroups: 1,
  successfulGroups: 1,
  failedGroups: 0,
  partial: false,
  groups: [
    {
      group: 'culture',
      outcome: 'success',
      durationMs: 1,
      winnerMirror: 2
    }
  ],
  attempts: [
    {
      group: 'culture',
      mirror: 1,
      hedgeOffsetMs: 0,
      durationMs: 0,
      outcome: 'http-error',
      status: 503
    },
    {
      group: 'culture',
      mirror: 2,
      hedgeOffsetMs: 0,
      durationMs: 0,
      outcome: 'success'
    }
  ]
}
[discovery] provider-chain {
  mode: 'date-night',
  strategy: 'hedged',
  source: 'live',
  durationMs: 4,
  budgetExhausted: false,
  requestedGroups: 4,
  successfulGroups: 4,
  failedGroups: 0,
  partial: false,
  groups: [
    {
      group: 'seasonal',
      outcome: 'success',
      durationMs: 3,
      winnerMirror: 2
    },
    {
      group: 'entertainment',
      outcome: 'success',
      durationMs: 3,
      winnerMirror: 2
    },
    {
      group: 'culture',
      outcome: 'success',
      durationMs: 1,
      winnerMirror: 2
    },
    {
      group: 'outdoor',
      outcome: 'success',
      durationMs: 4,
      winnerMirror: 2
    }
  ],
  attempts: [
    {
      group: 'culture',
      mirror: 1,
      hedgeOffsetMs: 0,
      durationMs: 0,
      outcome: 'http-error',
      status: 503
    },
    {
      group: 'culture',
      mirror: 2,
      hedgeOffsetMs: 0,
      durationMs: 1,
      outcome: 'success'
    },
    {
      group: 'entertainment',
      mirror: 1,
      hedgeOffsetMs: 0,
      durationMs: 0,
      outcome: 'http-error',
      status: 503
    },
    {
      group: 'entertainment',
      mirror: 2,
      hedgeOffsetMs: 0,
      durationMs: 3,
      outcome: 'success'
    },
    {
      group: 'outdoor',
      mirror: 1,
      hedgeOffsetMs: 0,
      durationMs: 0,
      outcome: 'http-error',
      status: 503
    },
    {
      group: 'outdoor',
      mirror: 2,
      hedgeOffsetMs: 0,
      durationMs: 3,
      outcome: 'success'
    },
    {
      group: 'seasonal',
      mirror: 1,
      hedgeOffsetMs: 0,
      durationMs: 0,
      outcome: 'http-error',
      status: 503
    },
    {
      group: 'seasonal',
      mirror: 2,
      hedgeOffsetMs: 0,
      durationMs: 3,
      outcome: 'success'
    }
  ]
}
[discovery] provider-chain {
  mode: 'date-night',
  strategy: 'hedged',
  source: 'live',
  durationMs: 2,
  budgetExhausted: false,
  requestedGroups: 1,
  successfulGroups: 1,
  failedGroups: 0,
  partial: false,
  groups: [
    {
      group: 'culture',
      outcome: 'success',
      durationMs: 2,
      winnerMirror: 2
    }
  ],
  attempts: [
    {
      group: 'culture',
      mirror: 1,
      hedgeOffsetMs: 0,
      durationMs: 0,
      outcome: 'http-error',
      status: 503
    },
    {
      group: 'culture',
      mirror: 2,
      hedgeOffsetMs: 0,
      durationMs: 1,
      outcome: 'success'
    }
  ]
}
[discovery] provider-chain {
  mode: 'date-night',
  strategy: 'hedged',
  source: 'live',
  durationMs: 2,
  budgetExhausted: false,
  requestedGroups: 1,
  successfulGroups: 1,
  failedGroups: 0,
  partial: false,
  groups: [
    {
      group: 'culture',
      outcome: 'success',
      durationMs: 1,
      winnerMirror: 2
    }
  ],
  attempts: [
    {
      group: 'culture',
      mirror: 1,
      hedgeOffsetMs: 0,
      durationMs: 0,
      outcome: 'http-error',
      status: 503
    },
    {
      group: 'culture',
      mirror: 2,
      hedgeOffsetMs: 0,
      durationMs: 1,
      outcome: 'success'
    }
  ]
}
[discovery] provider-chain {
  mode: 'date-night',
  strategy: 'hedged',
  source: 'live',
  durationMs: 11,
  budgetExhausted: false,
  requestedGroups: 4,
  successfulGroups: 4,
  failedGroups: 0,
  partial: false,
  groups: [
    {
      group: 'seasonal',
      outcome: 'success',
      durationMs: 10,
      winnerMirror: 2
    },
    {
      group: 'entertainment',
      outcome: 'success',
      durationMs: 10,
      winnerMirror: 2
    },
    {
      group: 'culture',
      outcome: 'success',
      durationMs: 3,
      winnerMirror: 2
    },
    {
      group: 'outdoor',
      outcome: 'success',
      durationMs: 10,
      winnerMirror: 2
    }
  ],
  attempts: [
    {
      group: 'culture',
      mirror: 1,
      hedgeOffsetMs: 0,
      durationMs: 1,
      outcome: 'http-error',
      status: 503
    },
    {
      group: 'culture',
      mirror: 2,
      hedgeOffsetMs: 1,
      durationMs: 2,
      outcome: 'success'
    },
    {
      group: 'entertainment',
      mirror: 1,
      hedgeOffsetMs: 0,
      durationMs: 1,
      outcome: 'http-error',
      status: 503
    },
    {
      group: 'entertainment',
      mirror: 2,
      hedgeOffsetMs: 1,
      durationMs: 9,
      outcome: 'success'
    },
    {
      group: 'outdoor',
      mirror: 1,
      hedgeOffsetMs: 0,
      durationMs: 1,
      outcome: 'http-error',
      status: 503
    },
    {
      group: 'outdoor',
      mirror: 2,
      hedgeOffsetMs: 1,
      durationMs: 10,
      outcome: 'success'
    },
    {
      group: 'seasonal',
      mirror: 1,
      hedgeOffsetMs: 0,
      durationMs: 1,
      outcome: 'http-error',
      status: 503
    },
    {
      group: 'seasonal',
      mirror: 2,
      hedgeOffsetMs: 1,
      durationMs: 9,
      outcome: 'success'
    }
  ]
}
[discovery] provider-chain {
  mode: 'date-night',
  strategy: 'hedged',
  source: 'live',
  durationMs: 1,
  budgetExhausted: false,
  requestedGroups: 1,
  successfulGroups: 1,
  failedGroups: 0,
  partial: false,
  groups: [
    {
      group: 'culture',
      outcome: 'success',
      durationMs: 1,
      winnerMirror: 2
    }
  ],
  attempts: [
    {
      group: 'culture',
      mirror: 1,
      hedgeOffsetMs: 0,
      durationMs: 0,
      outcome: 'http-error',
      status: 503
    },
    {
      group: 'culture',
      mirror: 2,
      hedgeOffsetMs: 0,
      durationMs: 0,
      outcome: 'success'
    }
  ]
}
[discovery] provider-chain {
  mode: 'date-night',
  strategy: 'hedged',
  source: 'live',
  durationMs: 2,
  budgetExhausted: false,
  requestedGroups: 2,
  successfulGroups: 2,
  failedGroups: 0,
  partial: false,
  groups: [
    {
      group: 'entertainment',
      outcome: 'success',
      durationMs: 1,
      winnerMirror: 2
    },
    {
      group: 'culture',
      outcome: 'success',
      durationMs: 1,
      winnerMirror: 2
    }
  ],
  attempts: [
    {
      group: 'culture',
      mirror: 1,
      hedgeOffsetMs: 0,
      durationMs: 0,
      outcome: 'http-error',
      status: 503
    },
    {
      group: 'culture',
      mirror: 2,
      hedgeOffsetMs: 0,
      durationMs: 1,
      outcome: 'success'
    },
    {
      group: 'entertainment',
      mirror: 1,
      hedgeOffsetMs: 0,
      durationMs: 0,
      outcome: 'http-error',
      status: 503
    },
    {
      group: 'entertainment',
      mirror: 2,
      hedgeOffsetMs: 0,
      durationMs: 1,
      outcome: 'success'
    }
  ]
}
[discovery] provider-chain {
  mode: 'date-night',
  strategy: 'hedged',
  source: 'live',
  durationMs: 3,
  budgetExhausted: false,
  requestedGroups: 4,
  successfulGroups: 4,
  failedGroups: 0,
  partial: false,
  groups: [
    {
      group: 'seasonal',
      outcome: 'success',
      durationMs: 2,
      winnerMirror: 2
    },
    {
      group: 'entertainment',
      outcome: 'success',
      durationMs: 2,
      winnerMirror: 2
    },
    {
      group: 'culture',
      outcome: 'success',
      durationMs: 1,
      winnerMirror: 2
    },
    {
      group: 'outdoor',
      outcome: 'success',
      durationMs: 3,
      winnerMirror: 2
    }
  ],
  attempts: [
    {
      group: 'culture',
      mirror: 1,
      hedgeOffsetMs: 0,
      durationMs: 0,
      outcome: 'http-error',
      status: 503
    },
    {
      group: 'culture',
      mirror: 2,
      hedgeOffsetMs: 0,
      durationMs: 1,
      outcome: 'success'
    },
    {
      group: 'entertainment',
      mirror: 1,
      hedgeOffsetMs: 0,
      durationMs: 0,
      outcome: 'http-error',
      status: 503
    },
    {
      group: 'entertainment',
      mirror: 2,
      hedgeOffsetMs: 0,
      durationMs: 2,
      outcome: 'success'
    },
    {
      group: 'outdoor',
      mirror: 1,
      hedgeOffsetMs: 0,
      durationMs: 0,
      outcome: 'http-error',
      status: 503
    },
    {
      group: 'outdoor',
      mirror: 2,
      hedgeOffsetMs: 0,
      durationMs: 2,
      outcome: 'success'
    },
    {
      group: 'seasonal',
      mirror: 1,
      hedgeOffsetMs: 0,
      durationMs: 0,
      outcome: 'http-error',
      status: 503
    },
    {
      group: 'seasonal',
      mirror: 2,
      hedgeOffsetMs: 1,
      durationMs: 2,
      outcome: 'success'
    }
  ]
}
✔ real handler razed: forward/reverse seasonal and ordinary flags, result order, later mirror (81.049839ms)
✔ real handler razed: reconstructed contextual seasonal evidence and ordinary namespace parity (12.776751ms)
[discovery] provider-chain {
  mode: 'date-night',
  strategy: 'hedged',
  source: 'live',
  durationMs: 1,
  budgetExhausted: false,
  requestedGroups: 1,
  successfulGroups: 1,
  failedGroups: 0,
  partial: false,
  groups: [
    {
      group: 'seasonal',
      outcome: 'success',
      durationMs: 1,
      winnerMirror: 2
    }
  ],
  attempts: [
    {
      group: 'seasonal',
      mirror: 1,
      hedgeOffsetMs: 0,
      durationMs: 0,
      outcome: 'http-error',
      status: 503
    },
    {
      group: 'seasonal',
      mirror: 2,
      hedgeOffsetMs: 0,
      durationMs: 0,
      outcome: 'success'
    }
  ]
}
[discovery] provider-chain {
  mode: 'date-night',
  strategy: 'hedged',
  source: 'live',
  durationMs: 1,
  budgetExhausted: false,
  requestedGroups: 1,
  successfulGroups: 1,
  failedGroups: 0,
  partial: false,
  groups: [
    {
      group: 'seasonal',
      outcome: 'success',
      durationMs: 1,
      winnerMirror: 2
    }
  ],
  attempts: [
    {
      group: 'seasonal',
      mirror: 1,
      hedgeOffsetMs: 0,
      durationMs: 0,
      outcome: 'http-error',
      status: 503
    },
    {
      group: 'seasonal',
      mirror: 2,
      hedgeOffsetMs: 0,
      durationMs: 1,
      outcome: 'success'
    }
  ]
}
[discovery] provider-chain {
  mode: 'date-night',
  strategy: 'hedged',
  source: 'live',
  durationMs: 2,
  budgetExhausted: false,
  requestedGroups: 4,
  successfulGroups: 4,
  failedGroups: 0,
  partial: false,
  groups: [
    {
      group: 'seasonal',
      outcome: 'success',
      durationMs: 2,
      winnerMirror: 2
    },
    {
      group: 'entertainment',
      outcome: 'success',
      durationMs: 2,
      winnerMirror: 2
    },
    {
      group: 'culture',
      outcome: 'success',
      durationMs: 1,
      winnerMirror: 2
    },
    {
      group: 'outdoor',
      outcome: 'success',
      durationMs: 2,
      winnerMirror: 2
    }
  ],
  attempts: [
    {
      group: 'culture',
      mirror: 1,
      hedgeOffsetMs: 0,
      durationMs: 0,
      outcome: 'http-error',
      status: 503
    },
    {
      group: 'culture',
      mirror: 2,
      hedgeOffsetMs: 0,
      durationMs: 1,
      outcome: 'success'
    },
    {
      group: 'entertainment',
      mirror: 1,
      hedgeOffsetMs: 0,
      durationMs: 0,
      outcome: 'http-error',
      status: 503
    },
    {
      group: 'entertainment',
      mirror: 2,
      hedgeOffsetMs: 0,
      durationMs: 2,
      outcome: 'success'
    },
    {
      group: 'outdoor',
      mirror: 1,
      hedgeOffsetMs: 0,
      durationMs: 0,
      outcome: 'http-error',
      status: 503
    },
    {
      group: 'outdoor',
      mirror: 2,
      hedgeOffsetMs: 0,
      durationMs: 2,
      outcome: 'success'
    },
    {
      group: 'seasonal',
      mirror: 1,
      hedgeOffsetMs: 0,
      durationMs: 0,
      outcome: 'http-error',
      status: 503
    },
    {
      group: 'seasonal',
      mirror: 2,
      hedgeOffsetMs: 0,
      durationMs: 1,
      outcome: 'success'
    }
  ]
}
[discovery] provider-chain {
  mode: 'date-night',
  strategy: 'hedged',
  source: 'live',
  durationMs: 1,
  budgetExhausted: false,
  requestedGroups: 1,
  successfulGroups: 1,
  failedGroups: 0,
  partial: false,
  groups: [
    {
      group: 'seasonal',
      outcome: 'success',
      durationMs: 1,
      winnerMirror: 2
    }
  ],
  attempts: [
    {
      group: 'seasonal',
      mirror: 1,
      hedgeOffsetMs: 0,
      durationMs: 0,
      outcome: 'http-error',
      status: 503
    },
    {
      group: 'seasonal',
      mirror: 2,
      hedgeOffsetMs: 0,
      durationMs: 0,
      outcome: 'success'
    }
  ]
}
[discovery] provider-chain {
  mode: 'date-night',
  strategy: 'hedged',
  source: 'live',
  durationMs: 1,
  budgetExhausted: false,
  requestedGroups: 1,
  successfulGroups: 1,
  failedGroups: 0,
  partial: false,
  groups: [
    {
      group: 'seasonal',
      outcome: 'success',
      durationMs: 1,
      winnerMirror: 2
    }
  ],
  attempts: [
    {
      group: 'seasonal',
      mirror: 1,
      hedgeOffsetMs: 0,
      durationMs: 0,
      outcome: 'http-error',
      status: 503
    },
    {
      group: 'seasonal',
      mirror: 2,
      hedgeOffsetMs: 0,
      durationMs: 0,
      outcome: 'success'
    }
  ]
}
[discovery] provider-chain {
  mode: 'date-night',
  strategy: 'hedged',
  source: 'live',
  durationMs: 4,
  budgetExhausted: false,
  requestedGroups: 4,
  successfulGroups: 4,
  failedGroups: 0,
  partial: false,
  groups: [
    {
      group: 'seasonal',
      outcome: 'success',
      durationMs: 3,
      winnerMirror: 2
    },
    {
      group: 'entertainment',
      outcome: 'success',
      durationMs: 3,
      winnerMirror: 2
    },
    {
      group: 'culture',
      outcome: 'success',
      durationMs: 2,
      winnerMirror: 2
    },
    {
      group: 'outdoor',
      outcome: 'success',
      durationMs: 3,
      winnerMirror: 2
    }
  ],
  attempts: [
    {
      group: 'culture',
      mirror: 1,
      hedgeOffsetMs: 0,
      durationMs: 0,
      outcome: 'http-error',
      status: 503
    },
    {
      group: 'culture',
      mirror: 2,
      hedgeOffsetMs: 0,
      durationMs: 2,
      outcome: 'success'
    },
    {
      group: 'entertainment',
      mirror: 1,
      hedgeOffsetMs: 0,
      durationMs: 0,
      outcome: 'http-error',
      status: 503
    },
    {
      group: 'entertainment',
      mirror: 2,
      hedgeOffsetMs: 0,
      durationMs: 3,
      outcome: 'success'
    },
    {
      group: 'outdoor',
      mirror: 1,
      hedgeOffsetMs: 0,
      durationMs: 0,
      outcome: 'http-error',
      status: 503
    },
    {
      group: 'outdoor',
      mirror: 2,
      hedgeOffsetMs: 0,
      durationMs: 3,
      outcome: 'success'
    },
    {
      group: 'seasonal',
      mirror: 1,
      hedgeOffsetMs: 0,
      durationMs: 0,
      outcome: 'http-error',
      status: 503
    },
    {
      group: 'seasonal',
      mirror: 2,
      hedgeOffsetMs: 0,
      durationMs: 2,
      outcome: 'success'
    }
  ]
}
[discovery] provider-chain {
  mode: 'date-night',
  strategy: 'hedged',
  source: 'live',
  durationMs: 1,
  budgetExhausted: false,
  requestedGroups: 1,
  successfulGroups: 1,
  failedGroups: 0,
  partial: false,
  groups: [
    {
      group: 'culture',
      outcome: 'success',
      durationMs: 1,
      winnerMirror: 2
    }
  ],
  attempts: [
    {
      group: 'culture',
      mirror: 1,
      hedgeOffsetMs: 0,
      durationMs: 0,
      outcome: 'http-error',
      status: 503
    },
    {
      group: 'culture',
      mirror: 2,
      hedgeOffsetMs: 0,
      durationMs: 0,
      outcome: 'success'
    }
  ]
}
[discovery] provider-chain {
  mode: 'date-night',
  strategy: 'hedged',
  source: 'live',
  durationMs: 1,
  budgetExhausted: false,
  requestedGroups: 1,
  successfulGroups: 1,
  failedGroups: 0,
  partial: false,
  groups: [
    {
      group: 'culture',
      outcome: 'success',
      durationMs: 1,
      winnerMirror: 2
    }
  ],
  attempts: [
    {
      group: 'culture',
      mirror: 1,
      hedgeOffsetMs: 0,
      durationMs: 0,
      outcome: 'http-error',
      status: 503
    },
    {
      group: 'culture',
      mirror: 2,
      hedgeOffsetMs: 0,
      durationMs: 0,
      outcome: 'success'
    }
  ]
}
[discovery] provider-chain {
  mode: 'date-night',
  strategy: 'hedged',
  source: 'live',
  durationMs: 2,
  budgetExhausted: false,
  requestedGroups: 4,
  successfulGroups: 4,
  failedGroups: 0,
  partial: false,
  groups: [
    {
      group: 'seasonal',
      outcome: 'success',
      durationMs: 2,
      winnerMirror: 2
    },
    {
      group: 'entertainment',
      outcome: 'success',
      durationMs: 2,
      winnerMirror: 2
    },
    {
      group: 'culture',
      outcome: 'success',
      durationMs: 1,
      winnerMirror: 2
    },
    {
      group: 'outdoor',
      outcome: 'success',
      durationMs: 2,
      winnerMirror: 2
    }
  ],
  attempts: [
    {
      group: 'culture',
      mirror: 1,
      hedgeOffsetMs: 0,
      durationMs: 0,
      outcome: 'http-error',
      status: 503
    },
    {
      group: 'culture',
      mirror: 2,
      hedgeOffsetMs: 0,
      durationMs: 1,
      outcome: 'success'
    },
    {
      group: 'entertainment',
      mirror: 1,
      hedgeOffsetMs: 0,
      durationMs: 0,
      outcome: 'http-error',
      status: 503
    },
    {
      group: 'entertainment',
      mirror: 2,
      hedgeOffsetMs: 0,
      durationMs: 1,
      outcome: 'success'
    },
    {
      group: 'outdoor',
      mirror: 1,
      hedgeOffsetMs: 0,
      durationMs: 0,
      outcome: 'http-error',
      status: 503
    },
    {
      group: 'outdoor',
      mirror: 2,
      hedgeOffsetMs: 0,
      durationMs: 1,
      outcome: 'success'
    },
    {
      group: 'seasonal',
      mirror: 1,
      hedgeOffsetMs: 0,
      durationMs: 0,
      outcome: 'http-error',
      status: 503
    },
    {
      group: 'seasonal',
      mirror: 2,
      hedgeOffsetMs: 1,
      durationMs: 1,
      outcome: 'success'
    }
  ]
}
[discovery] provider-chain {
  mode: 'date-night',
  strategy: 'hedged',
  source: 'live',
  durationMs: 1,
  budgetExhausted: false,
  requestedGroups: 1,
  successfulGroups: 1,
  failedGroups: 0,
  partial: false,
  groups: [
    {
      group: 'culture',
      outcome: 'success',
      durationMs: 0,
      winnerMirror: 2
    }
  ],
  attempts: [
    {
      group: 'culture',
      mirror: 1,
      hedgeOffsetMs: 0,
      durationMs: 0,
      outcome: 'http-error',
      status: 503
    },
    {
      group: 'culture',
      mirror: 2,
      hedgeOffsetMs: 0,
      durationMs: 0,
      outcome: 'success'
    }
  ]
}
[discovery] provider-chain {
  mode: 'date-night',
  strategy: 'hedged',
  source: 'live',
  durationMs: 1,
  budgetExhausted: false,
  requestedGroups: 1,
  successfulGroups: 1,
  failedGroups: 0,
  partial: false,
  groups: [
    {
      group: 'culture',
      outcome: 'success',
      durationMs: 1,
      winnerMirror: 2
    }
  ],
  attempts: [
    {
      group: 'culture',
      mirror: 1,
      hedgeOffsetMs: 0,
      durationMs: 0,
      outcome: 'http-error',
      status: 503
    },
    {
      group: 'culture',
      mirror: 2,
      hedgeOffsetMs: 0,
      durationMs: 0,
      outcome: 'success'
    }
  ]
}
[discovery] provider-chain {
  mode: 'date-night',
  strategy: 'hedged',
  source: 'live',
  durationMs: 2,
  budgetExhausted: false,
  requestedGroups: 4,
  successfulGroups: 4,
  failedGroups: 0,
  partial: false,
  groups: [
    {
      group: 'seasonal',
      outcome: 'success',
      durationMs: 1,
      winnerMirror: 2
    },
    {
      group: 'entertainment',
      outcome: 'success',
      durationMs: 2,
      winnerMirror: 2
    },
    {
      group: 'culture',
      outcome: 'success',
      durationMs: 1,
      winnerMirror: 2
    },
    {
      group: 'outdoor',
      outcome: 'success',
      durationMs: 2,
      winnerMirror: 2
    }
  ],
  attempts: [
    {
      group: 'culture',
      mirror: 1,
      hedgeOffsetMs: 0,
      durationMs: 0,
      outcome: 'http-error',
      status: 503
    },
    {
      group: 'culture',
      mirror: 2,
      hedgeOffsetMs: 0,
      durationMs: 1,
      outcome: 'success'
    },
    {
      group: 'entertainment',
      mirror: 1,
      hedgeOffsetMs: 0,
      durationMs: 0,
      outcome: 'http-error',
      status: 503
    },
    {
      group: 'entertainment',
      mirror: 2,
      hedgeOffsetMs: 0,
      durationMs: 1,
      outcome: 'success'
    },
    {
      group: 'outdoor',
      mirror: 1,
      hedgeOffsetMs: 0,
      durationMs: 0,
      outcome: 'http-error',
      status: 503
    },
    {
      group: 'outdoor',
      mirror: 2,
      hedgeOffsetMs: 0,
      durationMs: 2,
      outcome: 'success'
    },
    {
      group: 'seasonal',
      mirror: 1,
      hedgeOffsetMs: 0,
      durationMs: 0,
      outcome: 'http-error',
      status: 503
    },
    {
      group: 'seasonal',
      mirror: 2,
      hedgeOffsetMs: 0,
      durationMs: 1,
      outcome: 'success'
    }
  ]
}
[discovery] provider-chain {
  mode: 'date-night',
  strategy: 'hedged',
  source: 'live',
  durationMs: 1,
  budgetExhausted: false,
  requestedGroups: 1,
  successfulGroups: 1,
  failedGroups: 0,
  partial: false,
  groups: [
    {
      group: 'culture',
      outcome: 'success',
      durationMs: 1,
      winnerMirror: 2
    }
  ],
  attempts: [
    {
      group: 'culture',
      mirror: 1,
      hedgeOffsetMs: 0,
      durationMs: 0,
      outcome: 'http-error',
      status: 503
    },
    {
      group: 'culture',
      mirror: 2,
      hedgeOffsetMs: 0,
      durationMs: 0,
      outcome: 'success'
    }
  ]
}
[discovery] provider-chain {
  mode: 'date-night',
  strategy: 'hedged',
  source: 'live',
  durationMs: 2,
  budgetExhausted: false,
  requestedGroups: 2,
  successfulGroups: 2,
  failedGroups: 0,
  partial: false,
  groups: [
    {
      group: 'entertainment',
      outcome: 'success',
      durationMs: 1,
      winnerMirror: 2
    },
    {
      group: 'culture',
      outcome: 'success',
      durationMs: 1,
      winnerMirror: 2
    }
  ],
  attempts: [
    {
      group: 'culture',
      mirror: 1,
      hedgeOffsetMs: 0,
      durationMs: 0,
      outcome: 'http-error',
      status: 503
    },
    {
      group: 'culture',
      mirror: 2,
      hedgeOffsetMs: 0,
      durationMs: 1,
      outcome: 'success'
    },
    {
      group: 'entertainment',
      mirror: 1,
      hedgeOffsetMs: 0,
      durationMs: 0,
      outcome: 'http-error',
      status: 503
    },
    {
      group: 'entertainment',
      mirror: 2,
      hedgeOffsetMs: 0,
      durationMs: 1,
      outcome: 'success'
    }
  ]
}
[discovery] provider-chain {
  mode: 'date-night',
  strategy: 'hedged',
  source: 'live',
  durationMs: 8,
  budgetExhausted: false,
  requestedGroups: 4,
  successfulGroups: 4,
  failedGroups: 0,
  partial: false,
  groups: [
    {
      group: 'seasonal',
      outcome: 'success',
      durationMs: 7,
      winnerMirror: 2
    },
    {
      group: 'entertainment',
      outcome: 'success',
      durationMs: 7,
      winnerMirror: 2
    },
    {
      group: 'culture',
      outcome: 'success',
      durationMs: 1,
      winnerMirror: 2
    },
    {
      group: 'outdoor',
      outcome: 'success',
      durationMs: 7,
      winnerMirror: 2
    }
  ],
  attempts: [
    {
      group: 'culture',
      mirror: 1,
      hedgeOffsetMs: 0,
      durationMs: 0,
      outcome: 'http-error',
      status: 503
    },
    {
      group: 'culture',
      mirror: 2,
      hedgeOffsetMs: 0,
      durationMs: 1,
      outcome: 'success'
    },
    {
      group: 'entertainment',
      mirror: 1,
      hedgeOffsetMs: 0,
      durationMs: 0,
      outcome: 'http-error',
      status: 503
    },
    {
      group: 'entertainment',
      mirror: 2,
      hedgeOffsetMs: 1,
      durationMs: 7,
      outcome: 'success'
    },
    {
      group: 'outdoor',
      mirror: 1,
      hedgeOffsetMs: 0,
      durationMs: 0,
      outcome: 'http-error',
      status: 503
    },
    {
      group: 'outdoor',
      mirror: 2,
      hedgeOffsetMs: 0,
      durationMs: 7,
      outcome: 'success'
    },
    {
      group: 'seasonal',
      mirror: 1,
      hedgeOffsetMs: 0,
      durationMs: 1,
      outcome: 'http-error',
      status: 503
    },
    {
      group: 'seasonal',
      mirror: 2,
      hedgeOffsetMs: 1,
      durationMs: 6,
      outcome: 'success'
    }
  ]
}
✔ real handler destroyed: forward/reverse seasonal and ordinary flags, result order, later mirror (54.83762ms)
✔ real handler destroyed: reconstructed contextual seasonal evidence and ordinary namespace parity (5.492638ms)
[discovery] provider-chain {
  mode: 'date-night',
  strategy: 'hedged',
  source: 'live',
  durationMs: 4,
  budgetExhausted: false,
  requestedGroups: 1,
  successfulGroups: 1,
  failedGroups: 0,
  partial: false,
  groups: [
    {
      group: 'seasonal',
      outcome: 'success',
      durationMs: 4,
      winnerMirror: 2
    }
  ],
  attempts: [
    {
      group: 'seasonal',
      mirror: 1,
      hedgeOffsetMs: 0,
      durationMs: 3,
      outcome: 'http-error',
      status: 503
    },
    {
      group: 'seasonal',
      mirror: 2,
      hedgeOffsetMs: 3,
      durationMs: 1,
      outcome: 'success'
    }
  ]
}
[discovery] provider-chain {
  mode: 'date-night',
  strategy: 'hedged',
  source: 'live',
  durationMs: 1,
  budgetExhausted: false,
  requestedGroups: 1,
  successfulGroups: 1,
  failedGroups: 0,
  partial: false,
  groups: [
    {
      group: 'seasonal',
      outcome: 'success',
      durationMs: 1,
      winnerMirror: 2
    }
  ],
  attempts: [
    {
      group: 'seasonal',
      mirror: 1,
      hedgeOffsetMs: 0,
      durationMs: 0,
      outcome: 'http-error',
      status: 503
    },
    {
      group: 'seasonal',
      mirror: 2,
      hedgeOffsetMs: 0,
      durationMs: 0,
      outcome: 'success'
    }
  ]
}
[discovery] provider-chain {
  mode: 'date-night',
  strategy: 'hedged',
  source: 'live',
  durationMs: 2,
  budgetExhausted: false,
  requestedGroups: 4,
  successfulGroups: 4,
  failedGroups: 0,
  partial: false,
  groups: [
    {
      group: 'seasonal',
      outcome: 'success',
      durationMs: 2,
      winnerMirror: 2
    },
    {
      group: 'entertainment',
      outcome: 'success',
      durationMs: 2,
      winnerMirror: 2
    },
    {
      group: 'culture',
      outcome: 'success',
      durationMs: 1,
      winnerMirror: 2
    },
    {
      group: 'outdoor',
      outcome: 'success',
      durationMs: 2,
      winnerMirror: 2
    }
  ],
  attempts: [
    {
      group: 'culture',
      mirror: 1,
      hedgeOffsetMs: 0,
      durationMs: 0,
      outcome: 'http-error',
      status: 503
    },
    {
      group: 'culture',
      mirror: 2,
      hedgeOffsetMs: 0,
      durationMs: 1,
      outcome: 'success'
    },
    {
      group: 'entertainment',
      mirror: 1,
      hedgeOffsetMs: 0,
      durationMs: 0,
      outcome: 'http-error',
      status: 503
    },
    {
      group: 'entertainment',
      mirror: 2,
      hedgeOffsetMs: 1,
      durationMs: 1,
      outcome: 'success'
    },
    {
      group: 'outdoor',
      mirror: 1,
      hedgeOffsetMs: 0,
      durationMs: 0,
      outcome: 'http-error',
      status: 503
    },
    {
      group: 'outdoor',
      mirror: 2,
      hedgeOffsetMs: 0,
      durationMs: 2,
      outcome: 'success'
    },
    {
      group: 'seasonal',
      mirror: 1,
      hedgeOffsetMs: 0,
      durationMs: 1,
      outcome: 'http-error',
      status: 503
    },
    {
      group: 'seasonal',
      mirror: 2,
      hedgeOffsetMs: 1,
      durationMs: 1,
      outcome: 'success'
    }
  ]
}
[discovery] provider-chain {
  mode: 'date-night',
  strategy: 'hedged',
  source: 'live',
  durationMs: 1,
  budgetExhausted: false,
  requestedGroups: 1,
  successfulGroups: 1,
  failedGroups: 0,
  partial: false,
  groups: [
    {
      group: 'seasonal',
      outcome: 'success',
      durationMs: 1,
      winnerMirror: 2
    }
  ],
  attempts: [
    {
      group: 'seasonal',
      mirror: 1,
      hedgeOffsetMs: 0,
      durationMs: 0,
      outcome: 'http-error',
      status: 503
    },
    {
      group: 'seasonal',
      mirror: 2,
      hedgeOffsetMs: 0,
      durationMs: 0,
      outcome: 'success'
    }
  ]
}
[discovery] provider-chain {
  mode: 'date-night',
  strategy: 'hedged',
  source: 'live',
  durationMs: 1,
  budgetExhausted: false,
  requestedGroups: 1,
  successfulGroups: 1,
  failedGroups: 0,
  partial: false,
  groups: [
    {
      group: 'seasonal',
      outcome: 'success',
      durationMs: 1,
      winnerMirror: 2
    }
  ],
  attempts: [
    {
      group: 'seasonal',
      mirror: 1,
      hedgeOffsetMs: 0,
      durationMs: 0,
      outcome: 'http-error',
      status: 503
    },
    {
      group: 'seasonal',
      mirror: 2,
      hedgeOffsetMs: 0,
      durationMs: 0,
      outcome: 'success'
    }
  ]
}
[discovery] provider-chain {
  mode: 'date-night',
  strategy: 'hedged',
  source: 'live',
  durationMs: 2,
  budgetExhausted: false,
  requestedGroups: 4,
  successfulGroups: 4,
  failedGroups: 0,
  partial: false,
  groups: [
    {
      group: 'seasonal',
      outcome: 'success',
      durationMs: 1,
      winnerMirror: 2
    },
    {
      group: 'entertainment',
      outcome: 'success',
      durationMs: 2,
      winnerMirror: 2
    },
    {
      group: 'culture',
      outcome: 'success',
      durationMs: 1,
      winnerMirror: 2
    },
    {
      group: 'outdoor',
      outcome: 'success',
      durationMs: 2,
      winnerMirror: 2
    }
  ],
  attempts: [
    {
      group: 'culture',
      mirror: 1,
      hedgeOffsetMs: 0,
      durationMs: 0,
      outcome: 'http-error',
      status: 503
    },
    {
      group: 'culture',
      mirror: 2,
      hedgeOffsetMs: 0,
      durationMs: 1,
      outcome: 'success'
    },
    {
      group: 'entertainment',
      mirror: 1,
      hedgeOffsetMs: 0,
      durationMs: 0,
      outcome: 'http-error',
      status: 503
    },
    {
      group: 'entertainment',
      mirror: 2,
      hedgeOffsetMs: 0,
      durationMs: 1,
      outcome: 'success'
    },
    {
      group: 'outdoor',
      mirror: 1,
      hedgeOffsetMs: 0,
      durationMs: 0,
      outcome: 'http-error',
      status: 503
    },
    {
      group: 'outdoor',
      mirror: 2,
      hedgeOffsetMs: 0,
      durationMs: 2,
      outcome: 'success'
    },
    {
      group: 'seasonal',
      mirror: 1,
      hedgeOffsetMs: 0,
      durationMs: 0,
      outcome: 'http-error',
      status: 503
    },
    {
      group: 'seasonal',
      mirror: 2,
      hedgeOffsetMs: 0,
      durationMs: 1,
      outcome: 'success'
    }
  ]
}
[discovery] provider-chain {
  mode: 'date-night',
  strategy: 'hedged',
  source: 'live',
  durationMs: 1,
  budgetExhausted: false,
  requestedGroups: 1,
  successfulGroups: 1,
  failedGroups: 0,
  partial: false,
  groups: [
    {
      group: 'culture',
      outcome: 'success',
      durationMs: 1,
      winnerMirror: 2
    }
  ],
  attempts: [
    {
      group: 'culture',
      mirror: 1,
      hedgeOffsetMs: 0,
      durationMs: 0,
      outcome: 'http-error',
      status: 503
    },
    {
      group: 'culture',
      mirror: 2,
      hedgeOffsetMs: 0,
      durationMs: 1,
      outcome: 'success'
    }
  ]
}
[discovery] provider-chain {
  mode: 'date-night',
  strategy: 'hedged',
  source: 'live',
  durationMs: 1,
  budgetExhausted: false,
  requestedGroups: 1,
  successfulGroups: 1,
  failedGroups: 0,
  partial: false,
  groups: [
    {
      group: 'culture',
      outcome: 'success',
      durationMs: 1,
      winnerMirror: 2
    }
  ],
  attempts: [
    {
      group: 'culture',
      mirror: 1,
      hedgeOffsetMs: 0,
      durationMs: 0,
      outcome: 'http-error',
      status: 503
    },
    {
      group: 'culture',
      mirror: 2,
      hedgeOffsetMs: 0,
      durationMs: 0,
      outcome: 'success'
    }
  ]
}
[discovery] provider-chain {
  mode: 'date-night',
  strategy: 'hedged',
  source: 'live',
  durationMs: 2,
  budgetExhausted: false,
  requestedGroups: 4,
  successfulGroups: 4,
  failedGroups: 0,
  partial: false,
  groups: [
    {
      group: 'seasonal',
      outcome: 'success',
      durationMs: 1,
      winnerMirror: 2
    },
    {
      group: 'entertainment',
      outcome: 'success',
      durationMs: 2,
      winnerMirror: 2
    },
    {
      group: 'culture',
      outcome: 'success',
      durationMs: 1,
      winnerMirror: 2
    },
    {
      group: 'outdoor',
      outcome: 'success',
      durationMs: 2,
      winnerMirror: 2
    }
  ],
  attempts: [
    {
      group: 'culture',
      mirror: 1,
      hedgeOffsetMs: 0,
      durationMs: 0,
      outcome: 'http-error',
      status: 503
    },
    {
      group: 'culture',
      mirror: 2,
      hedgeOffsetMs: 0,
      durationMs: 1,
      outcome: 'success'
    },
    {
      group: 'entertainment',
      mirror: 1,
      hedgeOffsetMs: 0,
      durationMs: 0,
      outcome: 'http-error',
      status: 503
    },
    {
      group: 'entertainment',
      mirror: 2,
      hedgeOffsetMs: 0,
      durationMs: 1,
      outcome: 'success'
    },
    {
      group: 'outdoor',
      mirror: 1,
      hedgeOffsetMs: 0,
      durationMs: 0,
      outcome: 'http-error',
      status: 503
    },
    {
      group: 'outdoor',
      mirror: 2,
      hedgeOffsetMs: 0,
      durationMs: 2,
      outcome: 'success'
    },
    {
      group: 'seasonal',
      mirror: 1,
      hedgeOffsetMs: 0,
      durationMs: 0,
      outcome: 'http-error',
      status: 503
    },
    {
      group: 'seasonal',
      mirror: 2,
      hedgeOffsetMs: 0,
      durationMs: 1,
      outcome: 'success'
    }
  ]
}
[discovery] provider-chain {
  mode: 'date-night',
  strategy: 'hedged',
  source: 'live',
  durationMs: 1,
  budgetExhausted: false,
  requestedGroups: 1,
  successfulGroups: 1,
  failedGroups: 0,
  partial: false,
  groups: [
    {
      group: 'culture',
      outcome: 'success',
      durationMs: 1,
      winnerMirror: 2
    }
  ],
  attempts: [
    {
      group: 'culture',
      mirror: 1,
      hedgeOffsetMs: 0,
      durationMs: 0,
      outcome: 'http-error',
      status: 503
    },
    {
      group: 'culture',
      mirror: 2,
      hedgeOffsetMs: 0,
      durationMs: 0,
      outcome: 'success'
    }
  ]
}
[discovery] provider-chain {
  mode: 'date-night',
  strategy: 'hedged',
  source: 'live',
  durationMs: 1,
  budgetExhausted: false,
  requestedGroups: 1,
  successfulGroups: 1,
  failedGroups: 0,
  partial: false,
  groups: [
    {
      group: 'culture',
      outcome: 'success',
      durationMs: 1,
      winnerMirror: 2
    }
  ],
  attempts: [
    {
      group: 'culture',
      mirror: 1,
      hedgeOffsetMs: 0,
      durationMs: 0,
      outcome: 'http-error',
      status: 503
    },
    {
      group: 'culture',
      mirror: 2,
      hedgeOffsetMs: 0,
      durationMs: 0,
      outcome: 'success'
    }
  ]
}
[discovery] provider-chain {
  mode: 'date-night',
  strategy: 'hedged',
  source: 'live',
  durationMs: 2,
  budgetExhausted: false,
  requestedGroups: 4,
  successfulGroups: 4,
  failedGroups: 0,
  partial: false,
  groups: [
    {
      group: 'seasonal',
      outcome: 'success',
      durationMs: 2,
      winnerMirror: 2
    },
    {
      group: 'entertainment',
      outcome: 'success',
      durationMs: 2,
      winnerMirror: 2
    },
    {
      group: 'culture',
      outcome: 'success',
      durationMs: 1,
      winnerMirror: 2
    },
    {
      group: 'outdoor',
      outcome: 'success',
      durationMs: 2,
      winnerMirror: 2
    }
  ],
  attempts: [
    {
      group: 'culture',
      mirror: 1,
      hedgeOffsetMs: 0,
      durationMs: 0,
      outcome: 'http-error',
      status: 503
    },
    {
      group: 'culture',
      mirror: 2,
      hedgeOffsetMs: 0,
      durationMs: 1,
      outcome: 'success'
    },
    {
      group: 'entertainment',
      mirror: 1,
      hedgeOffsetMs: 0,
      durationMs: 0,
      outcome: 'http-error',
      status: 503
    },
    {
      group: 'entertainment',
      mirror: 2,
      hedgeOffsetMs: 0,
      durationMs: 1,
      outcome: 'success'
    },
    {
      group: 'outdoor',
      mirror: 1,
      hedgeOffsetMs: 0,
      durationMs: 0,
      outcome: 'http-error',
      status: 503
    },
    {
      group: 'outdoor',
      mirror: 2,
      hedgeOffsetMs: 0,
      durationMs: 2,
      outcome: 'success'
    },
    {
      group: 'seasonal',
      mirror: 1,
      hedgeOffsetMs: 0,
      durationMs: 1,
      outcome: 'http-error',
      status: 503
    },
    {
      group: 'seasonal',
      mirror: 2,
      hedgeOffsetMs: 1,
      durationMs: 1,
      outcome: 'success'
    }
  ]
}
[discovery] provider-chain {
  mode: 'date-night',
  strategy: 'hedged',
  source: 'live',
  durationMs: 1,
  budgetExhausted: false,
  requestedGroups: 1,
  successfulGroups: 1,
  failedGroups: 0,
  partial: false,
  groups: [
    {
      group: 'culture',
      outcome: 'success',
      durationMs: 1,
      winnerMirror: 2
    }
  ],
  attempts: [
    {
      group: 'culture',
      mirror: 1,
      hedgeOffsetMs: 0,
      durationMs: 0,
      outcome: 'http-error',
      status: 503
    },
    {
      group: 'culture',
      mirror: 2,
      hedgeOffsetMs: 0,
      durationMs: 0,
      outcome: 'success'
    }
  ]
}
[discovery] provider-chain {
  mode: 'date-night',
  strategy: 'hedged',
  source: 'live',
  durationMs: 1,
  budgetExhausted: false,
  requestedGroups: 2,
  successfulGroups: 2,
  failedGroups: 0,
  partial: false,
  groups: [
    {
      group: 'entertainment',
      outcome: 'success',
      durationMs: 1,
      winnerMirror: 2
    },
    {
      group: 'culture',
      outcome: 'success',
      durationMs: 1,
      winnerMirror: 2
    }
  ],
  attempts: [
    {
      group: 'culture',
      mirror: 1,
      hedgeOffsetMs: 0,
      durationMs: 0,
      outcome: 'http-error',
      status: 503
    },
    {
      group: 'culture',
      mirror: 2,
      hedgeOffsetMs: 0,
      durationMs: 0,
      outcome: 'success'
    },
    {
      group: 'entertainment',
      mirror: 1,
      hedgeOffsetMs: 0,
      durationMs: 0,
      outcome: 'http-error',
      status: 503
    },
    {
      group: 'entertainment',
      mirror: 2,
      hedgeOffsetMs: 0,
      durationMs: 1,
      outcome: 'success'
    }
  ]
}
[discovery] provider-chain {
  mode: 'date-night',
  strategy: 'hedged',
  source: 'live',
  durationMs: 3,
  budgetExhausted: false,
  requestedGroups: 4,
  successfulGroups: 4,
  failedGroups: 0,
  partial: false,
  groups: [
    {
      group: 'seasonal',
      outcome: 'success',
      durationMs: 2,
      winnerMirror: 2
    },
    {
      group: 'entertainment',
      outcome: 'success',
      durationMs: 2,
      winnerMirror: 2
    },
    {
      group: 'culture',
      outcome: 'success',
      durationMs: 1,
      winnerMirror: 2
    },
    {
      group: 'outdoor',
      outcome: 'success',
      durationMs: 2,
      winnerMirror: 2
    }
  ],
  attempts: [
    {
      group: 'culture',
      mirror: 1,
      hedgeOffsetMs: 0,
      durationMs: 0,
      outcome: 'http-error',
      status: 503
    },
    {
      group: 'culture',
      mirror: 2,
      hedgeOffsetMs: 0,
      durationMs: 1,
      outcome: 'success'
    },
    {
      group: 'entertainment',
      mirror: 1,
      hedgeOffsetMs: 0,
      durationMs: 0,
      outcome: 'http-error',
      status: 503
    },
    {
      group: 'entertainment',
      mirror: 2,
      hedgeOffsetMs: 0,
      durationMs: 2,
      outcome: 'success'
    },
    {
      group: 'outdoor',
      mirror: 1,
      hedgeOffsetMs: 0,
      durationMs: 0,
      outcome: 'http-error',
      status: 503
    },
    {
      group: 'outdoor',
      mirror: 2,
      hedgeOffsetMs: 0,
      durationMs: 2,
      outcome: 'success'
    },
    {
      group: 'seasonal',
      mirror: 1,
      hedgeOffsetMs: 0,
      durationMs: 0,
      outcome: 'http-error',
      status: 503
    },
    {
      group: 'seasonal',
      mirror: 2,
      hedgeOffsetMs: 0,
      durationMs: 1,
      outcome: 'success'
    }
  ]
}
✔ real handler disused: forward/reverse seasonal and ordinary flags, result order, later mirror (42.735468ms)
✔ real handler disused: reconstructed contextual seasonal evidence and ordinary namespace parity (5.85174ms)
[discovery] provider-chain {
  mode: 'date-night',
  strategy: 'hedged',
  source: 'live',
  durationMs: 2,
  budgetExhausted: false,
  requestedGroups: 1,
  successfulGroups: 1,
  failedGroups: 0,
  partial: false,
  groups: [
    {
      group: 'seasonal',
      outcome: 'success',
      durationMs: 2,
      winnerMirror: 2
    }
  ],
  attempts: [
    {
      group: 'seasonal',
      mirror: 1,
      hedgeOffsetMs: 0,
      durationMs: 0,
      outcome: 'http-error',
      status: 503
    },
    {
      group: 'seasonal',
      mirror: 2,
      hedgeOffsetMs: 0,
      durationMs: 2,
      outcome: 'success'
    }
  ]
}
[discovery] provider-chain {
  mode: 'date-night',
  strategy: 'hedged',
  source: 'live',
  durationMs: 1,
  budgetExhausted: false,
  requestedGroups: 1,
  successfulGroups: 1,
  failedGroups: 0,
  partial: false,
  groups: [
    {
      group: 'seasonal',
      outcome: 'success',
      durationMs: 1,
      winnerMirror: 2
    }
  ],
  attempts: [
    {
      group: 'seasonal',
      mirror: 1,
      hedgeOffsetMs: 0,
      durationMs: 0,
      outcome: 'http-error',
      status: 503
    },
    {
      group: 'seasonal',
      mirror: 2,
      hedgeOffsetMs: 0,
      durationMs: 1,
      outcome: 'success'
    }
  ]
}
[discovery] provider-chain {
  mode: 'date-night',
  strategy: 'hedged',
  source: 'live',
  durationMs: 7,
  budgetExhausted: false,
  requestedGroups: 4,
  successfulGroups: 4,
  failedGroups: 0,
  partial: false,
  groups: [
    {
      group: 'seasonal',
      outcome: 'success',
      durationMs: 6,
      winnerMirror: 2
    },
    {
      group: 'entertainment',
      outcome: 'success',
      durationMs: 6,
      winnerMirror: 2
    },
    {
      group: 'culture',
      outcome: 'success',
      durationMs: 1,
      winnerMirror: 2
    },
    {
      group: 'outdoor',
      outcome: 'success',
      durationMs: 7,
      winnerMirror: 2
    }
  ],
  attempts: [
    {
      group: 'culture',
      mirror: 1,
      hedgeOffsetMs: 0,
      durationMs: 0,
      outcome: 'http-error',
      status: 503
    },
    {
      group: 'culture',
      mirror: 2,
      hedgeOffsetMs: 0,
      durationMs: 1,
      outcome: 'success'
    },
    {
      group: 'entertainment',
      mirror: 1,
      hedgeOffsetMs: 0,
      durationMs: 0,
      outcome: 'http-error',
      status: 503
    },
    {
      group: 'entertainment',
      mirror: 2,
      hedgeOffsetMs: 0,
      durationMs: 6,
      outcome: 'success'
    },
    {
      group: 'outdoor',
      mirror: 1,
      hedgeOffsetMs: 0,
      durationMs: 0,
      outcome: 'http-error',
      status: 503
    },
    {
      group: 'outdoor',
      mirror: 2,
      hedgeOffsetMs: 0,
      durationMs: 6,
      outcome: 'success'
    },
    {
      group: 'seasonal',
      mirror: 1,
      hedgeOffsetMs: 0,
      durationMs: 0,
      outcome: 'http-error',
      status: 503
    },
    {
      group: 'seasonal',
      mirror: 2,
      hedgeOffsetMs: 0,
      durationMs: 5,
      outcome: 'success'
    }
  ]
}
[discovery] provider-chain {
  mode: 'date-night',
  strategy: 'hedged',
  source: 'live',
  durationMs: 1,
  budgetExhausted: false,
  requestedGroups: 1,
  successfulGroups: 1,
  failedGroups: 0,
  partial: false,
  groups: [
    {
      group: 'seasonal',
      outcome: 'success',
      durationMs: 1,
      winnerMirror: 2
    }
  ],
  attempts: [
    {
      group: 'seasonal',
      mirror: 1,
      hedgeOffsetMs: 0,
      durationMs: 0,
      outcome: 'http-error',
      status: 503
    },
    {
      group: 'seasonal',
      mirror: 2,
      hedgeOffsetMs: 0,
      durationMs: 0,
      outcome: 'success'
    }
  ]
}
[discovery] provider-chain {
  mode: 'date-night',
  strategy: 'hedged',
  source: 'live',
  durationMs: 1,
  budgetExhausted: false,
  requestedGroups: 1,
  successfulGroups: 1,
  failedGroups: 0,
  partial: false,
  groups: [
    {
      group: 'seasonal',
      outcome: 'success',
      durationMs: 1,
      winnerMirror: 2
    }
  ],
  attempts: [
    {
      group: 'seasonal',
      mirror: 1,
      hedgeOffsetMs: 0,
      durationMs: 0,
      outcome: 'http-error',
      status: 503
    },
    {
      group: 'seasonal',
      mirror: 2,
      hedgeOffsetMs: 0,
      durationMs: 0,
      outcome: 'success'
    }
  ]
}
[discovery] provider-chain {
  mode: 'date-night',
  strategy: 'hedged',
  source: 'live',
  durationMs: 10,
  budgetExhausted: false,
  requestedGroups: 4,
  successfulGroups: 4,
  failedGroups: 0,
  partial: false,
  groups: [
    {
      group: 'seasonal',
      outcome: 'success',
      durationMs: 1,
      winnerMirror: 2
    },
    {
      group: 'entertainment',
      outcome: 'success',
      durationMs: 9,
      winnerMirror: 2
    },
    {
      group: 'culture',
      outcome: 'success',
      durationMs: 1,
      winnerMirror: 2
    },
    {
      group: 'outdoor',
      outcome: 'success',
      durationMs: 10,
      winnerMirror: 2
    }
  ],
  attempts: [
    {
      group: 'culture',
      mirror: 1,
      hedgeOffsetMs: 0,
      durationMs: 0,
      outcome: 'http-error',
      status: 503
    },
    {
      group: 'culture',
      mirror: 2,
      hedgeOffsetMs: 0,
      durationMs: 1,
      outcome: 'success'
    },
    {
      group: 'entertainment',
      mirror: 1,
      hedgeOffsetMs: 0,
      durationMs: 0,
      outcome: 'http-error',
      status: 503
    },
    {
      group: 'entertainment',
      mirror: 2,
      hedgeOffsetMs: 0,
      durationMs: 9,
      outcome: 'success'
    },
    {
      group: 'outdoor',
      mirror: 1,
      hedgeOffsetMs: 0,
      durationMs: 0,
      outcome: 'http-error',
      status: 503
    },
    {
      group: 'outdoor',
      mirror: 2,
      hedgeOffsetMs: 0,
      durationMs: 9,
      outcome: 'success'
    },
    {
      group: 'seasonal',
      mirror: 1,
      hedgeOffsetMs: 0,
      durationMs: 0,
      outcome: 'http-error',
      status: 503
    },
    {
      group: 'seasonal',
      mirror: 2,
      hedgeOffsetMs: 0,
      durationMs: 1,
      outcome: 'success'
    }
  ]
}
[discovery] provider-chain {
  mode: 'date-night',
  strategy: 'hedged',
  source: 'live',
  durationMs: 1,
  budgetExhausted: false,
  requestedGroups: 1,
  successfulGroups: 1,
  failedGroups: 0,
  partial: false,
  groups: [
    {
      group: 'culture',
      outcome: 'success',
      durationMs: 1,
      winnerMirror: 2
    }
  ],
  attempts: [
    {
      group: 'culture',
      mirror: 1,
      hedgeOffsetMs: 0,
      durationMs: 0,
      outcome: 'http-error',
      status: 503
    },
    {
      group: 'culture',
      mirror: 2,
      hedgeOffsetMs: 0,
      durationMs: 0,
      outcome: 'success'
    }
  ]
}
[discovery] provider-chain {
  mode: 'date-night',
  strategy: 'hedged',
  source: 'live',
  durationMs: 1,
  budgetExhausted: false,
  requestedGroups: 1,
  successfulGroups: 1,
  failedGroups: 0,
  partial: false,
  groups: [
    {
      group: 'culture',
      outcome: 'success',
      durationMs: 0,
      winnerMirror: 2
    }
  ],
  attempts: [
    {
      group: 'culture',
      mirror: 1,
      hedgeOffsetMs: 0,
      durationMs: 0,
      outcome: 'http-error',
      status: 503
    },
    {
      group: 'culture',
      mirror: 2,
      hedgeOffsetMs: 0,
      durationMs: 0,
      outcome: 'success'
    }
  ]
}
[discovery] provider-chain {
  mode: 'date-night',
  strategy: 'hedged',
  source: 'live',
  durationMs: 2,
  budgetExhausted: false,
  requestedGroups: 4,
  successfulGroups: 4,
  failedGroups: 0,
  partial: false,
  groups: [
    {
      group: 'seasonal',
      outcome: 'success',
      durationMs: 1,
      winnerMirror: 2
    },
    {
      group: 'entertainment',
      outcome: 'success',
      durationMs: 2,
      winnerMirror: 2
    },
    {
      group: 'culture',
      outcome: 'success',
      durationMs: 1,
      winnerMirror: 2
    },
    {
      group: 'outdoor',
      outcome: 'success',
      durationMs: 2,
      winnerMirror: 2
    }
  ],
  attempts: [
    {
      group: 'culture',
      mirror: 1,
      hedgeOffsetMs: 0,
      durationMs: 0,
      outcome: 'http-error',
      status: 503
    },
    {
      group: 'culture',
      mirror: 2,
      hedgeOffsetMs: 0,
      durationMs: 1,
      outcome: 'success'
    },
    {
      group: 'entertainment',
      mirror: 1,
      hedgeOffsetMs: 0,
      durationMs: 0,
      outcome: 'http-error',
      status: 503
    },
    {
      group: 'entertainment',
      mirror: 2,
      hedgeOffsetMs: 0,
      durationMs: 1,
      outcome: 'success'
    },
    {
      group: 'outdoor',
      mirror: 1,
      hedgeOffsetMs: 0,
      durationMs: 0,
      outcome: 'http-error',
      status: 503
    },
    {
      group: 'outdoor',
      mirror: 2,
      hedgeOffsetMs: 0,
      durationMs: 2,
      outcome: 'success'
    },
    {
      group: 'seasonal',
      mirror: 1,
      hedgeOffsetMs: 0,
      durationMs: 0,
      outcome: 'http-error',
      status: 503
    },
    {
      group: 'seasonal',
      mirror: 2,
      hedgeOffsetMs: 0,
      durationMs: 1,
      outcome: 'success'
    }
  ]
}
[discovery] provider-chain {
  mode: 'date-night',
  strategy: 'hedged',
  source: 'live',
  durationMs: 1,
  budgetExhausted: false,
  requestedGroups: 1,
  successfulGroups: 1,
  failedGroups: 0,
  partial: false,
  groups: [
    {
      group: 'culture',
      outcome: 'success',
      durationMs: 0,
      winnerMirror: 2
    }
  ],
  attempts: [
    {
      group: 'culture',
      mirror: 1,
      hedgeOffsetMs: 0,
      durationMs: 0,
      outcome: 'http-error',
      status: 503
    },
    {
      group: 'culture',
      mirror: 2,
      hedgeOffsetMs: 0,
      durationMs: 0,
      outcome: 'success'
    }
  ]
}
[discovery] provider-chain {
  mode: 'date-night',
  strategy: 'hedged',
  source: 'live',
  durationMs: 1,
  budgetExhausted: false,
  requestedGroups: 1,
  successfulGroups: 1,
  failedGroups: 0,
  partial: false,
  groups: [
    {
      group: 'culture',
      outcome: 'success',
      durationMs: 1,
      winnerMirror: 2
    }
  ],
  attempts: [
    {
      group: 'culture',
      mirror: 1,
      hedgeOffsetMs: 0,
      durationMs: 0,
      outcome: 'http-error',
      status: 503
    },
    {
      group: 'culture',
      mirror: 2,
      hedgeOffsetMs: 0,
      durationMs: 0,
      outcome: 'success'
    }
  ]
}
[discovery] provider-chain {
  mode: 'date-night',
  strategy: 'hedged',
  source: 'live',
  durationMs: 2,
  budgetExhausted: false,
  requestedGroups: 4,
  successfulGroups: 4,
  failedGroups: 0,
  partial: false,
  groups: [
    {
      group: 'seasonal',
      outcome: 'success',
      durationMs: 1,
      winnerMirror: 2
    },
    {
      group: 'entertainment',
      outcome: 'success',
      durationMs: 2,
      winnerMirror: 2
    },
    {
      group: 'culture',
      outcome: 'success',
      durationMs: 1,
      winnerMirror: 2
    },
    {
      group: 'outdoor',
      outcome: 'success',
      durationMs: 2,
      winnerMirror: 2
    }
  ],
  attempts: [
    {
      group: 'culture',
      mirror: 1,
      hedgeOffsetMs: 0,
      durationMs: 0,
      outcome: 'http-error',
      status: 503
    },
    {
      group: 'culture',
      mirror: 2,
      hedgeOffsetMs: 0,
      durationMs: 1,
      outcome: 'success'
    },
    {
      group: 'entertainment',
      mirror: 1,
      hedgeOffsetMs: 0,
      durationMs: 0,
      outcome: 'http-error',
      status: 503
    },
    {
      group: 'entertainment',
      mirror: 2,
      hedgeOffsetMs: 0,
      durationMs: 1,
      outcome: 'success'
    },
    {
      group: 'outdoor',
      mirror: 1,
      hedgeOffsetMs: 0,
      durationMs: 0,
      outcome: 'http-error',
      status: 503
    },
    {
      group: 'outdoor',
      mirror: 2,
      hedgeOffsetMs: 0,
      durationMs: 2,
      outcome: 'success'
    },
    {
      group: 'seasonal',
      mirror: 1,
      hedgeOffsetMs: 0,
      durationMs: 0,
      outcome: 'http-error',
      status: 503
    },
    {
      group: 'seasonal',
      mirror: 2,
      hedgeOffsetMs: 0,
      durationMs: 1,
      outcome: 'success'
    }
  ]
}
[discovery] provider-chain {
  mode: 'date-night',
  strategy: 'hedged',
  source: 'live',
  durationMs: 1,
  budgetExhausted: false,
  requestedGroups: 1,
  successfulGroups: 1,
  failedGroups: 0,
  partial: false,
  groups: [
    {
      group: 'culture',
      outcome: 'success',
      durationMs: 1,
      winnerMirror: 2
    }
  ],
  attempts: [
    {
      group: 'culture',
      mirror: 1,
      hedgeOffsetMs: 0,
      durationMs: 0,
      outcome: 'http-error',
      status: 503
    },
    {
      group: 'culture',
      mirror: 2,
      hedgeOffsetMs: 0,
      durationMs: 0,
      outcome: 'success'
    }
  ]
}
[discovery] provider-chain {
  mode: 'date-night',
  strategy: 'hedged',
  source: 'live',
  durationMs: 1,
  budgetExhausted: false,
  requestedGroups: 2,
  successfulGroups: 2,
  failedGroups: 0,
  partial: false,
  groups: [
    {
      group: 'entertainment',
      outcome: 'success',
      durationMs: 1,
      winnerMirror: 2
    },
    {
      group: 'culture',
      outcome: 'success',
      durationMs: 1,
      winnerMirror: 2
    }
  ],
  attempts: [
    {
      group: 'culture',
      mirror: 1,
      hedgeOffsetMs: 0,
      durationMs: 0,
      outcome: 'http-error',
      status: 503
    },
    {
      group: 'culture',
      mirror: 2,
      hedgeOffsetMs: 0,
      durationMs: 0,
      outcome: 'success'
    },
    {
      group: 'entertainment',
      mirror: 1,
      hedgeOffsetMs: 0,
      durationMs: 0,
      outcome: 'http-error',
      status: 503
    },
    {
      group: 'entertainment',
      mirror: 2,
      hedgeOffsetMs: 0,
      durationMs: 1,
      outcome: 'success'
    }
  ]
}
[discovery] provider-chain {
  mode: 'date-night',
  strategy: 'hedged',
  source: 'live',
  durationMs: 2,
  budgetExhausted: false,
  requestedGroups: 4,
  successfulGroups: 4,
  failedGroups: 0,
  partial: false,
  groups: [
    {
      group: 'seasonal',
      outcome: 'success',
      durationMs: 1,
      winnerMirror: 2
    },
    {
      group: 'entertainment',
      outcome: 'success',
      durationMs: 2,
      winnerMirror: 2
    },
    {
      group: 'culture',
      outcome: 'success',
      durationMs: 1,
      winnerMirror: 2
    },
    {
      group: 'outdoor',
      outcome: 'success',
      durationMs: 2,
      winnerMirror: 2
    }
  ],
  attempts: [
    {
      group: 'culture',
      mirror: 1,
      hedgeOffsetMs: 0,
      durationMs: 0,
      outcome: 'http-error',
      status: 503
    },
    {
      group: 'culture',
      mirror: 2,
      hedgeOffsetMs: 0,
      durationMs: 1,
      outcome: 'success'
    },
    {
      group: 'entertainment',
      mirror: 1,
      hedgeOffsetMs: 0,
      durationMs: 0,
      outcome: 'http-error',
      status: 503
    },
    {
      group: 'entertainment',
      mirror: 2,
      hedgeOffsetMs: 0,
      durationMs: 1,
      outcome: 'success'
    },
    {
      group: 'outdoor',
      mirror: 1,
      hedgeOffsetMs: 0,
      durationMs: 0,
      outcome: 'http-error',
      status: 503
    },
    {
      group: 'outdoor',
      mirror: 2,
      hedgeOffsetMs: 0,
      durationMs: 2,
      outcome: 'success'
    },
    {
      group: 'seasonal',
      mirror: 1,
      hedgeOffsetMs: 0,
      durationMs: 0,
      outcome: 'http-error',
      status: 503
    },
    {
      group: 'seasonal',
      mirror: 2,
      hedgeOffsetMs: 0,
      durationMs: 1,
      outcome: 'success'
    }
  ]
}
✔ real handler abandoned: forward/reverse seasonal and ordinary flags, result order, later mirror (57.177751ms)
✔ real handler abandoned: reconstructed contextual seasonal evidence and ordinary namespace parity (4.926844ms)
[discovery] provider-chain {
  mode: 'date-night',
  strategy: 'hedged',
  source: 'live',
  durationMs: 1,
  budgetExhausted: false,
  requestedGroups: 1,
  successfulGroups: 1,
  failedGroups: 0,
  partial: false,
  groups: [
    {
      group: 'seasonal',
      outcome: 'success',
      durationMs: 1,
      winnerMirror: 2
    }
  ],
  attempts: [
    {
      group: 'seasonal',
      mirror: 1,
      hedgeOffsetMs: 0,
      durationMs: 0,
      outcome: 'http-error',
      status: 503
    },
    {
      group: 'seasonal',
      mirror: 2,
      hedgeOffsetMs: 0,
      durationMs: 0,
      outcome: 'success'
    }
  ]
}
[discovery] provider-chain {
  mode: 'date-night',
  strategy: 'hedged',
  source: 'live',
  durationMs: 1,
  budgetExhausted: false,
  requestedGroups: 1,
  successfulGroups: 1,
  failedGroups: 0,
  partial: false,
  groups: [
    {
      group: 'seasonal',
      outcome: 'success',
      durationMs: 1,
      winnerMirror: 2
    }
  ],
  attempts: [
    {
      group: 'seasonal',
      mirror: 1,
      hedgeOffsetMs: 0,
      durationMs: 0,
      outcome: 'http-error',
      status: 503
    },
    {
      group: 'seasonal',
      mirror: 2,
      hedgeOffsetMs: 0,
      durationMs: 0,
      outcome: 'success'
    }
  ]
}
[discovery] provider-chain {
  mode: 'date-night',
  strategy: 'hedged',
  source: 'live',
  durationMs: 2,
  budgetExhausted: false,
  requestedGroups: 4,
  successfulGroups: 4,
  failedGroups: 0,
  partial: false,
  groups: [
    {
      group: 'seasonal',
      outcome: 'success',
      durationMs: 2,
      winnerMirror: 2
    },
    {
      group: 'entertainment',
      outcome: 'success',
      durationMs: 2,
      winnerMirror: 2
    },
    {
      group: 'culture',
      outcome: 'success',
      durationMs: 1,
      winnerMirror: 2
    },
    {
      group: 'outdoor',
      outcome: 'success',
      durationMs: 2,
      winnerMirror: 2
    }
  ],
  attempts: [
    {
      group: 'culture',
      mirror: 1,
      hedgeOffsetMs: 0,
      durationMs: 0,
      outcome: 'http-error',
      status: 503
    },
    {
      group: 'culture',
      mirror: 2,
      hedgeOffsetMs: 0,
      durationMs: 1,
      outcome: 'success'
    },
    {
      group: 'entertainment',
      mirror: 1,
      hedgeOffsetMs: 0,
      durationMs: 0,
      outcome: 'http-error',
      status: 503
    },
    {
      group: 'entertainment',
      mirror: 2,
      hedgeOffsetMs: 0,
      durationMs: 1,
      outcome: 'success'
    },
    {
      group: 'outdoor',
      mirror: 1,
      hedgeOffsetMs: 0,
      durationMs: 0,
      outcome: 'http-error',
      status: 503
    },
    {
      group: 'outdoor',
      mirror: 2,
      hedgeOffsetMs: 0,
      durationMs: 2,
      outcome: 'success'
    },
    {
      group: 'seasonal',
      mirror: 1,
      hedgeOffsetMs: 0,
      durationMs: 0,
      outcome: 'http-error',
      status: 503
    },
    {
      group: 'seasonal',
      mirror: 2,
      hedgeOffsetMs: 0,
      durationMs: 1,
      outcome: 'success'
    }
  ]
}
[discovery] provider-chain {
  mode: 'date-night',
  strategy: 'hedged',
  source: 'live',
  durationMs: 1,
  budgetExhausted: false,
  requestedGroups: 1,
  successfulGroups: 1,
  failedGroups: 0,
  partial: false,
  groups: [
    {
      group: 'seasonal',
      outcome: 'success',
      durationMs: 1,
      winnerMirror: 2
    }
  ],
  attempts: [
    {
      group: 'seasonal',
      mirror: 1,
      hedgeOffsetMs: 0,
      durationMs: 0,
      outcome: 'http-error',
      status: 503
    },
    {
      group: 'seasonal',
      mirror: 2,
      hedgeOffsetMs: 0,
      durationMs: 0,
      outcome: 'success'
    }
  ]
}
[discovery] provider-chain {
  mode: 'date-night',
  strategy: 'hedged',
  source: 'live',
  durationMs: 1,
  budgetExhausted: false,
  requestedGroups: 1,
  successfulGroups: 1,
  failedGroups: 0,
  partial: false,
  groups: [
    {
      group: 'seasonal',
      outcome: 'success',
      durationMs: 1,
      winnerMirror: 2
    }
  ],
  attempts: [
    {
      group: 'seasonal',
      mirror: 1,
      hedgeOffsetMs: 0,
      durationMs: 0,
      outcome: 'http-error',
      status: 503
    },
    {
      group: 'seasonal',
      mirror: 2,
      hedgeOffsetMs: 0,
      durationMs: 1,
      outcome: 'success'
    }
  ]
}
[discovery] provider-chain {
  mode: 'date-night',
  strategy: 'hedged',
  source: 'live',
  durationMs: 2,
  budgetExhausted: false,
  requestedGroups: 4,
  successfulGroups: 4,
  failedGroups: 0,
  partial: false,
  groups: [
    {
      group: 'seasonal',
      outcome: 'success',
      durationMs: 2,
      winnerMirror: 2
    },
    {
      group: 'entertainment',
      outcome: 'success',
      durationMs: 2,
      winnerMirror: 2
    },
    {
      group: 'culture',
      outcome: 'success',
      durationMs: 1,
      winnerMirror: 2
    },
    {
      group: 'outdoor',
      outcome: 'success',
      durationMs: 2,
      winnerMirror: 2
    }
  ],
  attempts: [
    {
      group: 'culture',
      mirror: 1,
      hedgeOffsetMs: 0,
      durationMs: 0,
      outcome: 'http-error',
      status: 503
    },
    {
      group: 'culture',
      mirror: 2,
      hedgeOffsetMs: 0,
      durationMs: 1,
      outcome: 'success'
    },
    {
      group: 'entertainment',
      mirror: 1,
      hedgeOffsetMs: 0,
      durationMs: 0,
      outcome: 'http-error',
      status: 503
    },
    {
      group: 'entertainment',
      mirror: 2,
      hedgeOffsetMs: 0,
      durationMs: 2,
      outcome: 'success'
    },
    {
      group: 'outdoor',
      mirror: 1,
      hedgeOffsetMs: 0,
      durationMs: 0,
      outcome: 'http-error',
      status: 503
    },
    {
      group: 'outdoor',
      mirror: 2,
      hedgeOffsetMs: 0,
      durationMs: 2,
      outcome: 'success'
    },
    {
      group: 'seasonal',
      mirror: 1,
      hedgeOffsetMs: 0,
      durationMs: 0,
      outcome: 'http-error',
      status: 503
    },
    {
      group: 'seasonal',
      mirror: 2,
      hedgeOffsetMs: 0,
      durationMs: 1,
      outcome: 'success'
    }
  ]
}
[discovery] provider-chain {
  mode: 'date-night',
  strategy: 'hedged',
  source: 'live',
  durationMs: 1,
  budgetExhausted: false,
  requestedGroups: 1,
  successfulGroups: 1,
  failedGroups: 0,
  partial: false,
  groups: [
    {
      group: 'culture',
      outcome: 'success',
      durationMs: 0,
      winnerMirror: 2
    }
  ],
  attempts: [
    {
      group: 'culture',
      mirror: 1,
      hedgeOffsetMs: 0,
      durationMs: 0,
      outcome: 'http-error',
      status: 503
    },
    {
      group: 'culture',
      mirror: 2,
      hedgeOffsetMs: 0,
      durationMs: 0,
      outcome: 'success'
    }
  ]
}
[discovery] provider-chain {
  mode: 'date-night',
  strategy: 'hedged',
  source: 'live',
  durationMs: 1,
  budgetExhausted: false,
  requestedGroups: 1,
  successfulGroups: 1,
  failedGroups: 0,
  partial: false,
  groups: [
    {
      group: 'culture',
      outcome: 'success',
      durationMs: 1,
      winnerMirror: 2
    }
  ],
  attempts: [
    {
      group: 'culture',
      mirror: 1,
      hedgeOffsetMs: 0,
      durationMs: 0,
      outcome: 'http-error',
      status: 503
    },
    {
      group: 'culture',
      mirror: 2,
      hedgeOffsetMs: 0,
      durationMs: 1,
      outcome: 'success'
    }
  ]
}
[discovery] provider-chain {
  mode: 'date-night',
  strategy: 'hedged',
  source: 'live',
  durationMs: 5,
  budgetExhausted: false,
  requestedGroups: 4,
  successfulGroups: 4,
  failedGroups: 0,
  partial: false,
  groups: [
    {
      group: 'seasonal',
      outcome: 'success',
      durationMs: 4,
      winnerMirror: 2
    },
    {
      group: 'entertainment',
      outcome: 'success',
      durationMs: 4,
      winnerMirror: 2
    },
    {
      group: 'culture',
      outcome: 'success',
      durationMs: 1,
      winnerMirror: 2
    },
    {
      group: 'outdoor',
      outcome: 'success',
      durationMs: 4,
      winnerMirror: 2
    }
  ],
  attempts: [
    {
      group: 'culture',
      mirror: 1,
      hedgeOffsetMs: 0,
      durationMs: 1,
      outcome: 'http-error',
      status: 503
    },
    {
      group: 'culture',
      mirror: 2,
      hedgeOffsetMs: 1,
      durationMs: 1,
      outcome: 'success'
    },
    {
      group: 'entertainment',
      mirror: 1,
      hedgeOffsetMs: 0,
      durationMs: 1,
      outcome: 'http-error',
      status: 503
    },
    {
      group: 'entertainment',
      mirror: 2,
      hedgeOffsetMs: 1,
      durationMs: 4,
      outcome: 'success'
    },
    {
      group: 'outdoor',
      mirror: 1,
      hedgeOffsetMs: 0,
      durationMs: 0,
      outcome: 'http-error',
      status: 503
    },
    {
      group: 'outdoor',
      mirror: 2,
      hedgeOffsetMs: 0,
      durationMs: 4,
      outcome: 'success'
    },
    {
      group: 'seasonal',
      mirror: 1,
      hedgeOffsetMs: 0,
      durationMs: 1,
      outcome: 'http-error',
      status: 503
    },
    {
      group: 'seasonal',
      mirror: 2,
      hedgeOffsetMs: 1,
      durationMs: 3,
      outcome: 'success'
    }
  ]
}
[discovery] provider-chain {
  mode: 'date-night',
  strategy: 'hedged',
  source: 'live',
  durationMs: 1,
  budgetExhausted: false,
  requestedGroups: 1,
  successfulGroups: 1,
  failedGroups: 0,
  partial: false,
  groups: [
    {
      group: 'culture',
      outcome: 'success',
      durationMs: 1,
      winnerMirror: 2
    }
  ],
  attempts: [
    {
      group: 'culture',
      mirror: 1,
      hedgeOffsetMs: 0,
      durationMs: 0,
      outcome: 'http-error',
      status: 503
    },
    {
      group: 'culture',
      mirror: 2,
      hedgeOffsetMs: 0,
      durationMs: 0,
      outcome: 'success'
    }
  ]
}
[discovery] provider-chain {
  mode: 'date-night',
  strategy: 'hedged',
  source: 'live',
  durationMs: 1,
  budgetExhausted: false,
  requestedGroups: 1,
  successfulGroups: 1,
  failedGroups: 0,
  partial: false,
  groups: [
    {
      group: 'culture',
      outcome: 'success',
      durationMs: 1,
      winnerMirror: 2
    }
  ],
  attempts: [
    {
      group: 'culture',
      mirror: 1,
      hedgeOffsetMs: 0,
      durationMs: 0,
      outcome: 'http-error',
      status: 503
    },
    {
      group: 'culture',
      mirror: 2,
      hedgeOffsetMs: 0,
      durationMs: 0,
      outcome: 'success'
    }
  ]
}
[discovery] provider-chain {
  mode: 'date-night',
  strategy: 'hedged',
  source: 'live',
  durationMs: 2,
  budgetExhausted: false,
  requestedGroups: 4,
  successfulGroups: 4,
  failedGroups: 0,
  partial: false,
  groups: [
    {
      group: 'seasonal',
      outcome: 'success',
      durationMs: 1,
      winnerMirror: 2
    },
    {
      group: 'entertainment',
      outcome: 'success',
      durationMs: 2,
      winnerMirror: 2
    },
    {
      group: 'culture',
      outcome: 'success',
      durationMs: 1,
      winnerMirror: 2
    },
    {
      group: 'outdoor',
      outcome: 'success',
      durationMs: 2,
      winnerMirror: 2
    }
  ],
  attempts: [
    {
      group: 'culture',
      mirror: 1,
      hedgeOffsetMs: 0,
      durationMs: 0,
      outcome: 'http-error',
      status: 503
    },
    {
      group: 'culture',
      mirror: 2,
      hedgeOffsetMs: 0,
      durationMs: 0,
      outcome: 'success'
    },
    {
      group: 'entertainment',
      mirror: 1,
      hedgeOffsetMs: 0,
      durationMs: 0,
      outcome: 'http-error',
      status: 503
    },
    {
      group: 'entertainment',
      mirror: 2,
      hedgeOffsetMs: 0,
      durationMs: 1,
      outcome: 'success'
    },
    {
      group: 'outdoor',
      mirror: 1,
      hedgeOffsetMs: 0,
      durationMs: 0,
      outcome: 'http-error',
      status: 503
    },
    {
      group: 'outdoor',
      mirror: 2,
      hedgeOffsetMs: 0,
      durationMs: 2,
      outcome: 'success'
    },
    {
      group: 'seasonal',
      mirror: 1,
      hedgeOffsetMs: 0,
      durationMs: 0,
      outcome: 'http-error',
      status: 503
    },
    {
      group: 'seasonal',
      mirror: 2,
      hedgeOffsetMs: 0,
      durationMs: 1,
      outcome: 'success'
    }
  ]
}
[discovery] provider-chain {
  mode: 'date-night',
  strategy: 'hedged',
  source: 'live',
  durationMs: 1,
  budgetExhausted: false,
  requestedGroups: 1,
  successfulGroups: 1,
  failedGroups: 0,
  partial: false,
  groups: [
    {
      group: 'culture',
      outcome: 'success',
      durationMs: 0,
      winnerMirror: 2
    }
  ],
  attempts: [
    {
      group: 'culture',
      mirror: 1,
      hedgeOffsetMs: 0,
      durationMs: 0,
      outcome: 'http-error',
      status: 503
    },
    {
      group: 'culture',
      mirror: 2,
      hedgeOffsetMs: 0,
      durationMs: 0,
      outcome: 'success'
    }
  ]
}
[discovery] provider-chain {
  mode: 'date-night',
  strategy: 'hedged',
  source: 'live',
  durationMs: 1,
  budgetExhausted: false,
  requestedGroups: 2,
  successfulGroups: 2,
  failedGroups: 0,
  partial: false,
  groups: [
    {
      group: 'entertainment',
      outcome: 'success',
      durationMs: 1,
      winnerMirror: 2
    },
    {
      group: 'culture',
      outcome: 'success',
      durationMs: 1,
      winnerMirror: 2
    }
  ],
  attempts: [
    {
      group: 'culture',
      mirror: 1,
      hedgeOffsetMs: 0,
      durationMs: 0,
      outcome: 'http-error',
      status: 503
    },
    {
      group: 'culture',
      mirror: 2,
      hedgeOffsetMs: 0,
      durationMs: 1,
      outcome: 'success'
    },
    {
      group: 'entertainment',
      mirror: 1,
      hedgeOffsetMs: 0,
      durationMs: 0,
      outcome: 'http-error',
      status: 503
    },
    {
      group: 'entertainment',
      mirror: 2,
      hedgeOffsetMs: 0,
      durationMs: 1,
      outcome: 'success'
    }
  ]
}
[discovery] provider-chain {
  mode: 'date-night',
  strategy: 'hedged',
  source: 'live',
  durationMs: 2,
  budgetExhausted: false,
  requestedGroups: 4,
  successfulGroups: 4,
  failedGroups: 0,
  partial: false,
  groups: [
    {
      group: 'seasonal',
      outcome: 'success',
      durationMs: 1,
      winnerMirror: 2
    },
    {
      group: 'entertainment',
      outcome: 'success',
      durationMs: 2,
      winnerMirror: 2
    },
    {
      group: 'culture',
      outcome: 'success',
      durationMs: 1,
      winnerMirror: 2
    },
    {
      group: 'outdoor',
      outcome: 'success',
      durationMs: 2,
      winnerMirror: 2
    }
  ],
  attempts: [
    {
      group: 'culture',
      mirror: 1,
      hedgeOffsetMs: 0,
      durationMs: 0,
      outcome: 'http-error',
      status: 503
    },
    {
      group: 'culture',
      mirror: 2,
      hedgeOffsetMs: 0,
      durationMs: 0,
      outcome: 'success'
    },
    {
      group: 'entertainment',
      mirror: 1,
      hedgeOffsetMs: 0,
      durationMs: 0,
      outcome: 'http-error',
      status: 503
    },
    {
      group: 'entertainment',
      mirror: 2,
      hedgeOffsetMs: 0,
      durationMs: 1,
      outcome: 'success'
    },
    {
      group: 'outdoor',
      mirror: 1,
      hedgeOffsetMs: 0,
      durationMs: 0,
      outcome: 'http-error',
      status: 503
    },
    {
      group: 'outdoor',
      mirror: 2,
      hedgeOffsetMs: 0,
      durationMs: 1,
      outcome: 'success'
    },
    {
      group: 'seasonal',
      mirror: 1,
      hedgeOffsetMs: 0,
      durationMs: 0,
      outcome: 'http-error',
      status: 503
    },
    {
      group: 'seasonal',
      mirror: 2,
      hedgeOffsetMs: 0,
      durationMs: 1,
      outcome: 'success'
    }
  ]
}
✔ real handler was: forward/reverse seasonal and ordinary flags, result order, later mirror (38.633448ms)
✔ real handler was: reconstructed contextual seasonal evidence and ordinary namespace parity (5.820052ms)
✔ all supported active seasonal contexts carry simple lifecycle flags independent of category (4.876188ms)
✔ different groups, completion order, duplicate identities and disused/permanent conflicts remain deterministic (7.143039ms)
✔ lifecycle-only, false flags, generic contexts and unsupported status tags never create eligible seasonal leakage (12.045957ms)
✔ negative-key search is exclusively set-bounded, positive queries stay narrow and hostile input never interpolates (0.784083ms)
✔ seasonal live success survives stalled parks and merges saved coverage with honest partial metadata (39.98494ms)
✔ entertainment survives seasonal HTTP failure with selected failed coverage retained (9.980151ms)
✔ valid empty requested group is successful coverage, distinct from missing venues and failed acquisition (2.543799ms)
✔ valid empty success with a failed sibling remains partial live, not fallback or terminal error (3.071775ms)
✔ cross-group equal OSM identity unions disjoint classifications despite changed provider name (5.307379ms)
✔ identical cross-group evidence is deduplicated and permanently closed evidence dominates active siblings (5.176361ms)
✔ malformed missing-elements sibling cannot erase valid seasonal live response (2.269735ms)
✔ malformed remark sibling cannot erase valid seasonal live response (6.886201ms)
✔ malformed invalid-json sibling cannot erase valid seasonal live response (2.526602ms)
✔ all four groups/mirrors stalled settle honest saved fallback at 12.5s (8.526036ms)
✔ all four groups/mirrors stalled settle terminal error at 12.5s (12.344789ms)
✔ all valid-empty groups are live coverage rather than outage even with zero venues (3.129293ms)
✔ Date Night ordinary partial UI preserves live picks and discloses failed groups (917.144215ms)
✔ Date Night seasonal partial UI preserves live picks and discloses failed groups (72.709783ms)
✔ query cost: leisure uses the complete finite exact-value carrier in every independent group (3.91663ms)
✔ query cost: amenity uses the complete finite exact-value carrier in every independent group (1.041843ms)
✔ query cost: tourism uses the complete finite exact-value carrier in every independent group (0.843433ms)
✔ query cost: attraction uses the complete finite exact-value carrier in every independent group (0.525733ms)
✔ query cost: sport uses the complete finite exact-value carrier in every independent group (0.836383ms)
✔ query cost: landuse uses the complete finite exact-value carrier in every independent group (11.892546ms)
✔ query cost: exact acquisition has no extra keys, duplicate clauses or unbounded selectors (1.192289ms)
✔ query cost: the structure guard rejects the diagnosed cinema regex even when shorter (1.741108ms)
✔ query cost: positive query statements and prefixed carrier statements remain unchanged for every measured plan (1.779385ms)
✔ query cost: all 154 audited interpretations and all 111 negative acquisitions survive every requested group (438.094141ms)
✔ query cost: arbitrary permanent suffixes and non-finite lifecycle values remain set-bounded and reachable (17.363122ms)
✔ query cost: equality preserves old acquisition for finite values and near misses, with and without lifecycle flags (800.254087ms)
✔ query cost: four independent groups and the four fixed mirrors remain unchanged (0.794209ms)
[discovery] provider-chain {
  mode: 'date-night',
  strategy: 'hedged',
  source: 'live',
  durationMs: 6,
  budgetExhausted: false,
  requestedGroups: 1,
  successfulGroups: 1,
  failedGroups: 0,
  partial: false,
  groups: [
    {
      group: 'seasonal',
      outcome: 'success',
      durationMs: 6,
      winnerMirror: 2
    }
  ],
  attempts: [
    {
      group: 'seasonal',
      mirror: 1,
      hedgeOffsetMs: 0,
      durationMs: 5,
      outcome: 'http-error',
      status: 503
    },
    {
      group: 'seasonal',
      mirror: 2,
      hedgeOffsetMs: 5,
      durationMs: 1,
      outcome: 'success'
    }
  ]
}
[discovery] provider-chain {
  mode: 'date-night',
  strategy: 'hedged',
  source: 'live',
  durationMs: 6,
  budgetExhausted: false,
  requestedGroups: 1,
  successfulGroups: 1,
  failedGroups: 0,
  partial: false,
  groups: [
    {
      group: 'seasonal',
      outcome: 'success',
      durationMs: 1,
      winnerMirror: 2
    }
  ],
  attempts: [
    {
      group: 'seasonal',
      mirror: 1,
      hedgeOffsetMs: 0,
      durationMs: 0,
      outcome: 'http-error',
      status: 503
    },
    {
      group: 'seasonal',
      mirror: 2,
      hedgeOffsetMs: 0,
      durationMs: 1,
      outcome: 'success'
    }
  ]
}
[discovery] provider-chain {
  mode: 'date-night',
  strategy: 'hedged',
  source: 'live',
  durationMs: 2,
  budgetExhausted: false,
  requestedGroups: 1,
  successfulGroups: 1,
  failedGroups: 0,
  partial: false,
  groups: [
    {
      group: 'seasonal',
      outcome: 'success',
      durationMs: 2,
      winnerMirror: 2
    }
  ],
  attempts: [
    {
      group: 'seasonal',
      mirror: 1,
      hedgeOffsetMs: 0,
      durationMs: 1,
      outcome: 'http-error',
      status: 503
    },
    {
      group: 'seasonal',
      mirror: 2,
      hedgeOffsetMs: 1,
      durationMs: 1,
      outcome: 'success'
    }
  ]
}
[discovery] provider-chain {
  mode: 'date-night',
  strategy: 'hedged',
  source: 'live',
  durationMs: 1,
  budgetExhausted: false,
  requestedGroups: 1,
  successfulGroups: 1,
  failedGroups: 0,
  partial: false,
  groups: [
    {
      group: 'seasonal',
      outcome: 'success',
      durationMs: 1,
      winnerMirror: 2
    }
  ],
  attempts: [
    {
      group: 'seasonal',
      mirror: 1,
      hedgeOffsetMs: 0,
      durationMs: 0,
      outcome: 'http-error',
      status: 503
    },
    {
      group: 'seasonal',
      mirror: 2,
      hedgeOffsetMs: 0,
      durationMs: 1,
      outcome: 'success'
    }
  ]
}
[discovery] provider-chain {
  mode: 'date-night',
  strategy: 'hedged',
  source: 'live',
  durationMs: 3,
  budgetExhausted: false,
  requestedGroups: 1,
  successfulGroups: 1,
  failedGroups: 0,
  partial: false,
  groups: [
    {
      group: 'seasonal',
      outcome: 'success',
      durationMs: 3,
      winnerMirror: 2
    }
  ],
  attempts: [
    {
      group: 'seasonal',
      mirror: 1,
      hedgeOffsetMs: 0,
      durationMs: 1,
      outcome: 'http-error',
      status: 503
    },
    {
      group: 'seasonal',
      mirror: 2,
      hedgeOffsetMs: 1,
      durationMs: 2,
      outcome: 'success'
    }
  ]
}
[discovery] provider-chain {
  mode: 'date-night',
  strategy: 'hedged',
  source: 'live',
  durationMs: 2,
  budgetExhausted: false,
  requestedGroups: 1,
  successfulGroups: 1,
  failedGroups: 0,
  partial: false,
  groups: [
    {
      group: 'seasonal',
      outcome: 'success',
      durationMs: 2,
      winnerMirror: 2
    }
  ],
  attempts: [
    {
      group: 'seasonal',
      mirror: 1,
      hedgeOffsetMs: 0,
      durationMs: 0,
      outcome: 'http-error',
      status: 503
    },
    {
      group: 'seasonal',
      mirror: 2,
      hedgeOffsetMs: 0,
      durationMs: 2,
      outcome: 'success'
    }
  ]
}
[discovery] provider-chain {
  mode: 'date-night',
  strategy: 'hedged',
  source: 'live',
  durationMs: 4,
  budgetExhausted: false,
  requestedGroups: 4,
  successfulGroups: 4,
  failedGroups: 0,
  partial: false,
  groups: [
    {
      group: 'seasonal',
      outcome: 'success',
      durationMs: 4,
      winnerMirror: 2
    },
    {
      group: 'entertainment',
      outcome: 'success',
      durationMs: 4,
      winnerMirror: 2
    },
    {
      group: 'culture',
      outcome: 'success',
      durationMs: 4,
      winnerMirror: 2
    },
    {
      group: 'outdoor',
      outcome: 'success',
      durationMs: 3,
      winnerMirror: 2
    }
  ],
  attempts: [
    {
      group: 'culture',
      mirror: 1,
      hedgeOffsetMs: 0,
      durationMs: 1,
      outcome: 'http-error',
      status: 503
    },
    {
      group: 'culture',
      mirror: 2,
      hedgeOffsetMs: 1,
      durationMs: 3,
      outcome: 'success'
    },
    {
      group: 'entertainment',
      mirror: 1,
      hedgeOffsetMs: 0,
      durationMs: 1,
      outcome: 'http-error',
      status: 503
    },
    {
      group: 'entertainment',
      mirror: 2,
      hedgeOffsetMs: 1,
      durationMs: 3,
      outcome: 'success'
    },
    {
      group: 'outdoor',
      mirror: 1,
      hedgeOffsetMs: 0,
      durationMs: 1,
      outcome: 'http-error',
      status: 503
    },
    {
      group: 'outdoor',
      mirror: 2,
      hedgeOffsetMs: 1,
      durationMs: 3,
      outcome: 'success'
    },
    {
      group: 'seasonal',
      mirror: 1,
      hedgeOffsetMs: 0,
      durationMs: 1,
      outcome: 'http-error',
      status: 503
    },
    {
      group: 'seasonal',
      mirror: 2,
      hedgeOffsetMs: 1,
      durationMs: 3,
      outcome: 'success'
    }
  ]
}
[discovery] provider-chain {
  mode: 'date-night',
  strategy: 'hedged',
  source: 'live',
  durationMs: 8,
  budgetExhausted: false,
  requestedGroups: 4,
  successfulGroups: 4,
  failedGroups: 0,
  partial: false,
  groups: [
    {
      group: 'seasonal',
      outcome: 'success',
      durationMs: 7,
      winnerMirror: 2
    },
    {
      group: 'entertainment',
      outcome: 'success',
      durationMs: 7,
      winnerMirror: 2
    },
    {
      group: 'culture',
      outcome: 'success',
      durationMs: 7,
      winnerMirror: 2
    },
    {
      group: 'outdoor',
      outcome: 'success',
      durationMs: 7,
      winnerMirror: 2
    }
  ],
  attempts: [
    {
      group: 'culture',
      mirror: 1,
      hedgeOffsetMs: 0,
      durationMs: 1,
      outcome: 'http-error',
      status: 503
    },
    {
      group: 'culture',
      mirror: 2,
      hedgeOffsetMs: 1,
      durationMs: 6,
      outcome: 'success'
    },
    {
      group: 'entertainment',
      mirror: 1,
      hedgeOffsetMs: 0,
      durationMs: 1,
      outcome: 'http-error',
      status: 503
    },
    {
      group: 'entertainment',
      mirror: 2,
      hedgeOffsetMs: 1,
      durationMs: 6,
      outcome: 'success'
    },
    {
      group: 'outdoor',
      mirror: 1,
      hedgeOffsetMs: 0,
      durationMs: 1,
      outcome: 'http-error',
      status: 503
    },
    {
      group: 'outdoor',
      mirror: 2,
      hedgeOffsetMs: 1,
      durationMs: 6,
      outcome: 'success'
    },
    {
      group: 'seasonal',
      mirror: 1,
      hedgeOffsetMs: 0,
      durationMs: 1,
      outcome: 'http-error',
      status: 503
    },
    {
      group: 'seasonal',
      mirror: 2,
      hedgeOffsetMs: 1,
      durationMs: 6,
      outcome: 'success'
    }
  ]
}
[discovery] provider-chain {
  mode: 'date-night',
  strategy: 'hedged',
  source: 'live',
  durationMs: 8,
  budgetExhausted: false,
  requestedGroups: 3,
  successfulGroups: 3,
  failedGroups: 0,
  partial: false,
  groups: [
    {
      group: 'entertainment',
      outcome: 'empty',
      durationMs: 7,
      winnerMirror: 1
    },
    {
      group: 'culture',
      outcome: 'success',
      durationMs: 7,
      winnerMirror: 1
    },
    {
      group: 'outdoor',
      outcome: 'empty',
      durationMs: 7,
      winnerMirror: 1
    }
  ],
  attempts: [
    {
      group: 'culture',
      mirror: 1,
      hedgeOffsetMs: 0,
      durationMs: 7,
      outcome: 'success'
    },
    {
      group: 'entertainment',
      mirror: 1,
      hedgeOffsetMs: 0,
      durationMs: 7,
      outcome: 'empty'
    },
    {
      group: 'outdoor',
      mirror: 1,
      hedgeOffsetMs: 0,
      durationMs: 7,
      outcome: 'empty'
    }
  ]
}
[discovery] provider-chain {
  mode: 'date-night',
  strategy: 'hedged',
  source: 'merged',
  durationMs: 1,
  budgetExhausted: false,
  requestedGroups: 1,
  successfulGroups: 1,
  failedGroups: 0,
  partial: false,
  groups: [
    {
      group: 'culture',
      outcome: 'empty',
      durationMs: 0,
      winnerMirror: 1
    }
  ],
  attempts: [
    {
      group: 'culture',
      mirror: 1,
      hedgeOffsetMs: 0,
      durationMs: 0,
      outcome: 'empty'
    }
  ]
}
[discovery] provider-chain {
  mode: 'date-night',
  strategy: 'hedged',
  source: 'merged',
  durationMs: 1,
  budgetExhausted: false,
  requestedGroups: 1,
  successfulGroups: 1,
  failedGroups: 0,
  partial: false,
  groups: [
    {
      group: 'seasonal',
      outcome: 'empty',
      durationMs: 1,
      winnerMirror: 1
    }
  ],
  attempts: [
    {
      group: 'seasonal',
      mirror: 1,
      hedgeOffsetMs: 0,
      durationMs: 1,
      outcome: 'empty'
    }
  ]
}
[discovery] provider-chain {
  mode: 'date-night',
  strategy: 'hedged',
  source: 'merged',
  durationMs: 1,
  budgetExhausted: false,
  requestedGroups: 1,
  successfulGroups: 1,
  failedGroups: 0,
  partial: false,
  groups: [
    {
      group: 'culture',
      outcome: 'empty',
      durationMs: 0,
      winnerMirror: 1
    }
  ],
  attempts: [
    {
      group: 'culture',
      mirror: 1,
      hedgeOffsetMs: 0,
      durationMs: 0,
      outcome: 'empty'
    }
  ]
}
✔ all Date Night database selectors use exact keys; lifecycle regex keys are bounded to a named set (4.390035ms)
✔ all 6167 canonical fixtures preserve selected positive semantics and broad identity-negative lifecycle acquisition (2344.246844ms)
✔ bounded context preselection never leaks generic places into seasonal output (14.166047ms)
✔ precise and lifecycle selectors stay independent of the active context set (8.559497ms)
✔ query fixture interpreter rejects missing/unknown sets, unbounded selectors and unexpected output grammar (3.339799ms)
✔ exact text keys preserve classifier key casing while still matching case-insensitive values (14.440922ms)
✔ Anything, omitted and empty category input produce all and only active query groups (1.27256ms)
✔ specific categories plan only required groups and combine selected siblings (0.301706ms)
✔ query plans and normalized coverage signatures are deterministic without mutating caller input (0.507386ms)
✔ Halloween OFF strips stale seasonal selections and preserves existing Anything fallback (1.56382ms)
✔ activity validation rejects malformed, inherited, unknown and query-injection inputs (0.915091ms)
✔ every ordinary category owns exact active clauses and shares supported identity-negative companions (159.567338ms)
✔ query construction independently enforces concrete whitelist input, finite coordinates and capped radius (0.661368ms)
✔ seasonal-only queries do not acquire unrelated ordinary or seasonal offerings (6.863988ms)
✔ precise seasonal attraction and agricultural maze representations remain reachable (2.786235ms)
✔ selected seasonal metadata remains reachable across every supported context, field and separator (78.426876ms)
✔ retained Exeter theme-park record remains acquired by a Corn Maze-only plan (0.793066ms)
✔ narrowed seasonal acquisition retains lifecycle-only evidence previously reached through broad contexts (19.08599ms)
✔ real selected query cannot resurrect an active duplicate by dropping its lifecycle-only theme-park record (22.144707ms)
✔ RV2 demolished=yes real acquisition parity: anything (7.416351ms)
ℹ {"selection":["anything"],"source":"live","partial":false,"eligible":[],"acquired":["date-night-osm-node-9201","date-night-osm-node-9202"]}
✔ RV2 demolished=yes real acquisition parity: corn-maze + pumpkin-patch (4.655095ms)
ℹ {"selection":["corn-maze","pumpkin-patch"],"source":"live","partial":false,"eligible":[],"acquired":["date-night-osm-node-9201","date-night-osm-node-9202"]}
✔ RV2 demolished=yes real acquisition parity: pumpkin-patch (1.224267ms)
ℹ {"selection":["pumpkin-patch"],"source":"live","partial":false,"eligible":[],"acquired":["date-night-osm-node-9202"]}
✔ RV2 demolished=yes real acquisition parity: corn-maze (2.553293ms)
ℹ {"selection":["corn-maze"],"source":"live","partial":false,"eligible":[],"acquired":["date-night-osm-node-9201","date-night-osm-node-9202"]}
✔ V-DR-01 cross-tag demolition excludes active Corn identity for corn-maze in either provider/result order (23.602416ms)
✔ V-DR-01 cross-tag demolition excludes active Corn identity for pumpkin-patch in either provider/result order (18.980151ms)
✔ V-DR-01 cross-tag demolition excludes active Corn identity for corn-maze + pumpkin-patch in either provider/result order (20.037617ms)
✔ V-DR-01 cross-tag demolition excludes active Corn identity for anything in either provider/result order (21.170897ms)
✔ V-DR-01 Pumpkin-only retains reverse demolished:corn_maze lifecycle companion (11.164307ms)
✔ V-DR-01 Pumpkin-only retains reverse disused:haunted_house lifecycle companion (2.208622ms)
✔ V-DR-01 ordinary Movies narrowing retains matching Museum demolition with Halloween both OFF and ON (14.092776ms)
✔ V-DR-01 Halloween OFF preserves the same seasonal-classification boundary for Anything and narrowed ordinary queries (13.039126ms)
✔ V-DR-01 unrelated negatives cannot suppress an active identity or leak into eligible positive results (3.914216ms)
✔ V-DR-01 negative companions span supported categories while affirmative clauses remain narrow (49.819277ms)
✔ narrowed acquisition never turns generic, negative or unrelated evidence into seasonal classification (11.605793ms)
✔ real server validator rejects hostile category input before any provider request (3.897752ms)
✔ real server request uses validated selected clauses, normalizes inactive seasonal input and preserves radius cap (5.563084ms)
✔ radial cache counts valid-empty successful patches as proof and outer success never covers missing core (20.44969ms)
✔ a failed outermost patch preserves 0–40 completeness; retry work is only missing patch/category (5.478227ms)
✔ radial cache rejects fallback as coverage (0.573916ms)
✔ radial cache rejects failed as coverage (0.441386ms)
✔ radial cache rejects cancelled as coverage (0.431832ms)
✔ radial cache rejects cache-hit as coverage (0.378511ms)
✔ radial cache rejects legacy as coverage (1.435256ms)
✔ radial cache rejects wrong-patch as coverage (0.428457ms)
✔ radial cache rejects wrong-version as coverage (3.8641ms)
✔ positive circle overlap is owned once; identities/evidence dedupe without clipping classifications (11.579624ms)
✔ radial V-DR-02: maxEntries eviction cannot resurrect superseded patch/category authority (2.616909ms)
✔ radial V-DR-02: maxVenues eviction cannot resurrect superseded patch/category authority (1.474345ms)
✔ radial cross-patch/category negative evidence suppresses positives and eviction cannot resurrect them (4.83685ms)
✔ legacy disk authority and patch authority never satisfy or supersede one another (0.78168ms)
✔ TTL/eviction remove proof; radius and semantic changes are scoped; local eligibility strictly clips (6.117701ms)
✔ radial IDs and geometry are deterministic; larger plans preserve the exact inner prefix (3.184566ms)
✔ radial partition has no sampled holes or double owners at 37.176447,-94.310223 (243.481999ms)
✔ radial partition has no sampled holes or double owners at 0,179.99 (137.769032ms)
✔ radial partition has no sampled holes or double owners at 80,-179.99 (165.339478ms)
✔ radial partition has no sampled holes or double owners at -80,30 (136.042872ms)
✔ every sector corner fits its bounded circle; no patch approaches a 50-mile monolith (0.579154ms)
✔ exact poles have a deterministic bearing frame and complete bounded coverage (6.571337ms)
✔ out-of-radius points have no logical owner and overlap maps to only one patch (0.567457ms)
✔ server resolves only enumerated patch IDs and rejects arbitrary geometry and hostile inputs (8.120915ms)
✔ continuous coverage requires every inner patch and requested category; outer success cannot fill a gap (7.252775ms)
✔ eviction/removal of a required proof makes continuous coverage incomplete; smaller maximum clips the claim (1.254403ms)
✔ actual patch RPC derives bounded geometry on the server and clips overlapping positive rows (28.882555ms)
✔ patch RPC rejects geometry/query injection, unknown IDs, and unauthorized outer patches before fetch (2.399531ms)
✔ patch group valid-empty remains authoritative and is not saved fallback (1.059719ms)
✔ patch provider cancellation forwards request signal, aborts attempts and stops hedges (232.479606ms)
✔ actual UI: core completes first, actions enable before maximum coverage and outer work continues serially (437.555276ms)
✔ actual UI: open ResultOverlay stays stable when outer venues arrive; next action uses fresh pool (47.330973ms)
✔ actual UI: open OptionsOverlay stays stable when outer venues arrive; next action uses fresh pool (24.674053ms)
✔ actual UI: open DateNightPlanOverlay stays stable when outer venues arrive; next action uses fresh pool (26.723897ms)
✔ middle failure leaves a truthful gap, retains nearby picks, and retry targets only the failed sector (58.246674ms)
✔ outermost failure preserves complete 0–40 and no failure triggers runaway auto-retry (876.891242ms)
✔ three consecutive degraded outer patches stop the bounded pass and preserve inner results (22.583268ms)
✔ 15→50 schedules only missing outer work; decreasing cancels obsolete work without refetch or late admission (12.653605ms)
✔ shrinking while core is in flight retains the necessary core request and strictly clips future venues (10.586244ms)
✔ all local-only filters cause zero RPCs and do not cancel background expansion (22.61034ms)
✔ location changes invalidate incompatible coverage and late outer responses cannot mutate new origin (12.99585ms)
✔ all-stall core settles by watchdog, does not expand, and explicit retry reacquires only core (22.732333ms)
✔ saved core fallback remains usable and exposes an explicit missing-area retry without false coverage (24.252728ms)
✔ dinner: success settles active UI and clears watchdog before deadline (560.936797ms)
✔ dinner: fallback settles active UI and clears watchdog before deadline (10.545272ms)
✔ dinner: error settles active UI and clears watchdog before deadline (5.2553ms)
✔ dinner: AbortError settles active UI and clears watchdog before deadline (3.981919ms)
✔ dinner: never-settling/abort-ignoring RPC exits loading at 25s (15.246076ms)
✔ dinner: abort-compliant RPC exits loading at 25s (11.59026ms)
✔ dinner: late post-timeout success cannot overwrite timeout or a successful retry (18.116678ms)
✔ dinner: late post-timeout rejection cannot overwrite timeout or a successful retry (11.724302ms)
✔ dinner: replacement aborts old success; old settles first (17.11778ms)
✔ dinner: replacement aborts old success; new settles first (18.249379ms)
✔ dinner: replacement aborts old rejection; old settles first (32.142513ms)
✔ dinner: replacement aborts old rejection; new settles first (19.644353ms)
✔ dinner: unmount aborts/cleans up; success cannot write after unmount (11.990684ms)
✔ dinner: unmount aborts/cleans up; rejection cannot write after unmount (12.992836ms)
✔ dinner: unmount aborts/cleans up; pending cannot write after unmount (6.418185ms)
✔ dinner: radius update cancels obsolete transport or retains still-needed core; normal selection works (22.992796ms)
✔ dinner: timeout then retry success remains current when the first RPC finally resolves (7.676133ms)
✔ date-night: success settles active UI and clears watchdog before deadline (315.667112ms)
✔ date-night: fallback settles active UI and clears watchdog before deadline (23.63142ms)
✔ date-night: error settles active UI and clears watchdog before deadline (4.390846ms)
✔ date-night: AbortError settles active UI and clears watchdog before deadline (3.214911ms)
✔ date-night: never-settling/abort-ignoring RPC exits loading at 25s (4.160669ms)
✔ date-night: abort-compliant RPC exits loading at 25s (4.839373ms)
✔ date-night: late post-timeout success cannot overwrite timeout or a successful retry (7.511525ms)
✔ date-night: late post-timeout rejection cannot overwrite timeout or a successful retry (15.310794ms)
✔ date-night: replacement aborts old success; old settles first (10.145654ms)
✔ date-night: replacement aborts old success; new settles first (7.591736ms)
✔ date-night: replacement aborts old rejection; old settles first (9.587066ms)
✔ date-night: replacement aborts old rejection; new settles first (7.716034ms)
✔ date-night: unmount aborts/cleans up; success cannot write after unmount (6.011712ms)
✔ date-night: unmount aborts/cleans up; rejection cannot write after unmount (5.315481ms)
✔ date-night: unmount aborts/cleans up; pending cannot write after unmount (5.344245ms)
✔ date-night: radius update cancels obsolete transport or retains still-needed core; normal selection works (16.383018ms)
✔ date-night: timeout then retry success remains current when the first RPC finally resolves (7.585066ms)
✔ nightlife: success settles active UI and clears watchdog before deadline (69.959098ms)
✔ nightlife: fallback settles active UI and clears watchdog before deadline (2.767747ms)
✔ nightlife: error settles active UI and clears watchdog before deadline (1.441065ms)
✔ nightlife: AbortError settles active UI and clears watchdog before deadline (1.105549ms)
✔ nightlife: never-settling/abort-ignoring RPC exits loading at 25s (3.522164ms)
✔ nightlife: abort-compliant RPC exits loading at 25s (4.441682ms)
✔ nightlife: late post-timeout success cannot overwrite timeout or a successful retry (7.40888ms)
✔ nightlife: late post-timeout rejection cannot overwrite timeout or a successful retry (7.082378ms)
✔ nightlife: replacement aborts old success; old settles first (2.601486ms)
✔ nightlife: replacement aborts old success; new settles first (6.829656ms)
✔ nightlife: replacement aborts old rejection; old settles first (7.216329ms)
✔ nightlife: replacement aborts old rejection; new settles first (2.693585ms)
✔ nightlife: unmount aborts/cleans up; success cannot write after unmount (7.000743ms)
✔ nightlife: unmount aborts/cleans up; rejection cannot write after unmount (6.184963ms)
✔ nightlife: unmount aborts/cleans up; pending cannot write after unmount (6.615002ms)
✔ nightlife: radius update cancels obsolete transport or retains still-needed core; normal selection works (4.258696ms)
✔ nightlife: timeout then retry success remains current when the first RPC finally resolves (2.543758ms)
✔ Date Night: seasonal dependency replacement aborts the previous request (4.219418ms)
✔ pinned TanStack RPC forwards the exact controller signal to fetch and settles on abort (50.330238ms)
✔ shared lifecycle also settles synchronous RPC throws without leaving a watchdog (4.684579ms)
✔ dinner: headers stalls settle fallback within the provider bound (34.960776ms)
✔ dinner: headers stalls settle error within the provider bound (2.640074ms)
✔ dinner: body stalls settle fallback within the provider bound (79.823083ms)
✔ dinner: body stalls settle error within the provider bound (2.260982ms)
✔ dinner: first stall then second success returns at 8s and clears timers (18.822873ms)
✔ dinner: immediate 429 advances without delay; saved coverage and terminal error preserved (41.523309ms)
✔ dinner: immediate 500 advances without delay; saved coverage and terminal error preserved (18.021285ms)
✔ dinner: immediate 504 advances without delay; saved coverage and terminal error preserved (28.13117ms)
✔ dinner: immediate missing-elements advances without delay; saved coverage and terminal error preserved (20.635549ms)
✔ dinner: immediate remark advances without delay; saved coverage and terminal error preserved (15.883248ms)
✔ dinner: immediate invalid-json advances without delay; saved coverage and terminal error preserved (10.781369ms)
✔ dinner: valid empty results retain mode-specific mirror and source semantics (2.758012ms)
✔ dinner: normal first success is quiet, abort errors categorized, raw exceptions never logged (11.314594ms)
✔ date-night: headers stalls settle fallback within the provider bound (212.049884ms)
✔ date-night: headers stalls settle error within the provider bound (2.447483ms)
✔ date-night: body stalls settle fallback within the provider bound (8.55516ms)
✔ date-night: body stalls settle error within the provider bound (1.245219ms)
✔ date-night: first stall then second success returns at 1.5s and clears timers (2.719254ms)
✔ date-night: immediate 429 advances without delay; saved coverage and terminal error preserved (1.883192ms)
✔ date-night: immediate 500 advances without delay; saved coverage and terminal error preserved (1.399402ms)
✔ date-night: immediate 504 advances without delay; saved coverage and terminal error preserved (1.415015ms)
✔ date-night: immediate missing-elements advances without delay; saved coverage and terminal error preserved (2.10762ms)
✔ date-night: immediate remark advances without delay; saved coverage and terminal error preserved (1.785354ms)
✔ date-night: immediate invalid-json advances without delay; saved coverage and terminal error preserved (2.649889ms)
✔ date-night: valid empty results retain mode-specific mirror and source semantics (0.958887ms)
✔ date-night: normal first success is quiet, abort errors categorized, raw exceptions never logged (1.182724ms)
✔ nightlife: headers stalls settle fallback within the provider bound (2.33319ms)
✔ nightlife: headers stalls settle error within the provider bound (8.843105ms)
✔ nightlife: body stalls settle fallback within the provider bound (0.872927ms)
✔ nightlife: body stalls settle error within the provider bound (0.79524ms)
✔ nightlife: first stall then second success returns at 8s and clears timers (1.58359ms)
✔ nightlife: immediate 429 advances without delay; saved coverage and terminal error preserved (1.189735ms)
✔ nightlife: immediate 500 advances without delay; saved coverage and terminal error preserved (0.997795ms)
✔ nightlife: immediate 504 advances without delay; saved coverage and terminal error preserved (0.833498ms)
✔ nightlife: immediate missing-elements advances without delay; saved coverage and terminal error preserved (1.045578ms)
✔ nightlife: immediate remark advances without delay; saved coverage and terminal error preserved (1.079859ms)
✔ nightlife: immediate invalid-json advances without delay; saved coverage and terminal error preserved (1.331279ms)
✔ nightlife: valid empty results retain mode-specific mirror and source semantics (0.472032ms)
✔ nightlife: normal first success is quiet, abort errors categorized, raw exceptions never logged (0.757293ms)
✔ Dinner retains successful-empty precedence when subsequent mirrors exhaust the budget (2.553303ms)
✔ shared provider attempt uses native timer and real fetch body abort (115.421452ms)
✔ Nitro final streaming head: pickforus.app/ (23.555505ms)
✔ Nitro final streaming head: pickforus.app/settings (5.222701ms)
✔ Nitro final streaming head: pickforus.app/history (7.624335ms)
✔ Nitro final streaming head: pickforus.app/favorites (7.775143ms)
✔ Nitro final streaming head: dinner-roulette-chi.vercel.app/ (19.863113ms)
✔ Nitro final streaming head: dinner-roulette-chi.vercel.app/settings (4.882849ms)
✔ Nitro final streaming head: dinner-roulette-chi.vercel.app/history (3.106097ms)
✔ Nitro final streaming head: dinner-roulette-chi.vercel.app/favorites (11.228333ms)
✔ Nitro final streaming head: dinner-roulette-candidate-minions.vercel.app/ (4.061218ms)
✔ Nitro final streaming head: dinner-roulette-candidate-minions.vercel.app/settings (10.978376ms)
✔ Nitro final streaming head: dinner-roulette-candidate-minions.vercel.app/history (2.256054ms)
✔ Nitro final streaming head: dinner-roulette-candidate-minions.vercel.app/favorites (2.106619ms)
✔ canonical authority ignores stale public-host env and strips query/hash/trailing slash (2.492411ms)
✔ unknown/system/local hosts cannot become indexable canonical origins (0.733617ms)
✔ Nitro compatibility manifests match static public manifest without a workspace filesystem (6.88541ms)
✔ Nitro install tutorial has coherent identity, relative app link and noindex (0.995592ms)
✔ Nitro preserves non-document, non-GET and encoded responses (0.399884ms)
✔ Vite dev final response and installation endpoints (127.086123ms)
✔ Vite preview final response and installation endpoints (92.716565ms)
✔ injects before </head> (4.270915ms)
✔ injects the extensions script without a project id (0.539303ms)
✔ injects project id on the script and meta when provided (8.427808ms)
✔ does not duplicate grok:app_id (1.21947ms)
✔ omits x:creator tags without both creator values (1.268214ms)
✔ injects x:creator tags when both creator values are set (0.341416ms)
✔ escapes x:creator values (0.267153ms)
✔ does not duplicate x:creator tags (0.55683ms)
✔ platform chrome overwrites share-card metas and always sets og:title (0.675119ms)
✔ does not duplicate twitter:card or og:title (0.689971ms)
✔ a baked site.image is treated as a custom card (0.932407ms)
✔ baked identity does not need a workspace filesystem (0.782511ms)
✔ a public card file wins over a baked site without card=custom (1.229956ms)
✔ public/og.png wins when jpg is absent (1.432872ms)
✔ resolveOgCardAsset: disk file, then bake, then empty (placeholder) (1.135563ms)
✔ snapshotOgIdentity stamps card=custom from a public card file (0.974079ms)
✔ snapshotOgIdentity stamps banner from public/x-banner.jpg (0.237288ms)
✔ emits x:game:image for a public host when site.banner is set (0.210167ms)
✔ does not emit x:game:image without a public host or banner (0.254704ms)
✔ site title Grok App is a real name, not a sentinel (0.252351ms)
✔ published grok.me slug is still a title fallback (2.385279ms)
✔ rejects Vercel system hosts as og:image origins (0.19198ms)
✔ published VITE_PUBLIC_HOSTNAME wins over request Host for og:image (0.264819ms)
✔ vercel Host without a public hostname emits no og:image (0.142555ms)
✔ emits og:image for a public host and prefers a custom card (0.213612ms)
✔ placeholder og:image appends site.color when it is 6-digit hex (0.224549ms)
✔ document title entities are not double-escaped on og:title (0.19849ms)
✔ site.json title wins over the host slug (0.135144ms)
✔ injects into documents with no head element (0.281525ms)
✔ streaming injector matches </HEAD> case-insensitively (0.442548ms)
✔ does not duplicate the extensions script (0.266212ms)
✔ is idempotent (0.296677ms)
✔ uses the app name in the injected title tag (1.654396ms)
✔ streaming injector handles </head> split across chunks (0.764133ms)
✔ streaming injector passes post-head chunks through untouched (0.2585ms)
✔ streaming injector falls back when no </head> is seen (0.266392ms)
✔ detects install query (0.226201ms)
✔ filters non-document paths (0.295446ms)
✔ strips install params from the app link (0.227724ms)
✔ uses product identity as the host-name fallback (0.088143ms)
✔ rejects hosts that are not plain slugs (0.057747ms)
✔ renders install page markup (0.206041ms)
✔ escapes host-derived values in the install page (0.120572ms)
✔ renders the compatibility manifest with the product identity (0.195104ms)
✔ vite config keeps the nitro serverDir wiring (0.3907ms)
✔ nitro middleware and its bundled assets exist (4.859373ms)
✔ vite plugin bakes og identity as a virtual module (1.855429ms)
✔ live favicon metadata uses the approved PNG with MIME and size (1.828819ms)
✔ public manifest has the exact unified PNG icon set (1.000589ms)
[discovery] provider-chain {
  mode: 'dinner',
  source: 'live',
  durationMs: 1,
  budgetExhausted: false,
  attempts: [
    { mirror: 1, durationMs: 0, outcome: 'empty' },
    { mirror: 2, durationMs: 0, outcome: 'empty' },
    { mirror: 3, durationMs: 0, outcome: 'empty' },
    { mirror: 4, durationMs: 0, outcome: 'empty' }
  ]
}
[discovery] provider-chain {
  mode: 'dinner',
  source: 'error',
  durationMs: 1,
  budgetExhausted: false,
  attempts: [
    { mirror: 1, durationMs: 1, outcome: 'malformed' },
    { mirror: 2, durationMs: 0, outcome: 'malformed' },
    { mirror: 3, durationMs: 0, outcome: 'malformed' },
    { mirror: 4, durationMs: 0, outcome: 'malformed' }
  ]
}
[discovery] provider-chain {
  mode: 'dinner',
  source: 'error',
  durationMs: 1,
  budgetExhausted: false,
  attempts: [
    { mirror: 1, durationMs: 0, outcome: 'malformed' },
    { mirror: 2, durationMs: 0, outcome: 'malformed' },
    { mirror: 3, durationMs: 0, outcome: 'malformed' },
    { mirror: 4, durationMs: 0, outcome: 'malformed' }
  ]
}
[discovery] provider-chain {
  mode: 'dinner',
  source: 'error',
  durationMs: 0,
  budgetExhausted: false,
  attempts: [
    { mirror: 1, durationMs: 0, outcome: 'network-error' },
    { mirror: 2, durationMs: 0, outcome: 'network-error' },
    { mirror: 3, durationMs: 0, outcome: 'network-error' },
    { mirror: 4, durationMs: 0, outcome: 'network-error' }
  ]
}
[discovery] provider-chain {
  mode: 'dinner',
  source: 'fallback',
  durationMs: 0,
  budgetExhausted: false,
  attempts: [
    { mirror: 1, durationMs: 0, outcome: 'network-error' },
    { mirror: 2, durationMs: 0, outcome: 'network-error' },
    { mirror: 3, durationMs: 0, outcome: 'network-error' },
    { mirror: 4, durationMs: 0, outcome: 'network-error' }
  ]
}
[discovery] provider-chain {
  mode: 'nightlife',
  source: 'live',
  durationMs: 0,
  budgetExhausted: false,
  attempts: [ { mirror: 1, durationMs: 0, outcome: 'empty' } ]
}
[discovery] provider-chain {
  mode: 'nightlife',
  source: 'error',
  durationMs: 1,
  budgetExhausted: false,
  attempts: [
    { mirror: 1, durationMs: 0, outcome: 'malformed' },
    { mirror: 2, durationMs: 0, outcome: 'malformed' },
    { mirror: 3, durationMs: 0, outcome: 'malformed' },
    { mirror: 4, durationMs: 0, outcome: 'malformed' }
  ]
}
[discovery] provider-chain {
  mode: 'nightlife',
  source: 'error',
  durationMs: 1,
  budgetExhausted: false,
  attempts: [
    { mirror: 1, durationMs: 0, outcome: 'malformed' },
    { mirror: 2, durationMs: 0, outcome: 'malformed' },
    { mirror: 3, durationMs: 0, outcome: 'malformed' },
    { mirror: 4, durationMs: 0, outcome: 'malformed' }
  ]
}
[discovery] provider-chain {
  mode: 'nightlife',
  source: 'error',
  durationMs: 0,
  budgetExhausted: false,
  attempts: [
    { mirror: 1, durationMs: 0, outcome: 'network-error' },
    { mirror: 2, durationMs: 0, outcome: 'network-error' },
    { mirror: 3, durationMs: 0, outcome: 'network-error' },
    { mirror: 4, durationMs: 0, outcome: 'network-error' }
  ]
}
[discovery] provider-chain {
  mode: 'nightlife',
  source: 'fallback',
  durationMs: 0,
  budgetExhausted: false,
  attempts: [
    { mirror: 1, durationMs: 0, outcome: 'network-error' },
    { mirror: 2, durationMs: 0, outcome: 'network-error' },
    { mirror: 3, durationMs: 0, outcome: 'network-error' },
    { mirror: 4, durationMs: 0, outcome: 'network-error' }
  ]
}
[discovery] provider-chain {
  mode: 'date-night',
  strategy: 'hedged',
  source: 'live',
  durationMs: 1,
  budgetExhausted: false,
  requestedGroups: 3,
  successfulGroups: 3,
  failedGroups: 0,
  partial: false,
  groups: [
    {
      group: 'entertainment',
      outcome: 'empty',
      durationMs: 1,
      winnerMirror: 1
    },
    {
      group: 'culture',
      outcome: 'empty',
      durationMs: 0,
      winnerMirror: 1
    },
    {
      group: 'outdoor',
      outcome: 'empty',
      durationMs: 0,
      winnerMirror: 1
    }
  ],
  attempts: [
    {
      group: 'culture',
      mirror: 1,
      hedgeOffsetMs: 0,
      durationMs: 0,
      outcome: 'empty'
    },
    {
      group: 'entertainment',
      mirror: 1,
      hedgeOffsetMs: 0,
      durationMs: 1,
      outcome: 'empty'
    },
    {
      group: 'outdoor',
      mirror: 1,
      hedgeOffsetMs: 0,
      durationMs: 0,
      outcome: 'empty'
    }
  ]
}
[discovery] provider-chain {
  mode: 'date-night',
  strategy: 'hedged',
  source: 'error',
  durationMs: 3,
  budgetExhausted: false,
  requestedGroups: 3,
  successfulGroups: 0,
  failedGroups: 3,
  partial: false,
  groups: [
    { group: 'entertainment', outcome: 'failed', durationMs: 3 },
    { group: 'culture', outcome: 'failed', durationMs: 3 },
    { group: 'outdoor', outcome: 'failed', durationMs: 3 }
  ],
  attempts: [
    {
      group: 'culture',
      mirror: 1,
      hedgeOffsetMs: 0,
      durationMs: 1,
      outcome: 'malformed'
    },
    {
      group: 'culture',
      mirror: 2,
      hedgeOffsetMs: 1,
      durationMs: 1,
      outcome: 'malformed'
    },
    {
      group: 'culture',
      mirror: 3,
      hedgeOffsetMs: 2,
      durationMs: 0,
      outcome: 'malformed'
    },
    {
      group: 'culture',
      mirror: 4,
      hedgeOffsetMs: 2,
      durationMs: 0,
      outcome: 'malformed'
    },
    {
      group: 'entertainment',
      mirror: 1,
      hedgeOffsetMs: 0,
      durationMs: 1,
      outcome: 'malformed'
    },
    {
      group: 'entertainment',
      mirror: 2,
      hedgeOffsetMs: 1,
      durationMs: 2,
      outcome: 'malformed'
    },
    {
      group: 'entertainment',
      mirror: 3,
      hedgeOffsetMs: 2,
      durationMs: 0,
      outcome: 'malformed'
    },
    {
      group: 'entertainment',
      mirror: 4,
      hedgeOffsetMs: 3,
      durationMs: 0,
      outcome: 'malformed'
    },
    {
      group: 'outdoor',
      mirror: 1,
      hedgeOffsetMs: 0,
      durationMs: 1,
      outcome: 'malformed'
    },
    {
      group: 'outdoor',
      mirror: 2,
      hedgeOffsetMs: 1,
      durationMs: 1,
      outcome: 'malformed'
    },
    {
      group: 'outdoor',
      mirror: 3,
      hedgeOffsetMs: 2,
      durationMs: 0,
      outcome: 'malformed'
    },
    {
      group: 'outdoor',
      mirror: 4,
      hedgeOffsetMs: 2,
      durationMs: 0,
      outcome: 'malformed'
    }
  ]
}
[discovery] provider-chain {
  mode: 'date-night',
  strategy: 'hedged',
  source: 'error',
  durationMs: 2,
  budgetExhausted: false,
  requestedGroups: 3,
  successfulGroups: 0,
  failedGroups: 3,
  partial: false,
  groups: [
    { group: 'entertainment', outcome: 'failed', durationMs: 2 },
    { group: 'culture', outcome: 'failed', durationMs: 2 },
    { group: 'outdoor', outcome: 'failed', durationMs: 2 }
  ],
  attempts: [
    {
      group: 'culture',
      mirror: 1,
      hedgeOffsetMs: 0,
      durationMs: 1,
      outcome: 'malformed'
    },
    {
      group: 'culture',
      mirror: 2,
      hedgeOffsetMs: 1,
      durationMs: 0,
      outcome: 'malformed'
    },
    {
      group: 'culture',
      mirror: 3,
      hedgeOffsetMs: 1,
      durationMs: 0,
      outcome: 'malformed'
    },
    {
      group: 'culture',
      mirror: 4,
      hedgeOffsetMs: 2,
      durationMs: 0,
      outcome: 'malformed'
    },
    {
      group: 'entertainment',
      mirror: 1,
      hedgeOffsetMs: 0,
      durationMs: 1,
      outcome: 'malformed'
    },
    {
      group: 'entertainment',
      mirror: 2,
      hedgeOffsetMs: 1,
      durationMs: 0,
      outcome: 'malformed'
    },
    {
      group: 'entertainment',
      mirror: 3,
      hedgeOffsetMs: 1,
      durationMs: 0,
      outcome: 'malformed'
    },
    {
      group: 'entertainment',
      mirror: 4,
      hedgeOffsetMs: 2,
      durationMs: 0,
      outcome: 'malformed'
    },
    {
      group: 'outdoor',
      mirror: 1,
      hedgeOffsetMs: 0,
      durationMs: 1,
      outcome: 'malformed'
    },
    {
      group: 'outdoor',
      mirror: 2,
      hedgeOffsetMs: 1,
      durationMs: 0,
      outcome: 'malformed'
    },
    {
      group: 'outdoor',
      mirror: 3,
      hedgeOffsetMs: 1,
      durationMs: 0,
      outcome: 'malformed'
    },
    {
      group: 'outdoor',
      mirror: 4,
      hedgeOffsetMs: 2,
      durationMs: 0,
      outcome: 'malformed'
    }
  ]
}
[discovery] provider-chain {
  mode: 'date-night',
  strategy: 'hedged',
  source: 'error',
  durationMs: 1,
  budgetExhausted: false,
  requestedGroups: 3,
  successfulGroups: 0,
  failedGroups: 3,
  partial: false,
  groups: [
    { group: 'entertainment', outcome: 'failed', durationMs: 1 },
    { group: 'culture', outcome: 'failed', durationMs: 1 },
    { group: 'outdoor', outcome: 'failed', durationMs: 1 }
  ],
  attempts: [
    {
      group: 'culture',
      mirror: 1,
      hedgeOffsetMs: 0,
      durationMs: 0,
      outcome: 'network-error'
    },
    {
      group: 'culture',
      mirror: 2,
      hedgeOffsetMs: 0,
      durationMs: 0,
      outcome: 'network-error'
    },
    {
      group: 'culture',
      mirror: 3,
      hedgeOffsetMs: 0,
      durationMs: 0,
      outcome: 'network-error'
    },
    {
      group: 'culture',
      mirror: 4,
      hedgeOffsetMs: 1,
      durationMs: 0,
      outcome: 'network-error'
    },
    {
      group: 'entertainment',
      mirror: 1,
      hedgeOffsetMs: 0,
      durationMs: 0,
      outcome: 'network-error'
    },
    {
      group: 'entertainment',
      mirror: 2,
      hedgeOffsetMs: 0,
      durationMs: 0,
      outcome: 'network-error'
    },
    {
      group: 'entertainment',
      mirror: 3,
      hedgeOffsetMs: 0,
      durationMs: 0,
      outcome: 'network-error'
    },
    {
      group: 'entertainment',
      mirror: 4,
      hedgeOffsetMs: 1,
      durationMs: 0,
      outcome: 'network-error'
    },
    {
      group: 'outdoor',
      mirror: 1,
      hedgeOffsetMs: 0,
      durationMs: 0,
      outcome: 'network-error'
    },
    {
      group: 'outdoor',
      mirror: 2,
      hedgeOffsetMs: 0,
      durationMs: 0,
      outcome: 'network-error'
    },
    {
      group: 'outdoor',
      mirror: 3,
      hedgeOffsetMs: 0,
      durationMs: 0,
      outcome: 'network-error'
    },
    {
      group: 'outdoor',
      mirror: 4,
      hedgeOffsetMs: 0,
      durationMs: 0,
      outcome: 'network-error'
    }
  ]
}
[discovery] provider-chain {
  mode: 'date-night',
  strategy: 'hedged',
  source: 'fallback',
  durationMs: 4,
  budgetExhausted: false,
  requestedGroups: 3,
  successfulGroups: 0,
  failedGroups: 3,
  partial: false,
  groups: [
    { group: 'entertainment', outcome: 'failed', durationMs: 3 },
    { group: 'culture', outcome: 'failed', durationMs: 3 },
    { group: 'outdoor', outcome: 'failed', durationMs: 3 }
  ],
  attempts: [
    {
      group: 'culture',
      mirror: 1,
      hedgeOffsetMs: 0,
      durationMs: 3,
      outcome: 'network-error'
    },
    {
      group: 'culture',
      mirror: 2,
      hedgeOffsetMs: 3,
      durationMs: 0,
      outcome: 'network-error'
    },
    {
      group: 'culture',
      mirror: 3,
      hedgeOffsetMs: 3,
      durationMs: 0,
      outcome: 'network-error'
    },
    {
      group: 'culture',
      mirror: 4,
      hedgeOffsetMs: 3,
      durationMs: 0,
      outcome: 'network-error'
    },
    {
      group: 'entertainment',
      mirror: 1,
      hedgeOffsetMs: 0,
      durationMs: 3,
      outcome: 'network-error'
    },
    {
      group: 'entertainment',
      mirror: 2,
      hedgeOffsetMs: 3,
      durationMs: 0,
      outcome: 'network-error'
    },
    {
      group: 'entertainment',
      mirror: 3,
      hedgeOffsetMs: 3,
      durationMs: 0,
      outcome: 'network-error'
    },
    {
      group: 'entertainment',
      mirror: 4,
      hedgeOffsetMs: 3,
      durationMs: 0,
      outcome: 'network-error'
    },
    {
      group: 'outdoor',
      mirror: 1,
      hedgeOffsetMs: 0,
      durationMs: 3,
      outcome: 'network-error'
    },
    {
      group: 'outdoor',
      mirror: 2,
      hedgeOffsetMs: 3,
      durationMs: 0,
      outcome: 'network-error'
    },
    {
      group: 'outdoor',
      mirror: 3,
      hedgeOffsetMs: 3,
      durationMs: 0,
      outcome: 'network-error'
    },
    {
      group: 'outdoor',
      mirror: 4,
      hedgeOffsetMs: 3,
      durationMs: 0,
      outcome: 'network-error'
    }
  ]
}
[discovery] provider-chain {
  mode: 'nightlife',
  source: 'merged',
  durationMs: 0,
  budgetExhausted: false,
  attempts: [ { mirror: 1, durationMs: 0, outcome: 'empty' } ]
}
[discovery] provider-chain {
  mode: 'date-night',
  strategy: 'hedged',
  source: 'merged',
  durationMs: 1,
  budgetExhausted: false,
  requestedGroups: 3,
  successfulGroups: 3,
  failedGroups: 0,
  partial: false,
  groups: [
    {
      group: 'entertainment',
      outcome: 'empty',
      durationMs: 1,
      winnerMirror: 1
    },
    {
      group: 'culture',
      outcome: 'empty',
      durationMs: 1,
      winnerMirror: 1
    },
    {
      group: 'outdoor',
      outcome: 'empty',
      durationMs: 1,
      winnerMirror: 1
    }
  ],
  attempts: [
    {
      group: 'culture',
      mirror: 1,
      hedgeOffsetMs: 0,
      durationMs: 1,
      outcome: 'empty'
    },
    {
      group: 'entertainment',
      mirror: 1,
      hedgeOffsetMs: 0,
      durationMs: 1,
      outcome: 'empty'
    },
    {
      group: 'outdoor',
      mirror: 1,
      hedgeOffsetMs: 0,
      durationMs: 1,
      outcome: 'empty'
    }
  ]
}
✔ restaurants: six locations reach the real coordinate query and normalize local results (12.317863ms)
✔ restaurants: valid empty areas, all-mirror outage, and coordinate validation remain distinct (35.299521ms)
✔ nightlife and casinos: six locations reach the real coordinate query and normalize local results (15.350285ms)
✔ nightlife and casinos: valid empty areas, all-mirror outage, and coordinate validation remain distinct (3.583608ms)
✔ date night: six locations reach the real coordinate query and normalize local results (23.609737ms)
✔ date night: valid empty areas, all-mirror outage, and coordinate validation remain distinct (14.069822ms)
✔ restaurant distance, cuisine and price filters behave with Canadian results (1.595147ms)
✔ local closure exclusions do not hide same-named international businesses (8.710655ms)
✔ Maps destinations preserve exact Canadian/U.S. points and encode legacy international addresses (0.514446ms)
✔ stored legacy U.S. locations and country metadata survive hydration; corrupt coordinates fall back (55.062349ms)
✔ spatial restaurant dedupe exactly preserves name rules, source priority, ordering and radius boundaries (8.298312ms)
✔ spatial restaurant candidates preserve duplicates across the antimeridian and near both poles (1.075603ms)
✔ dense international pools preserve thousands of distinct restaurants and duplicate identities (228.354348ms)
✔ _migrations keys on basename, not path (1.194823ms)
✔ a file already applied from another directory does not re-apply (0.971356ms)
✔ pending migrations are returned in name order (10.766036ms)
✔ non-.sql entries are dropped (readdir also yields the auth/ directory) (0.293583ms)
✔ the auth schema ships outside the globbed directory (0.669911ms)
✔ this workspace's auth schema copy is byte-identical to its source (0.289267ms)
✔ the copy check reads both files and catches an edit (1.249465ms)
✔ absent external workspace package gets an explicit skip reason (1.203847ms)
✔ installed documentation contracts are not skipped (0.198319ms)
✔ required documentation cannot be skipped even when absent (0.189707ms)
✔ parsePreviewArgs accepts the two actions (1.944134ms)
✔ parsePreviewArgs rejects missing, unknown and extra arguments (0.449258ms)
✔ parsePid reads a pidfile and rejects junk (0.180663ms)
✔ parsePgid reads the pgrp field past a comm containing spaces (0.292701ms)
✔ parseListenerInodes picks LISTEN sockets on the wanted port only (0.411721ms)
✔ parseListenerInodes reads the tcp6 dump the same way (0.175024ms)
✔ looksLikePreviewProcess matches the npm wrapper and its vite child (0.332411ms)
✔ looksLikePreviewProcess spares the sibling scripts and re-used pids (0.156987ms)
✔ previewOwners trusts port owners and dedupes the pidfile pid (0.176666ms)
✔ previewOwners adds a pidfile pid whose command line is still the preview (0.312842ms)
✔ previewOwners drops a stale pidfile pid re-used by another process (0.173912ms)
✔ previewOwners drops a pidfile pid that no longer exists (0.137617ms)
✔ previewOwners on a free port with no pidfile signals nothing (0.185089ms)
✔ stopOutcome fails when a pid survives or the port is still held (1.753797ms)
✔ stopOutcome reports a verified free port (0.245521ms)
✔ stopOutcome fails on a listener whose owner cannot be attributed (0.234774ms)
✔ terminatePids SIGTERMs live pids and skips dead ones (0.307574ms)
✔ terminatePids escalates to SIGKILL when SIGTERM is ignored (0.701369ms)
✔ terminatePids reports a pid that survives SIGKILL as stubborn (0.424891ms)
✔ terminatePids on a free port signals nothing (0.113151ms)
✔ light Dinner artwork retains the visually correct cuisine in its own asset pack (1.218709ms)
✔ dark Dinner artwork preserves the accepted visually verified mapping (0.300594ms)
✔ specific Dinner cuisines outrank broad provider categories without guessing food for generic venues (0.297619ms)
✔ Nightlife result artwork covers all approved categories and preserves Casino precedence (0.248875ms)
[discovery] provider-chain {
  mode: 'date-night',
  strategy: 'hedged',
  source: 'merged',
  durationMs: 1,
  budgetExhausted: false,
  requestedGroups: 4,
  successfulGroups: 4,
  failedGroups: 0,
  partial: false,
  groups: [
    {
      group: 'seasonal',
      outcome: 'empty',
      durationMs: 1,
      winnerMirror: 1
    },
    {
      group: 'entertainment',
      outcome: 'empty',
      durationMs: 1,
      winnerMirror: 1
    },
    {
      group: 'culture',
      outcome: 'empty',
      durationMs: 1,
      winnerMirror: 1
    },
    {
      group: 'outdoor',
      outcome: 'empty',
      durationMs: 1,
      winnerMirror: 1
    }
  ],
  attempts: [
    {
      group: 'culture',
      mirror: 1,
      hedgeOffsetMs: 0,
      durationMs: 1,
      outcome: 'empty'
    },
    {
      group: 'entertainment',
      mirror: 1,
      hedgeOffsetMs: 0,
      durationMs: 1,
      outcome: 'empty'
    },
    {
      group: 'outdoor',
      mirror: 1,
      hedgeOffsetMs: 0,
      durationMs: 1,
      outcome: 'empty'
    },
    {
      group: 'seasonal',
      mirror: 1,
      hedgeOffsetMs: 0,
      durationMs: 1,
      outcome: 'empty'
    }
  ]
}
[discovery] provider-chain {
  mode: 'date-night',
  strategy: 'hedged',
  source: 'fallback',
  durationMs: 0,
  budgetExhausted: false,
  requestedGroups: 1,
  successfulGroups: 0,
  failedGroups: 1,
  partial: false,
  groups: [ { group: 'seasonal', outcome: 'failed', durationMs: 0 } ],
  attempts: [
    {
      group: 'seasonal',
      mirror: 1,
      hedgeOffsetMs: 0,
      durationMs: 0,
      outcome: 'network-error'
    },
    {
      group: 'seasonal',
      mirror: 2,
      hedgeOffsetMs: 0,
      durationMs: 0,
      outcome: 'network-error'
    },
    {
      group: 'seasonal',
      mirror: 3,
      hedgeOffsetMs: 0,
      durationMs: 0,
      outcome: 'network-error'
    },
    {
      group: 'seasonal',
      mirror: 4,
      hedgeOffsetMs: 0,
      durationMs: 0,
      outcome: 'network-error'
    }
  ]
}
[discovery] provider-chain {
  mode: 'date-night',
  strategy: 'hedged',
  source: 'live',
  durationMs: 1,
  budgetExhausted: false,
  requestedGroups: 3,
  successfulGroups: 3,
  failedGroups: 0,
  partial: false,
  groups: [
    {
      group: 'entertainment',
      outcome: 'empty',
      durationMs: 1,
      winnerMirror: 1
    },
    {
      group: 'culture',
      outcome: 'empty',
      durationMs: 1,
      winnerMirror: 1
    },
    {
      group: 'outdoor',
      outcome: 'empty',
      durationMs: 1,
      winnerMirror: 1
    }
  ],
  attempts: [
    {
      group: 'culture',
      mirror: 1,
      hedgeOffsetMs: 0,
      durationMs: 1,
      outcome: 'empty'
    },
    {
      group: 'entertainment',
      mirror: 1,
      hedgeOffsetMs: 0,
      durationMs: 1,
      outcome: 'empty'
    },
    {
      group: 'outdoor',
      mirror: 1,
      hedgeOffsetMs: 0,
      durationMs: 0,
      outcome: 'empty'
    }
  ]
}
✔ Exeter's actual theme-park record is acquired by the real seasonal query and reaches the eligible pool (35.276112ms)
✔ precise activity evidence admits corn, pumpkin and haunted trail without admitting generic places (6.940122ms)
✔ same identity preserves C/P, provenance, stable ID and representative metadata in either provider order (6.859241ms)
✔ structured lifecycle cannot survive eligibility or be resurrected by an active duplicate (2.729709ms)
✔ all availability states share one OFF/ON policy, including expiry and next-year revalidation (1.800327ms)
✔ all seven seasonal selections preserve union and the radius boundary (11.998445ms)
✔ saved-only successful sparse coverage, missing categories and provider outage remain distinct (4.720093ms)
✔ per-category provenance never labels a saved haunt as live because its ordinary park duplicate is live (7.1705ms)
✔ ordinary Date Night and seasonal toggle still work internationally; unknown hours fail strict ON (2.566633ms)
✔ Halloween caution: live loading/settlement retains controls, counts and selections (324.159627ms)
✔ Halloween caution: merged loading/settlement retains controls, counts and selections (237.11636ms)
✔ Halloween caution: fallback loading/settlement retains controls, counts and selections (575.440572ms)
✔ ordinary Date Night caution absent: seasonal toggle off; controls/count/selection remain (203.996923ms)
✔ ordinary Date Night caution absent: outside Halloween season; controls/count/selection remain (159.149257ms)
✔ dinner: Halloween caution remains absent during loading and after settlement (53.622096ms)
✔ nightlife: Halloween caution remains absent during loading and after settlement (17.824106ms)
[discovery] provider-chain {
  mode: 'date-night',
  strategy: 'hedged',
  source: 'merged',
  durationMs: 1,
  budgetExhausted: false,
  requestedGroups: 4,
  successfulGroups: 4,
  failedGroups: 0,
  partial: false,
  groups: [
    {
      group: 'seasonal',
      outcome: 'empty',
      durationMs: 1,
      winnerMirror: 1
    },
    {
      group: 'entertainment',
      outcome: 'empty',
      durationMs: 1,
      winnerMirror: 1
    },
    {
      group: 'culture',
      outcome: 'empty',
      durationMs: 1,
      winnerMirror: 1
    },
    {
      group: 'outdoor',
      outcome: 'empty',
      durationMs: 1,
      winnerMirror: 1
    }
  ],
  attempts: [
    {
      group: 'culture',
      mirror: 1,
      hedgeOffsetMs: 0,
      durationMs: 1,
      outcome: 'empty'
    },
    {
      group: 'entertainment',
      mirror: 1,
      hedgeOffsetMs: 0,
      durationMs: 1,
      outcome: 'empty'
    },
    {
      group: 'outdoor',
      mirror: 1,
      hedgeOffsetMs: 0,
      durationMs: 1,
      outcome: 'empty'
    },
    {
      group: 'seasonal',
      mirror: 1,
      hedgeOffsetMs: 0,
      durationMs: 1,
      outcome: 'empty'
    }
  ]
}
[discovery] provider-chain {
  mode: 'date-night',
  strategy: 'hedged',
  source: 'merged',
  durationMs: 3,
  budgetExhausted: false,
  requestedGroups: 1,
  successfulGroups: 1,
  failedGroups: 0,
  partial: false,
  groups: [
    {
      group: 'seasonal',
      outcome: 'empty',
      durationMs: 2,
      winnerMirror: 1
    }
  ],
  attempts: [
    {
      group: 'seasonal',
      mirror: 1,
      hedgeOffsetMs: 0,
      durationMs: 2,
      outcome: 'empty'
    }
  ]
}
✔ actual component: handler → count/options/pick/plan and all seven category combinations (234.536031ms)
✔ actual component: OFF/ON/OFF, labels, saved-only disclosure, and clock-dependent pool/overlay refresh (143.476771ms)
✔ actual component displays schedule uncertainty distinctly for live weekly-hours-only venues (113.907597ms)
✔ V-F03-01 actual component: not-operating stays excluded before and after revalidation expiry (142.225955ms)
✔ V-F03-01 actual component: an expired negative cannot fill a plan until stored positive evidence replaces it (385.190765ms)
✔ V-F03-01 control: positive calendar expiry remains uncertain OFF and refreshes ON result/options/plan (119.200554ms)
✔ real clock hook refreshes at minute boundaries and focus/visibility resume, then cleans up (8.735192ms)
✔ retained regional provider captures replay through the new handler without generic-maze false positives (8334.432895ms)
✔ envelope omission rejected: contentType (12.699153ms)
✔ envelope explicit undefined rejected: contentType (0.534537ms)
✔ envelope inherited-only field rejected: contentType (0.40423ms)
✔ envelope omission rejected: headerBytes (0.528849ms)
✔ envelope explicit undefined rejected: headerBytes (0.531602ms)
✔ envelope inherited-only field rejected: headerBytes (0.397941ms)
✔ envelope omission rejected: wireBytes (1.354735ms)
✔ envelope explicit undefined rejected: wireBytes (0.27798ms)
✔ envelope inherited-only field rejected: wireBytes (0.300664ms)
✔ envelope omission rejected: decompressedBytes (0.431501ms)
✔ envelope explicit undefined rejected: decompressedBytes (0.176115ms)
✔ envelope inherited-only field rejected: decompressedBytes (0.193232ms)
✔ envelope omission rejected: elapsedMs (0.515357ms)
✔ envelope explicit undefined rejected: elapsedMs (0.582148ms)
✔ envelope inherited-only field rejected: elapsedMs (0.231499ms)
✔ envelope omission rejected: domNodes (0.275796ms)
✔ envelope explicit undefined rejected: domNodes (0.240173ms)
✔ envelope inherited-only field rejected: domNodes (0.135064ms)
✔ envelope omission rejected: depth (0.350218ms)
✔ envelope explicit undefined rejected: depth (0.240182ms)
✔ envelope inherited-only field rejected: depth (0.12602ms)
✔ envelope omission rejected: jsonLdBytes (0.117457ms)
✔ envelope explicit undefined rejected: jsonLdBytes (0.107062ms)
✔ envelope inherited-only field rejected: jsonLdBytes (0.142245ms)
✔ envelope omission rejected: requests (0.10632ms)
✔ envelope explicit undefined rejected: requests (0.107783ms)
✔ envelope inherited-only field rejected: requests (0.143907ms)
✔ envelope non-plain input rejected: null (0.250788ms)
✔ envelope non-plain input rejected: undefined (0.108163ms)
✔ envelope non-plain input rejected: array (0.128764ms)
✔ envelope non-plain input rejected: array with metrics (0.192631ms)
✔ envelope non-plain input rejected: string (2.487914ms)
✔ envelope non-plain input rejected: number (0.136035ms)
✔ envelope non-plain input rejected: boolean (0.155866ms)
✔ envelope non-plain input rejected: function (0.131238ms)
✔ envelope non-plain input rejected: date with metrics (0.115184ms)
✔ envelope non-plain input rejected: inherited envelope (0.102115ms)
✔ envelope invalid numeric NaN: headerBytes (0.158739ms)
✔ envelope invalid numeric NaN: wireBytes (0.107912ms)
✔ envelope invalid numeric NaN: decompressedBytes (0.104458ms)
✔ envelope invalid numeric NaN: elapsedMs (0.139921ms)
✔ envelope invalid numeric NaN: domNodes (0.101032ms)
✔ envelope invalid numeric NaN: depth (0.144878ms)
✔ envelope invalid numeric NaN: jsonLdBytes (0.118499ms)
✔ envelope invalid numeric NaN: requests (0.140192ms)
✔ envelope invalid numeric Infinity: headerBytes (0.107172ms)
✔ envelope invalid numeric Infinity: wireBytes (0.124688ms)
✔ envelope invalid numeric Infinity: decompressedBytes (0.139391ms)
✔ envelope invalid numeric Infinity: elapsedMs (0.101894ms)
✔ envelope invalid numeric Infinity: domNodes (0.112921ms)
✔ envelope invalid numeric Infinity: depth (0.095764ms)
✔ envelope invalid numeric Infinity: jsonLdBytes (0.17884ms)
✔ envelope invalid numeric Infinity: requests (0.102014ms)
✔ envelope invalid numeric negative Infinity: headerBytes (0.09971ms)
✔ envelope invalid numeric negative Infinity: wireBytes (0.145429ms)
✔ envelope invalid numeric negative Infinity: decompressedBytes (0.10596ms)
✔ envelope invalid numeric negative Infinity: elapsedMs (0.098289ms)
✔ envelope invalid numeric negative Infinity: domNodes (0.151399ms)
✔ envelope invalid numeric negative Infinity: depth (0.207403ms)
✔ envelope invalid numeric negative Infinity: jsonLdBytes (0.128284ms)
✔ envelope invalid numeric negative Infinity: requests (0.16549ms)
✔ envelope invalid numeric fraction: headerBytes (0.184449ms)
✔ envelope invalid numeric fraction: wireBytes (0.118649ms)
✔ envelope invalid numeric fraction: decompressedBytes (0.13304ms)
✔ envelope invalid numeric fraction: elapsedMs (1.383047ms)
✔ envelope invalid numeric fraction: domNodes (0.120962ms)
✔ envelope invalid numeric fraction: depth (0.105589ms)
✔ envelope invalid numeric fraction: jsonLdBytes (0.150317ms)
✔ envelope invalid numeric fraction: requests (0.207613ms)
✔ envelope invalid numeric negative: headerBytes (0.137978ms)
✔ envelope invalid numeric negative: wireBytes (0.108594ms)
✔ envelope invalid numeric negative: decompressedBytes (0.114993ms)
✔ envelope invalid numeric negative: elapsedMs (0.095535ms)
✔ envelope invalid numeric negative: domNodes (0.089875ms)
✔ envelope invalid numeric negative: depth (0.155444ms)
✔ envelope invalid numeric negative: jsonLdBytes (0.09935ms)
✔ envelope invalid numeric negative: requests (0.197408ms)
✔ envelope invalid numeric unsafe integer: headerBytes (0.133742ms)
✔ envelope invalid numeric unsafe integer: wireBytes (0.098228ms)
✔ envelope invalid numeric unsafe integer: decompressedBytes (0.095203ms)
✔ envelope invalid numeric unsafe integer: elapsedMs (0.0928ms)
✔ envelope invalid numeric unsafe integer: domNodes (0.166181ms)
✔ envelope invalid numeric unsafe integer: depth (0.129425ms)
✔ envelope invalid numeric unsafe integer: jsonLdBytes (0.081563ms)
✔ envelope invalid numeric unsafe integer: requests (0.109325ms)
✔ envelope invalid numeric string: headerBytes (0.110898ms)
✔ envelope invalid numeric string: wireBytes (0.374936ms)
✔ envelope invalid numeric string: decompressedBytes (0.140242ms)
✔ envelope invalid numeric string: elapsedMs (0.085189ms)
✔ envelope invalid numeric string: domNodes (0.076635ms)
✔ envelope invalid numeric string: depth (0.073681ms)
✔ envelope invalid numeric string: jsonLdBytes (0.076065ms)
✔ envelope invalid numeric string: requests (0.072389ms)
✔ envelope invalid numeric null: headerBytes (0.070155ms)
✔ envelope invalid numeric null: wireBytes (0.076545ms)
✔ envelope invalid numeric null: decompressedBytes (0.134163ms)
✔ envelope invalid numeric null: elapsedMs (0.088203ms)
✔ envelope invalid numeric null: domNodes (0.073241ms)
✔ envelope invalid numeric null: depth (0.069895ms)
✔ envelope invalid numeric null: jsonLdBytes (0.069024ms)
✔ envelope invalid numeric null: requests (0.123055ms)
✔ envelope invalid numeric boolean: headerBytes (0.115104ms)
✔ envelope invalid numeric boolean: wireBytes (0.117498ms)
✔ envelope invalid numeric boolean: decompressedBytes (0.080131ms)
✔ envelope invalid numeric boolean: elapsedMs (0.070486ms)
✔ envelope invalid numeric boolean: domNodes (0.115544ms)
✔ envelope invalid numeric boolean: depth (0.073631ms)
✔ envelope invalid numeric boolean: jsonLdBytes (0.069585ms)
✔ envelope invalid numeric boolean: requests (0.083036ms)
✔ envelope invalid numeric bigint: headerBytes (0.107682ms)
✔ envelope invalid numeric bigint: wireBytes (0.109606ms)
✔ envelope invalid numeric bigint: decompressedBytes (0.082795ms)
✔ envelope invalid numeric bigint: elapsedMs (0.101073ms)
✔ envelope invalid numeric bigint: domNodes (0.081013ms)
✔ envelope invalid numeric bigint: depth (0.130777ms)
✔ envelope invalid numeric bigint: jsonLdBytes (0.077788ms)
✔ envelope invalid numeric bigint: requests (0.067722ms)
✔ contentType rejected: number (0.161303ms)
✔ contentType rejected: null (0.07937ms)
✔ contentType rejected: boxed string (0.072079ms)
✔ contentType rejected: disallowed string (0.082344ms)
✔ envelope unexpected enumerable key rejected (0.191149ms)
✔ envelope unexpected hidden key rejected (0.118679ms)
✔ envelope unexpected symbol key rejected (0.092329ms)
✔ envelope exact ceiling passes: headerBytes (0.19825ms)
✔ envelope ceiling plus one fails: headerBytes (0.193262ms)
✔ envelope lowered source ceiling enforced: headerBytes (0.243858ms)
✔ envelope non-enumerable invalid metric rejected: headerBytes (0.195986ms)
✔ envelope exact ceiling passes: wireBytes (0.127612ms)
✔ envelope ceiling plus one fails: wireBytes (0.134082ms)
✔ envelope lowered source ceiling enforced: wireBytes (0.158109ms)
✔ envelope non-enumerable invalid metric rejected: wireBytes (0.21194ms)
✔ envelope exact ceiling passes: decompressedBytes (0.087943ms)
✔ envelope ceiling plus one fails: decompressedBytes (0.160262ms)
✔ envelope lowered source ceiling enforced: decompressedBytes (0.101052ms)
✔ envelope non-enumerable invalid metric rejected: decompressedBytes (0.10616ms)
✔ envelope exact ceiling passes: elapsedMs (0.084538ms)
✔ envelope ceiling plus one fails: elapsedMs (0.090297ms)
✔ envelope lowered source ceiling enforced: elapsedMs (0.328816ms)
✔ envelope non-enumerable invalid metric rejected: elapsedMs (0.148263ms)
✔ envelope exact ceiling passes: domNodes (0.129305ms)
✔ envelope ceiling plus one fails: domNodes (0.09936ms)
✔ envelope lowered source ceiling enforced: domNodes (0.223787ms)
✔ envelope non-enumerable invalid metric rejected: domNodes (0.11967ms)
✔ envelope exact ceiling passes: depth (0.141183ms)
✔ envelope ceiling plus one fails: depth (0.13203ms)
✔ envelope lowered source ceiling enforced: depth (0.108414ms)
✔ envelope non-enumerable invalid metric rejected: depth (0.10628ms)
✔ envelope exact ceiling passes: jsonLdBytes (0.085068ms)
✔ envelope ceiling plus one fails: jsonLdBytes (0.090576ms)
✔ envelope lowered source ceiling enforced: jsonLdBytes (0.169676ms)
✔ envelope non-enumerable invalid metric rejected: jsonLdBytes (0.10633ms)
✔ envelope exact ceiling passes: requests (0.323608ms)
✔ envelope ceiling plus one fails: requests (0.113061ms)
✔ envelope lowered source ceiling enforced: requests (0.19218ms)
✔ envelope non-enumerable invalid metric rejected: requests (0.118068ms)
✔ all exact bounds pass together (0.161153ms)
✔ zero numeric values pass (0.154143ms)
✔ complete null-prototype plain envelope passes (0.181063ms)
✔ complete non-enumerable own metric passes (0.175205ms)
✔ allowed contentType passes: text/html (0.151979ms)
✔ allowed contentType passes: text/plain (0.134283ms)
✔ allowed contentType passes: application/ld+json (0.094372ms)
✔ redirect malformed chain rejected: one hole (0.357109ms)
✔ redirect malformed chain rejected: two slots missing first (0.101123ms)
✔ redirect malformed chain rejected: two slots missing last (4.056471ms)
✔ redirect malformed chain rejected: three slots missing middle (4.195872ms)
✔ redirect malformed chain rejected: explicit undefined (0.749111ms)
✔ redirect malformed chain rejected: null hop (0.386764ms)
✔ redirect malformed chain rejected: numeric hop (0.453344ms)
✔ redirect malformed chain rejected: boxed string hop (0.221405ms)
✔ redirect malformed chain rejected: empty (0.184368ms)
✔ redirect malformed chain rejected: over limit (0.155534ms)
✔ redirect malformed chain rejected: null chain (0.137999ms)
✔ redirect malformed chain rejected: string chain (0.129856ms)
✔ redirect malformed chain rejected: array-like (0.12619ms)
✔ redirect malformed chain rejected: array-like with forEach (0.159571ms)
✔ dense 1-URL chain passes at redirect budget (0.333643ms)
✔ dense 1-URL chain revalidates hostile hop 0 (0.375837ms)
✔ redirect inherited-only index 0 of 1 rejected (0.39146ms)
✔ dense 2-URL chain passes at redirect budget (0.405081ms)
✔ dense 2-URL chain exceeds lower source budget (0.47075ms)
✔ dense 2-URL chain revalidates hostile hop 0 (0.410239ms)
✔ redirect inherited-only index 0 of 2 rejected (0.173743ms)
✔ dense 2-URL chain revalidates hostile hop 1 (0.376738ms)
✔ redirect inherited-only index 1 of 2 rejected (0.328675ms)
✔ dense 3-URL chain passes at redirect budget (0.400264ms)
✔ dense 3-URL chain exceeds lower source budget (0.144838ms)
✔ dense 3-URL chain revalidates hostile hop 0 (0.251409ms)
✔ redirect inherited-only index 0 of 3 rejected (0.209076ms)
✔ dense 3-URL chain revalidates hostile hop 1 (4.358678ms)
✔ redirect inherited-only index 1 of 3 rejected (0.247123ms)
✔ dense 3-URL chain revalidates hostile hop 2 (0.303478ms)
✔ redirect inherited-only index 2 of 3 rejected (0.322877ms)
✔ deleting a hostile middle hop cannot turn a denied chain into an accepted chain (0.331961ms)
✔ remediation suite made zero unmocked collector network attempts (0.072399ms)
OFFLINE_NETWORK_PROOF unmocked_attempts=0
✔ invented identity matrix produces seven eligible occurrences, four quarantines and closure tombstone (155.780313ms)
✔ strict unknown field rejection: root (2.768979ms)
✔ strict unknown field rejection: occurrence (1.797252ms)
✔ strict unknown field rejection: source (1.548266ms)
✔ strict unknown field rejection: assertion (1.071206ms)
✔ strict unknown field rejection: coordinate (1.207162ms)
✔ strict unknown field rejection: address (1.409827ms)
✔ fact-only rejection: review (1.840096ms)
✔ fact-only rejection: description (1.766516ms)
✔ fact-only rejection: photos (1.750282ms)
✔ fact-only rejection: logos (1.03372ms)
✔ fact-only rejection: screenshots (0.82211ms)
✔ fact-only rejection: ranking (0.958467ms)
✔ fact-only rejection: popularity (2.682448ms)
✔ fact-only rejection: rating (1.016805ms)
✔ fact-only rejection: price (1.148183ms)
✔ fact-only rejection: articleText (1.209885ms)
✔ malformed schema/version, nonfinite coordinate and invalid date are rejected (2.992666ms)
✔ name/address/URL overflow fails explicitly (3.398548ms)
✔ exact 100 publication limit accepted, 101 rejected (316.694553ms)
✔ 512 reviewed identities includes locations, quarantined and tombstone records (12.199079ms)
✔ 20 observations accepted, 21 rejected without provenance truncation (6.828654ms)
✔ runtime byte ceiling fails rather than truncating (1103.156002ms)
✔ Unicode NFC and whitespace normalize while display capitalization is preserved (5.250088ms)
✔ conflicts quarantine, explicit review resolves and preserves all assertion/source IDs (7.091732ms)
✔ incomplete resolution, selected conflicts and overlapping sets are rejected (3.48567ms)
✔ current footer year is not season evidence: footer-only (3.029932ms)
✔ current footer year is not season evidence: absent (2.642407ms)
✔ historical/unconfirmed and mismatched season/year evidence quarantine (26.305856ms)
✔ all scoped negative lifecycle states survive in tombstones and exclude affected occurrences (12.940377ms)
✔ occurrence cancellation does not close other events at the venue (5.845431ms)
✔ operator lifecycle applies to its events (5.536269ms)
✔ venue lifecycle applies to its events (4.205126ms)
✔ past seasonal cancellation interval does not cancel this year's event (3.511349ms)
✔ unscoped negative, wrong scope and unsupported lifecycle evidence fail (3.914066ms)
✔ closed attraction with active duplicate is excluded and terminal evidence retained (20.769401ms)
✔ moved venue uses the new location version and explicit moved-from relationship (16.716886ms)
✔ same address, category and generic farm preserve distinct event identity (17.194476ms)
✔ missing OSM eligible; explicit OSM/web/catalog crosswalk has one event (17.454859ms)
✔ recurring next-year occurrences retain different IDs and prior-year relation (20.449769ms)
✔ explicit same-event and alias decisions combine evidence before any dedupe (5.667072ms)
✔ do-not-merge overrides direct and transitive equivalence (1.196545ms)
✔ cyclic identity and unsupported crosswalk decisions reject (5.411275ms)
✔ stable IDs reject mutable name/address derivation and do not change with spelling (3.04131ms)
✔ entire output and content revision are deterministic independent of input ordering (79.373224ms)
✔ candidate and unresolved coordinates never enter radius-ready facts (4.082681ms)
✔ coordinate review and fingerprint are required; moved address cannot reuse old point (1.394094ms)
✔ calendar/timezone remain explicit with local overnight closing semantics (5.340249ms)
✔ missing field/record is not deletion; previous facts retain their checkedAt (8.414979ms)
✔ failed refresh preserves last-good bytes and freshness; immutable evidence cannot be replaced (10.439553ms)
✔ terminal negatives survive omission in later refresh (7.814617ms)
✔ schema/manifest mismatch fails atomically and leaves output bytes unchanged (28.458444ms)
✔ tampered manifest freshness/count or runtime data is rejected (14.753193ms)
✔ adapters are disabled by default; true cannot be parsed (0.733968ms)
✔ permission review cannot be bypassed by public reachability, approval flag, expiry or automatic mode (0.975723ms)
✔ hostile URL rejected: http://seasonal.invalid/events/a (0.209746ms)
✔ hostile URL rejected: https://seasonal.invalid:444/events/a (0.146971ms)
✔ hostile URL rejected: https://u:p@seasonal.invalid/events/a (0.197087ms)
✔ hostile URL rejected: https://@seasonal.invalid/events/a (0.116586ms)
✔ hostile URL rejected: https://127.0.0.1/events/a (0.13265ms)
✔ hostile URL rejected: https://2130706433/events/a (0.127302ms)
✔ hostile URL rejected: https://0x7f000001/events/a (0.103036ms)
✔ hostile URL rejected: https://[::ffff:127.0.0.1]/events/a (0.09312ms)
✔ hostile URL rejected: https://seasonal.invalid.evil.invalid/events/a (0.179641ms)
✔ hostile URL rejected: https://seasonal.invalid./events/a (0.170256ms)
✔ hostile URL rejected: https://seasonal.invalid/other (0.184829ms)
✔ hostile URL rejected: https://seasonal.invalid/events-other (0.100452ms)
✔ hostile URL rejected: https://seasonal.invalid/events/../events/a (0.096516ms)
✔ hostile URL rejected: https://seasonal.invalid/events/%2e%2e/a (0.140462ms)
✔ hostile URL rejected: https://seasonal.invalid/events/%252f/a (0.19879ms)
✔ hostile URL rejected: https://seasonal.invalid/events/a#x (0.095925ms)
✔ hostile URL rejected: https://seasonal.invalid/events/a?redirect=https://bad.invalid (0.105289ms)
✔ hostile URL rejected: https://seasonal.invalid/events/a?year=2026&year=2027 (0.130547ms)
✔ hostile URL rejected: https://seasonal.invalid/events/a?year=2025 (0.1056ms)
✔ hostile URL rejected: https://seasonal.invalid\@bad.invalid/events/a (0.107402ms)
✔ hostile URL rejected: file:///events/a (0.093982ms)
✔ exact synthetic HTTPS host, port 443, path and allowed query pass pure policy (0.222746ms)
✔ SSRF reserved/private/mapped address denied: 0.0.0.0 (0.349277ms)
✔ SSRF reserved/private/mapped address denied: 10.1.2.3 (0.156226ms)
✔ SSRF reserved/private/mapped address denied: 100.100.100.200 (0.058438ms)
✔ SSRF reserved/private/mapped address denied: 127.0.0.1 (0.086079ms)
✔ SSRF reserved/private/mapped address denied: 169.254.169.254 (0.054142ms)
✔ SSRF reserved/private/mapped address denied: 172.31.255.255 (0.050145ms)
✔ SSRF reserved/private/mapped address denied: 192.168.1.1 (0.115384ms)
✔ SSRF reserved/private/mapped address denied: 192.0.2.1 (0.065879ms)
✔ SSRF reserved/private/mapped address denied: 198.18.0.1 (0.057767ms)
✔ SSRF reserved/private/mapped address denied: 198.51.100.1 (0.05313ms)
✔ SSRF reserved/private/mapped address denied: 203.0.113.1 (0.04669ms)
✔ SSRF reserved/private/mapped address denied: 224.0.0.1 (0.045138ms)
✔ SSRF reserved/private/mapped address denied: 255.255.255.255 (0.07953ms)
✔ SSRF reserved/private/mapped address denied: 168.63.129.16 (0.051107ms)
✔ SSRF reserved/private/mapped address denied: :: (0.180382ms)
✔ SSRF reserved/private/mapped address denied: ::1 (0.099671ms)
✔ SSRF reserved/private/mapped address denied: ::ffff:127.0.0.1 (0.120082ms)
✔ SSRF reserved/private/mapped address denied: ::ffff:7f00:1 (0.058688ms)
✔ SSRF reserved/private/mapped address denied: ::ffff:8.8.8.8 (0.045509ms)
✔ SSRF reserved/private/mapped address denied: 64:ff9b::a00:1 (0.054171ms)
✔ SSRF reserved/private/mapped address denied: fc00::1 (0.050026ms)
✔ SSRF reserved/private/mapped address denied: fe80::1 (0.040571ms)
✔ SSRF reserved/private/mapped address denied: ff02::1 (0.038107ms)
✔ SSRF reserved/private/mapped address denied: 2001:db8::1 (0.116806ms)
✔ SSRF reserved/private/mapped address denied: 2002:7f00:1:: (0.129165ms)
✔ SSRF reserved/private/mapped address denied: 3fff::1 (0.151459ms)
✔ SSRF reserved/private/mapped address denied: fe80::1%eth0 (0.084668ms)
✔ DNS answers all validated, peer pinned; equivalent public IPv6 spellings compare equal (0.795741ms)
✔ each redirect target revalidated, maximum two redirects (0.64275ms)
✔ bounded headers/wire/decompressed body/deadline/DOM/JSON-LD/request budget (0.775671ms)
✔ no executable extraction or fallback capability is exposed (0.08583ms)
✔ unmocked network attempts remain zero when guard is preloaded (1.061632ms)
✔ reused verified coordinates cannot cite another physical location's evidence (1.376057ms)
✔ source IDs, URLs and checkedAt facts cannot misstate observation metadata (3.113959ms)
✔ core offline dependencies are existing Zod and Node builtins, without paid SDKs (0.825565ms)
✔ preview: a successful sign-out clears the token, then redirects (2.467533ms)
✔ preview: a rejected sign-out still clears the token and redirects (0.45708ms)
✔ preview: a sign-out that throws synchronously still clears and redirects (0.264529ms)
✔ preview: a sign-out that never settles clears and redirects once the wait expires (11.292721ms)
✔ preview: no bearer means nothing to invalidate, so no request is made (0.482248ms)
✔ preview: a stored bearer is still invalidated server-side (0.184127ms)
✔ deployed: a confirmed sign-out clears the token, then redirects (0.529379ms)
✔ deployed: a sign-out that never settles throws and does NOT redirect (20.747308ms)
✔ deployed: a rejected sign-out throws and does NOT redirect (1.067922ms)
✔ deployed: the timeout is distinguishable from a rejection (21.38466ms)
✔ settleWithin reports the outcome and never rejects (21.28568ms)
✔ settleWithin waits its full window, then gives up rather than hanging (0.745234ms)
✔ pre-sign-in: the preview clear gives up at the preview bound (0.610441ms)
✔ pre-sign-in: a deployed session gets the deployed window, not the preview one (1.360673ms)
✔ pre-sign-in: a failed clear never blocks sign-in (0.480425ms)
✔ pre-sign-in: the preview skips the request when there is no bearer (0.152901ms)
✔ every sign-out bound comes from one rule (0.108884ms)
✔ the defaults are bounded, and deployed waits longer than preview (0.314184ms)
✔ all five actual compiled application POST functions succeed through the client codec (1972.766498ms)
✔ Date Night seasonal on/off survives real transport with a fixed October date (10.62231ms)
✔ invalid application coordinates and queries produce decoded Errors without providers (16.183781ms)
✔ GET legitimate Seroval values, thrown Errors and falsy returns (37.098472ms)
✔ GET ignores inert internal result/error fields, including failed validation (5.527851ms)
✔ GET safely serializes response-shaped data and preserves real Response (1.718563ms)
✔ POST legitimate Seroval values, thrown Errors and falsy returns (5.111433ms)
✔ POST ignores inert internal result/error fields, including failed validation (3.150975ms)
✔ POST safely serializes response-shaped data and preserves real Response (1.154252ms)
✔ compiled application and fixture enforce CSRF and methods before providers (9.076596ms)
[discovery] provider-chain {
  mode: 'dinner',
  source: 'error',
  durationMs: 20000,
  budgetExhausted: true,
  attempts: [
    { mirror: 1, durationMs: 8000, outcome: 'timeout' },
    { mirror: 2, durationMs: 8000, outcome: 'timeout' },
    { mirror: 3, durationMs: 4000, outcome: 'timeout' }
  ]
}
✔ searchRestaurants compiled provider chain terminates at its total deadline with aborted attempts (12.757391ms)
✔ searchDateNight compiled provider chain terminates at its total deadline with aborted attempts (6.644207ms)
[discovery] provider-chain {
  mode: 'date-night',
  strategy: 'hedged',
  source: 'error',
  durationMs: 12500,
  budgetExhausted: false,
  requestedGroups: 1,
  successfulGroups: 0,
  failedGroups: 1,
  partial: false,
  groups: [ { group: 'culture', outcome: 'failed', durationMs: 12500 } ],
  attempts: [
    {
      group: 'culture',
      mirror: 1,
      hedgeOffsetMs: 0,
      durationMs: 8000,
      outcome: 'timeout'
    },
    {
      group: 'culture',
      mirror: 2,
      hedgeOffsetMs: 1500,
      durationMs: 8000,
      outcome: 'timeout'
    },
    {
      group: 'culture',
      mirror: 3,
      hedgeOffsetMs: 3000,
      durationMs: 8000,
      outcome: 'timeout'
    },
    {
      group: 'culture',
      mirror: 4,
      hedgeOffsetMs: 4500,
      durationMs: 8000,
      outcome: 'timeout'
    }
  ]
}
[discovery] provider-chain {
  mode: 'nightlife',
  source: 'error',
  durationMs: 20000,
  budgetExhausted: true,
  attempts: [
    { mirror: 1, durationMs: 8000, outcome: 'timeout' },
    { mirror: 2, durationMs: 8000, outcome: 'timeout' },
    { mirror: 3, durationMs: 4000, outcome: 'timeout' }
  ]
}
✔ searchNightlife compiled provider chain terminates at its total deadline with aborted attempts (2.235804ms)
✔ real client transport cancels an in-flight HTTP request within a bounded deadline (39.081644ms)
✔ both suites execute with the current Node and success exits zero (1.883372ms)
✔ script failure cannot suppress application tests or become success (0.210428ms)
✔ application failures make the overall command fail (0.14575ms)
✔ spawn errors and terminated children are failures, not false greens (0.313934ms)
✔ keeps VITE_-prefixed string entries (1.573724ms)
✔ drops non-VITE keys, non-string values and malformed documents (0.230097ms)
✔ a missing app-env.json is a clean no-op (0.370649ms)
✔ reads the app env from a workspace (0.299943ms)
✔ an explicit process-env override wins over the file (0.354255ms)
✔ the template ships auth off (0.253062ms)
✔ vite loadEnv resolves the wrapped value (0.282467ms)
✔ the wrapped command runs with the app env applied (166.918877ms)
✔ the wrapped command sees an explicit override, not the file value (135.636862ms)
✔ the wrapper propagates the command's exit code (168.842154ms)
✔ a signal-killed command is never reported as success (147.693214ms)
✔ the CLI still runs when invoked through a symlinked path (218.974107ms)
✔ parseWriteAtomicArgs needs exactly a staged file and a target (2.180491ms)
✔ stagingError refuses a temp inside public/ and a no-op move (0.307234ms)
✔ handOver replaces the target and clears the staged file (1.105257ms)
✔ handOver creates a missing target directory (0.505082ms)
✔ an interrupted pass leaves the target on its old bytes, temp-free (1.131717ms)
✔ a failed hand-over creates no directory for the target it never wrote (0.411471ms)
✔ a staged file on another filesystem is refused, not copied (0.659636ms)
✔ cli: hands the file over, and refuses a temp staged in public/ (151.11581ms)
✔ cli: relative paths follow the script's root, not the caller's cwd (60.930199ms)
﹣ every hand-over the og skill prints is one this script accepts (3.475866ms) # External workspace OG documentation package is not installed in this checkout
✔ cli: a missing staged file fails without touching the target (68.098311ms)
ℹ tests 970
ℹ suites 0
ℹ pass 966
ℹ fail 0
ℹ cancelled 0
ℹ skipped 4
ℹ todo 0
ℹ duration_ms 20560.194348
▶ callTool failure memo
  ✔ replays an identical failure within the memo window without refetching (4.898001ms)
  ✔ keys by token identity so a reminted token shares the memo entry (0.905366ms)
  ✔ sweeps expired entries on write so unique keys do not accumulate (1.670941ms)
  ✔ never memoizes login-required 401s (0.959738ms)
✔ callTool failure memo (9.527667ms)
▶ callTool
  ✔ resolves ok:false for non-serializable args instead of rejecting (0.526865ms)
✔ callTool (0.770854ms)
▶ isLoginRequired
  ✔ is true only for login-required failures (0.931146ms)
✔ isLoginRequired (1.071326ms)
▶ redirectToLoginIfRequired
  ✔ no-ops when login is not required (2.86881ms)
  ✔ navigates to the server-built loginUrl in the browser (0.196066ms)
  ✔ opens a new tab instead of navigating when framed (0.234183ms)
  ✔ falls back to navigation when framed and the popup is blocked (0.21854ms)
  ✔ returns false when the result has no loginUrl (0.130608ms)
  ✔ returns false on the server (no window) (0.0731ms)
✔ redirectToLoginIfRequired (4.004113ms)
▶ classifyCallToolError
  ✔ returns null for successful results (0.289356ms)
  ✔ classifies login-required before message matching (0.113992ms)
  ✔ classifies not_connected and failed_precondition (0.123025ms)
  ✔ classifies scope_denied without claiming a missing grant (0.091238ms)
  ✔ classifies access_denied (0.057487ms)
  ✔ falls back to a generic error with the raw message (0.071148ms)
✔ classifyCallToolError (0.929603ms)
▶ verifyGateIdentityToken
  ✔ returns the identity for a valid token (18.136904ms)
  ✔ omits optional claims as nulls (2.819119ms)
  ✔ rejects a wrong audience (2.297417ms)
  ✔ rejects a wrong issuer (1.830583ms)
  ✔ rejects an expired token (2.025647ms)
  ✔ rejects a token without exp (1.634185ms)
  ✔ rejects a token signed by a different key with the same kid (1.546874ms)
  ✔ refetches the JWKS when the kid rotates (2.344568ms)
✔ verifyGateIdentityToken (34.760024ms)
▶ gateIdentityFromHeaders
  ✔ verifies the header token end to end and fails closed without it (2.974198ms)
  ✔ activates on a deployed-shaped request without GROK_GATE_ORIGIN (2.792124ms)
  ✔ verifies a preview-audience token with no gate env vars via the loopback default (7.229139ms)
  ✔ rejects a wrong-issuer token in the loopback default mode (1.752184ms)
  ✔ verifies a preview-audience token when only GROK_GATE_ORIGIN is set (2.156179ms)
  ✔ rejects a preview-audience token when GROK_PROJECT_ID is set (1.166831ms)
  ✔ rejects an app-audience token in preview mode (1.167091ms)
✔ gateIdentityFromHeaders (19.867637ms)
▶ gateIdentityEnabled
  ✔ is enabled by default with no gate env vars (0.09978ms)
  ✔ is disabled when VITE_AUTH_ENABLED is false (0.083736ms)
✔ gateIdentityEnabled (0.287854ms)
▶ gateTokenAudience
  ✔ pins app:<id> when GROK_PROJECT_ID is set, even alongside GROK_GATE_ORIGIN (0.109455ms)
  ✔ pins preview when GROK_PROJECT_ID is unset (0.093ms)
✔ gateTokenAudience (0.270168ms)
▶ gateIdentityUserInfo
  ✔ falls back to a synthetic email and name for sub-only claims (0.201454ms)
  ✔ keeps real claims, lowercasing the email and marking it verified (0.12619ms)
✔ gateIdentityUserInfo (0.400054ms)
▶ sessionBoundToGateIdentity
  ✔ keeps the session when it is bound to the same gate sub (0.142355ms)
  ✔ rotates when the session belongs to a different gate sub (0.058418ms)
  ✔ rotates when the session user has no gate-bound account (0.049785ms)
✔ sessionBoundToGateIdentity (0.434095ms)
▶ resolveSignInGateState
  ✔ is pending while the session check is in flight, user or not (0.659335ms)
  ✔ is signed_in once a user is present (0.175635ms)
  ✔ is signed_out only after the check resolved with no user (0.21238ms)
✔ resolveSignInGateState (2.398991ms)
▶ seasonal date-night availability
  ✔ keeps The Werehouse closed before its verified 2026 season starts (1.15976ms)
  ✔ allows The Werehouse during the conservative verified season window (0.318601ms)
  ✔ closes The Werehouse after the conservative verified window (0.123887ms)
  ✔ uses Myer's retained operator 2026 calendar (0.149406ms)
  ✔ fails closed for Open now when hours or the seasonal date are not confirmed (0.293373ms)
  ✔ requires different real venues for a Scare/Settle pair (0.234514ms)
✔ seasonal date-night availability (3.500202ms)
✔ global manual resolution preserves Joplin, Missouri, USA (8.426706ms)
✔ global manual resolution preserves Toronto, Ontario, Canada (0.860469ms)
✔ global manual resolution preserves Vancouver, British Columbia, Canada (4.663518ms)
✔ global manual resolution preserves Montréal, Québec, Canada (0.680016ms)
✔ global manual resolution preserves London, United Kingdom (0.570862ms)
✔ countries without regions and provider province/locality variants remain valid (0.180703ms)
✔ invalid coordinates and malformed geocoder hits cannot become active locations (0.243567ms)
✔ manual input preserves international addresses and postal codes without a U.S. parser (0.430179ms)
✔ no-result, provider errors and malformed payloads are distinct from valid places (1.664622ms)
✔ reverse lookup enriches metadata while preserving the original GPS coordinates (0.810473ms)
✔ all reverse failures retain a usable coordinate location; invalid input never fetches (1.194622ms)
✔ international business addresses retain province, postcode, country and full-address tags (0.262897ms)
✔ native geolocation is opt-in, bounded, and reports each failure accurately (0.597822ms)
✔ GPS commits before reverse resolves and preserves exact coordinates even if the label point differs (0.321826ms)
✔ reverse failure retains coordinates and reports success; GPS failure leaves the old location alone (0.570571ms)
✔ a newer manual choice wins over a delayed GPS callback (0.344009ms)
✔ manual editing and unmount invalidate stale reverse and manual completions (0.249146ms)
✔ manual no-result and invalid input retain active location and allow retry (0.244699ms)
✔ combined control suppresses repeated GPS calls through reverse enrichment (0.337098ms)
✔ cancelling a pending GPS request permits retry without reviving stale callbacks (0.333574ms)
ℹ tests 71
ℹ suites 13
ℹ pass 71
ℹ fail 0
ℹ cancelled 0
ℹ skipped 0
ℹ todo 0
ℹ duration_ms 319.454155
[test-runner] repository scripts: passed
[test-runner] application: passed
